player_id,direction,gap,in_primary,minutes_per_game_pre,minutes_per_game_post,d_minutes_per_game,fga_per_game_pre,fga_per_game_post,d_fga_per_game,fga_per_min_pre,fga_per_min_post,d_fga_per_min,usage_proxy_per_min_pre,usage_proxy_per_min_post,d_usage_proxy_per_min,points_per_game_pre,points_per_game_post,d_points_per_game,efg_pct_pre,efg_pct_post,d_efg_pct
11,EL_to_NBA,1,False,21.791,14.94,-6.851000000000001,7.9,5.43,-2.4700000000000006,0.36253499151025653,0.36345381526104414,0.0009188237507876118,0.47144845731418167,0.4431057563587684,-0.028342700955413247,10.0,6.25,-3.75,0.5,0.5014,0.0013999999999999568
11,EL_to_NBA,0,True,21.2529,14.94,-6.312900000000001,9.1,5.43,-3.67,0.42817686056961635,0.36345381526104414,-0.0647230453085722,0.5549728558782873,0.4431057563587684,-0.11186709951951884,12.0,6.25,-5.75,0.5548,0.5014,-0.0534
11,NBA_to_EL,0,True,14.94,,,5.43,,,0.36345381526104414,,,0.4431057563587684,,,6.25,,,0.5014,0.5304,0.029000000000000026
11,NBA_to_EL,0,False,2.0,17.0539,15.053899999999999,2.0,5.7,3.7,1.0,0.33423439799693916,-0.6657656020030609,1.0,0.4420494236899869,-0.5579505763100131,0.0,8.5,8.5,0.0,0.5848,0.5848
12,EL_to_NBA,1,False,24.3,14.35,-9.950000000000001,5.9,4.88,-1.0200000000000005,0.24279835390946503,0.3400696864111498,0.09727133250168479,0.37711934156378596,0.4410801393728223,0.06396079780903635,8.4,5.89,-2.5100000000000007,0.4958,0.5179,0.02210000000000001
12,NBA_to_EL,1,False,15.0,,,5.75,,,0.38333333333333336,,,0.48633333333333334,,,5.88,,,0.4783,0.4286,-0.04970000000000002
12,NBA_to_EL,0,False,14.36,,,5.05,,,0.3516713091922006,,,0.44245053924719663,,,5.82,,,0.4949,0.4286,-0.06630000000000003
19,EL_to_NBA,1,False,16.3439,2.17,-14.173900000000001,4.2,1.33,-2.87,0.2569766090100894,0.6129032258064516,0.3559266167963622,0.3328458935749729,0.7142857142857143,0.3814398207107414,4.5,1.0,-3.5,0.4194,0.25,-0.1694
19,EL_to_NBA,0,False,22.878,2.17,-20.708,9.1,1.33,-7.77,0.39776204213655036,0.6129032258064516,0.21514118366990126,0.5061631261473905,0.7142857142857143,0.20812258813832385,10.9,1.0,-9.9,0.4826,0.25,-0.23259999999999997
19,NBA_to_EL,0,False,2.17,16.6812,14.5112,1.33,6.0,4.67,0.6129032258064516,0.3596863534997482,-0.2532168723067034,0.7142857142857143,0.46309618013092585,-0.25118953415478845,1.0,8.0,7.0,0.25,0.5655,0.3155
23,NBA_to_EL,1,False,8.39,,,1.88,,,0.2240762812872467,,,0.2832737385776718,,,2.27,,,0.5403,0.4706,-0.06969999999999998
23,NBA_to_EL,0,False,6.98,,,1.96,,,0.2808022922636103,,,0.30945558739255014,,,1.82,,,0.4659,0.4706,0.0047000000000000375
59,NBA_to_EL,1,False,17.51,,,5.71,,,0.32609937178754994,,,0.4127053448449625,,,5.82,,,0.4519,0.5192,0.06729999999999997
59,NBA_to_EL,0,False,6.19,,,1.77,,,0.2859450726978998,,,0.3777884714536142,,,1.72,,,0.4277,0.5192,0.09149999999999997
64,EL_to_NBA,1,False,21.0569,6.83,-14.226899999999999,8.4,2.08,-6.32,0.3989191191485927,0.30453879941434847,-0.09438031973424421,0.5384616602317214,0.41337237676915567,-0.1250892834625657,12.0,2.0,-10.0,0.5572,0.44,-0.11720000000000003
64,EL_to_NBA,0,False,13.0947,6.83,-6.2646999999999995,3.6,2.08,-1.52,0.27492038763774657,0.30453879941434847,0.029618411776601905,0.38036762965169113,0.41337237676915567,0.03300474711746454,5.3,2.0,-3.3,0.5899,0.44,-0.14989999999999998
64,NBA_to_EL,0,False,6.83,17.1238,10.2938,2.08,5.6,3.5199999999999996,0.30453879941434847,0.32703021525595954,0.022491415841611073,0.41337237676915567,0.4205508456901255,0.007178468920969849,2.0,7.7,5.7,0.44,0.5677,0.12769999999999998
75,EL_to_NBA,1,False,18.7167,18.5,-0.21669999999999945,6.4,5.88,-0.5200000000000005,0.34194061987422997,0.3178378378378378,-0.024102782036392156,0.45627701464467557,0.4086918918918919,-0.04758512275278365,7.2,7.04,-0.16000000000000014,0.4107,0.5136,0.10289999999999994
75,EL_to_NBA,0,True,18.1457,18.5,0.3542999999999985,5.8,5.88,0.08000000000000007,0.3196349548377852,0.3178378378378378,-0.0017971169999473902,0.40365023829514746,0.4086918918918919,0.0050416535967444664,6.0,7.04,1.04,0.4365,0.5136,0.07709999999999995
75,NBA_to_EL,1,True,18.5,21.05,2.5500000000000007,5.88,5.8,-0.08000000000000007,0.3178378378378378,0.2755344418052256,-0.042303396032612184,0.4086918918918919,0.37261179386553755,-0.03608009802635437,7.04,8.0,0.96,0.5136,0.5037,-0.009899999999999909
75,NBA_to_EL,0,True,16.46,21.05,4.59,4.7,5.8,1.0999999999999996,0.28554070473876064,0.2755344418052256,-0.010006262933535015,0.38511832436498294,0.37261179386553755,-0.01250653049944539,5.65,8.0,2.3499999999999996,0.4527,0.5037,0.051000000000000045
85,EL_to_NBA,1,True,16.5718,11.0,-5.5718,4.5,3.57,-0.9300000000000002,0.2715456377701879,0.3245454545454545,0.052999816775266606,0.36152446391527243,0.4227272727272728,0.06120280881200035,6.7,3.93,-2.77,0.6615,0.4745,-0.187
85,EL_to_NBA,0,True,22.1106,11.0,-11.110600000000002,5.7,3.57,-2.1300000000000003,0.2577949038017964,0.3245454545454545,0.0667505507436581,0.3507618769077074,0.4227272727272728,0.0719653958195654,9.4,3.93,-5.470000000000001,0.6748,0.4745,-0.20029999999999998
85,NBA_to_EL,0,True,11.0,25.7738,14.773800000000001,3.57,9.3,5.73,0.3245454545454545,0.360831542108653,0.036286087563198455,0.4227272727272728,0.47501172286807314,0.052284450140800354,3.93,12.2,8.27,0.4745,0.5615,0.08700000000000002
92,EL_to_NBA,1,True,21.4988,16.4,-5.098800000000001,6.5,4.34,-2.16,0.3023424563231436,0.2646341463414634,-0.03770830998168018,0.40752876022591156,0.37138748274275196,-0.036141277483159595,8.2,4.47,-3.7299999999999995,0.5588,0.4565,-0.10229999999999995
92,EL_to_NBA,0,True,22.0685,16.4,-5.668500000000002,7.1,4.34,-2.76,0.32172553639803336,0.2646341463414634,-0.057091390056569935,0.433714505808214,0.37138748274275196,-0.06232702306546206,7.6,4.47,-3.13,0.4701,0.4565,-0.013600000000000001
92,NBA_to_EL,1,True,16.4,16.5764,0.176400000000001,4.34,4.8,0.45999999999999996,0.2646341463414634,0.28956830192321614,0.024934155581752715,0.37138748274275196,0.4148398762178719,0.04345239347511992,4.47,5.9,1.4300000000000006,0.4565,0.4821,0.025599999999999956
92,NBA_to_EL,0,False,10.3,16.5764,6.276399999999999,2.96,4.8,1.8399999999999999,0.287378640776699,0.28956830192321614,0.002189661146517141,0.3995356690586745,0.4148398762178719,0.015304207159197392,2.74,5.9,3.16,0.3971,0.4821,0.08499999999999996
101,NBA_to_EL,1,False,11.71,,,3.71,,,0.31682322801024765,,,0.470781993412224,,,5.29,,,0.4808,0.2647,-0.21610000000000001
101,NBA_to_EL,0,False,10.38,,,4.05,,,0.3901734104046242,,,0.4657345206478154,,,4.35,,,0.4467,0.2647,-0.182
101,EL_to_NBA,0,False,,12.33,,,4.81,,,0.3901054339010543,,,0.4817818629659668,,,5.93,,0.2647,0.5077,0.24300000000000005
102,EL_to_NBA,1,True,26.4625,17.37,-9.092499999999998,6.1,5.38,-0.7199999999999998,0.2305148795465281,0.3097294185377087,0.07921453899118058,0.30995643730646094,0.3848781423910957,0.07492170508463475,8.9,6.58,-2.3200000000000003,0.5799,0.5279,-0.051999999999999935
102,EL_to_NBA,0,True,25.9537,17.37,-8.5837,6.0,5.38,-0.6200000000000001,0.23118091062160692,0.3097294185377087,0.07854850791610177,0.2927863421742907,0.3848781423910957,0.09209180021680496,7.3,6.58,-0.7199999999999998,0.521,0.5279,0.006900000000000017
102,NBA_to_EL,1,True,17.37,25.0016,7.631599999999999,5.38,6.2,0.8200000000000003,0.3097294185377087,0.247984129015743,-0.0617452895219657,0.3848781423910957,0.33432860296940997,-0.05054953942168572,6.58,8.1,1.5199999999999996,0.5279,0.5025,-0.02540000000000009
102,NBA_to_EL,0,True,10.95,25.0016,14.0516,2.68,6.2,3.52,0.24474885844748862,0.247984129015743,0.0032352705682543725,0.2867579908675799,0.33432860296940997,0.047570612101830057,1.95,8.1,6.1499999999999995,0.3136,0.5025,0.18889999999999996
126,EL_to_NBA,1,True,23.6127,21.92,-1.6926999999999985,6.8,4.85,-1.9500000000000002,0.28798062059823737,0.2212591240875912,-0.06672149651064616,0.422952852639868,0.300456204379562,-0.12249664826030598,8.7,6.09,-2.6099999999999994,0.4784,0.5016,0.023200000000000054
126,EL_to_NBA,0,True,23.8952,21.92,-1.9751999999999974,7.1,4.85,-2.25,0.29713080451304025,0.2212591240875912,-0.07587168042544903,0.46644155670236226,0.300456204379562,-0.16598535232280026,9.9,6.09,-3.8100000000000005,0.49,0.5016,0.011600000000000055
126,EL_to_NBA,0,False,,18.22,,,4.55,,,0.24972557628979145,,,0.3352360043907794,,,5.11,,0.4684,0.4595,-0.008899999999999963
126,NBA_to_EL,0,False,18.22,,,4.55,,,0.24972557628979145,,,0.3352360043907794,,,5.11,,,0.4595,0.5319,0.07240000000000002
126,NBA_to_EL,0,False,6.5,25.2905,18.7905,1.62,8.2,6.579999999999999,0.24923076923076926,0.32423241928787483,0.07500165005710557,0.32461538461538464,0.47508491865068436,0.15046953403529972,1.25,11.5,10.25,0.3462,0.5314,0.18519999999999998
132,EL_to_NBA,1,True,19.8924,32.19,12.2976,5.6,16.47,10.87,0.28151454826969097,0.5116495806150979,0.23013503234540694,0.42066316784299534,0.7102792447620033,0.289616076919008,7.8,21.19,13.39,0.5332,0.4975,-0.03570000000000001
132,EL_to_NBA,0,True,25.947,32.19,6.2429999999999986,10.4,16.47,6.0699999999999985,0.40081705014067137,0.5116495806150979,0.11083253047442654,0.5901774129314885,0.7102792447620033,0.12010183183051482,16.0,21.19,5.190000000000001,0.5332,0.4975,-0.03570000000000001
134,NBA_to_EL,1,False,4.38,13.7907,9.410699999999999,0.62,4.1,3.4799999999999995,0.1415525114155251,0.29730180483949326,0.15574929342396815,0.30376168732333114,0.4114656978978587,0.10770401057452755,0.71,5.1,4.39,0.3846,0.4804,0.0958
134,NBA_to_EL,0,False,4.5,13.7907,9.2907,0.75,4.1,3.3499999999999996,0.16666666666666666,0.29730180483949326,0.1306351381728266,0.26,0.4114656978978587,0.1514656978978587,1.25,5.1,3.8499999999999996,0.6667,0.4804,-0.18629999999999997
138,EL_to_NBA,0,False,,5.92,,,1.62,,,0.2736486486486487,,,0.38963963963963966,,,1.08,,0.4286,0.2436,-0.18499999999999997
138,NBA_to_EL,0,False,5.92,,,1.62,,,0.2736486486486487,,,0.38963963963963966,,,1.08,,,0.2436,0.4865,0.24289999999999998
159,EL_to_NBA,1,True,30.2054,12.03,-18.175400000000003,13.2,3.03,-10.17,0.43700795222046385,0.2518703241895262,-0.18513762803093764,0.5977115895521603,0.3556663895816015,-0.2420451999705588,18.2,3.3,-14.899999999999999,0.5457,0.467,-0.07869999999999994
159,EL_to_NBA,0,True,31.2866,12.03,-19.2566,12.0,3.03,-8.97,0.38355078532023296,0.2518703241895262,-0.13168046113070675,0.5220208672248224,0.3556663895816015,-0.16635447764322092,16.0,3.3,-12.7,0.5365,0.467,-0.06949999999999995
159,NBA_to_EL,1,True,12.03,24.0954,12.065400000000002,3.03,9.4,6.370000000000001,0.2518703241895262,0.39011595574258984,0.13824563155306363,0.3556663895816015,0.541389642836392,0.1857232532547905,3.3,11.5,8.2,0.467,0.4973,0.030299999999999994
159,NBA_to_EL,0,True,21.22,24.0954,2.8754000000000026,7.58,9.4,1.8200000000000003,0.3572101790763431,0.39011595574258984,0.03290577666624672,0.47790344538695156,0.541389642836392,0.06348619744944045,7.47,11.5,4.03,0.4304,0.4973,0.06690000000000002
190,EL_to_NBA,1,False,,20.54,,,7.13,,,0.3471275559883155,,,0.43780621628722893,,,8.48,,0.5,0.5145,0.014499999999999957
190,EL_to_NBA,0,False,,20.54,,,7.13,,,0.3471275559883155,,,0.43780621628722893,,,8.48,,,0.5145,
203,EL_to_NBA,1,False,24.7515,18.91,-5.8415,5.5,3.82,-1.6800000000000002,0.222208755024948,0.2020095187731359,-0.020199236251812108,0.3304850211098317,0.2828448699750433,-0.04764015113478837,8.4,4.68,-3.7200000000000006,0.6,0.5367,-0.06330000000000002
203,EL_to_NBA,0,False,27.0289,18.91,-8.1189,7.4,3.82,-3.5800000000000005,0.27378102697483064,0.2020095187731359,-0.07177150820169476,0.39158086344616316,0.2828448699750433,-0.10873599347111984,10.1,4.68,-5.42,0.5818,0.5367,-0.04510000000000003
203,NBA_to_EL,1,False,11.78,21.8569,10.0769,2.24,7.4,5.16,0.1901528013582343,0.33856585334608297,0.14841305198784865,0.2637071806651353,0.459288402731182,0.19558122206604667,2.47,11.2,8.729999999999999,0.5,0.6326,0.13260000000000005
203,NBA_to_EL,0,False,14.24,21.8569,7.616899999999999,2.79,7.4,4.61,0.19592696629213482,0.33856585334608297,0.14263888705394814,0.27106741573033705,0.459288402731182,0.18822098700084494,3.15,11.2,8.049999999999999,0.5217,0.6326,0.1109
209,EL_to_NBA,1,False,16.0688,13.92,-2.1487999999999996,4.3,3.92,-0.3799999999999999,0.26759932291148064,0.28160919540229884,0.014009872490818198,0.3644484964651996,0.2938218390804598,-0.07062665738473983,6.4,2.83,-3.5700000000000003,0.5846,0.3617,-0.2229
209,EL_to_NBA,0,False,18.3899,13.92,-4.469900000000001,5.5,3.92,-1.58,0.2990772108603092,0.28160919540229884,-0.017468015458010355,0.35019222508007114,0.2938218390804598,-0.05637038599961136,7.1,2.83,-4.27,0.5609,0.3617,-0.19919999999999993
209,NBA_to_EL,0,False,13.92,16.9032,2.9831999999999983,3.92,3.5,-0.41999999999999993,0.28160919540229884,0.20706138482654174,-0.0745478105757571,0.2938218390804598,0.24903709413151415,-0.04478474494894563,2.83,4.6,1.7699999999999996,0.3617,0.6027,0.241
212,EL_to_NBA,1,True,23.4236,14.73,-8.6936,8.6,6.0,-2.5999999999999996,0.3671510783995628,0.40733197556008144,0.04018089716051865,0.45812917240554907,0.48352394380907615,0.025394771403527083,10.6,6.31,-4.29,0.5565,0.4696,-0.08689999999999998
212,EL_to_NBA,0,True,26.4581,14.73,-11.728100000000001,9.1,6.0,-3.0999999999999996,0.3439400410460312,0.40733197556008144,0.06339193451405023,0.43823398920094103,0.48352394380907615,0.04528995460813512,11.0,6.31,-4.69,0.5177,0.4696,-0.04810000000000003
217,EL_to_NBA,0,False,,4.89,,,1.21,,,0.2474437627811861,,,0.44182542245183515,,,1.58,,0.4839,0.4565,-0.02739999999999998
217,NBA_to_EL,1,False,4.89,21.5535,16.6635,1.21,7.7,6.49,0.2474437627811861,0.35725056255364557,0.10980679977245947,0.44182542245183515,0.49326868799344276,0.05144326554160761,1.58,9.5,7.92,0.4565,0.4208,-0.03570000000000001
217,NBA_to_EL,0,False,8.12,21.5535,13.4335,1.41,7.7,6.29,0.17364532019704434,0.35725056255364557,0.18360524235660122,0.27919443639524777,0.49326868799344276,0.214074251598195,1.47,9.5,8.03,0.4583,0.4208,-0.03749999999999998
222,NBA_to_EL,0,False,11.65,,,3.65,,,0.3133047210300429,,,0.3584250793058406,,,3.48,,,0.4524,0.5217,0.06930000000000003
257,NBA_to_EL,1,False,8.8,,,2.6,,,0.2954545454545454,,,0.47454545454545455,,,1.8,,,0.3077,0.3636,0.055900000000000005
257,NBA_to_EL,0,False,7.69,,,1.96,,,0.25487646293888166,,,0.3559618906079987,,,1.65,,,0.3021,0.3636,0.0615
260,NBA_to_EL,1,False,2.62,,,1.5,,,0.5725190839694656,,,0.9122137404580153,,,1.5,,,0.375,0.3415,-0.033499999999999974
260,EL_to_NBA,0,False,,17.0,,,4.88,,,0.28705882352941176,,,0.39243697478991596,,,5.32,,0.3415,0.4908,0.1493
264,NBA_to_EL,1,False,28.1,,,5.86,,,0.2085409252669039,,,0.3111424714688919,,,6.9,,,0.4794,0.7812,0.3018
264,NBA_to_EL,0,False,10.78,,,2.7,,,0.25046382189239336,,,0.3301201903686376,,,2.87,,,0.4597,0.7812,0.3215
277,EL_to_NBA,1,False,29.8121,5.81,-24.002100000000002,10.9,1.38,-9.52,0.36562335427561293,0.23752151462994836,-0.12810183964566457,0.48168361168787166,0.3970985984755348,-0.08458501321233686,12.9,1.86,-11.040000000000001,0.4583,0.4224,-0.03589999999999999
277,EL_to_NBA,0,False,30.8095,5.81,-24.9995,12.8,1.38,-11.420000000000002,0.4154562716045376,0.23752151462994836,-0.17793475697458921,0.6015769718523739,0.3970985984755348,-0.2044783733768391,17.7,1.86,-15.84,0.5335,0.4224,-0.11109999999999998
301,EL_to_NBA,0,False,30.0015,6.47,-23.5315,9.9,3.4,-6.5,0.32998350082495875,0.5255023183925811,0.19551881756762235,0.44864423445494395,0.6127769191138589,0.16413268465891495,13.5,2.67,-10.83,0.5599,0.3529,-0.20699999999999996
301,NBA_to_EL,0,False,6.47,30.7333,24.2633,3.4,14.0,10.6,0.5255023183925811,0.4555319474316133,-0.06997037096096781,0.6127769191138589,0.548243544732695,-0.06453337438116391,2.67,16.6,13.930000000000001,0.3529,0.519,0.16610000000000003
303,EL_to_NBA,1,True,24.4787,14.14,-10.3387,9.5,5.4,-4.1,0.3880925049124341,0.3818953323903819,-0.006197172522052152,0.47953526943832797,0.45671403875081384,-0.022821230687514127,12.8,5.83,-6.970000000000001,0.5649,0.4721,-0.09279999999999994
303,EL_to_NBA,0,True,21.0442,14.14,-6.9041999999999994,8.7,5.4,-3.299999999999999,0.41341557293696124,0.3818953323903819,-0.031520240546579315,0.5163046060816922,0.45671403875081384,-0.05959056733087831,11.1,5.83,-5.27,0.5603,0.4721,-0.0882
303,NBA_to_EL,1,True,14.14,25.6858,11.5458,5.4,10.0,4.6,0.3818953323903819,0.38932016912068146,0.007424836730299533,0.45671403875081384,0.5072841803642479,0.050570141613434094,5.83,11.7,5.869999999999999,0.4721,0.4627,-0.00940000000000002
303,NBA_to_EL,0,True,13.64,25.6858,12.0458,4.27,10.0,5.73,0.31304985337243396,0.38932016912068146,0.0762703157482475,0.3870967741935483,0.5072841803642479,0.12018740617069962,5.09,11.7,6.609999999999999,0.5213,0.4627,-0.058599999999999985
319,EL_to_NBA,1,False,28.5983,16.64,-11.958299999999998,13.2,6.23,-6.969999999999999,0.4615658972736142,0.3743990384615385,-0.0871668588120757,0.6082879052251359,0.46071314102564104,-0.14757476419949483,16.1,6.41,-9.690000000000001,0.5114,0.4411,-0.07029999999999997
319,NBA_to_EL,0,False,16.64,16.8438,0.2038000000000011,6.23,6.7,0.46999999999999975,0.3743990384615385,0.39777247414478917,0.023373435683250676,0.46071314102564104,0.5104252009641529,0.049712059938511854,6.41,7.9,1.4900000000000002,0.4411,0.4813,0.040200000000000014
330,EL_to_NBA,0,False,21.1762,7.32,-13.856200000000001,5.0,1.32,-3.6799999999999997,0.23611412812497046,0.18032786885245902,-0.055786259272511435,0.35929824182674075,0.2855191256830601,-0.07377911614368066,8.9,1.95,-6.95,0.7143,0.4828,-0.23150000000000004
330,NBA_to_EL,1,False,14.45,18.944,4.494,4.72,7.5,2.7800000000000002,0.32664359861591696,0.39590371621621623,0.06926011760029926,0.4080181362605894,0.4971042471042471,0.0890861108436577,4.97,9.4,4.430000000000001,0.4471,0.5476,0.10049999999999998
330,NBA_to_EL,0,False,13.35,18.944,5.593999999999999,2.15,7.5,5.35,0.16104868913857678,0.39590371621621623,0.23485502707763944,0.22546816479400747,0.4971042471042471,0.2716360823102396,1.85,9.4,7.550000000000001,0.3953,0.5476,0.1523
330,EL_to_NBA,0,False,18.944,5.14,-13.803999999999998,7.5,1.86,-5.64,0.39590371621621623,0.3618677042801557,-0.03403601193606054,0.4971042471042471,0.38632573652028906,-0.11077851058395805,9.4,0.71,-8.690000000000001,0.5476,0.1538,-0.3938
334,NBA_to_EL,0,False,7.5,35.295,27.795,2.33,13.7,11.37,0.3106666666666667,0.3881569627425981,0.07749029607593139,0.3968888888888889,0.5018274543136422,0.10493856542475327,1.67,20.3,18.630000000000003,0.2857,0.5876,0.3019
343,NBA_to_EL,1,False,5.0,26.7236,21.7236,1.86,8.9,7.04,0.372,0.3330389618165217,-0.03896103818347829,0.4831428571428572,0.4676266171723371,-0.015516239970520096,1.14,13.2,12.059999999999999,0.2308,0.5514,0.3206
343,NBA_to_EL,0,False,3.0,26.7236,23.7236,0.67,8.9,8.23,0.22333333333333336,0.3330389618165217,0.10970562848318835,0.22333333333333336,0.4676266171723371,0.24429328383900376,0.67,13.2,12.53,0.5,0.5514,0.0514
372,EL_to_NBA,1,False,32.9231,28.49,-4.4331,10.6,7.9,-2.6999999999999993,0.3219623911478567,0.27729027729027733,-0.044672113857579354,0.44345763309044417,0.3289659110554633,-0.11449172203498087,14.0,8.46,-5.539999999999999,0.471,0.482,0.01100000000000001
372,EL_to_NBA,0,False,35.1667,28.49,-6.6767,11.5,7.9,-3.5999999999999996,0.32701390804368907,0.27729027729027733,-0.04972363075341174,0.43538663312483433,0.3289659110554633,-0.10642072206937103,14.9,8.46,-6.4399999999999995,0.5169,0.482,-0.03490000000000004
372,NBA_to_EL,1,False,10.57,21.9175,11.3475,3.57,6.2,2.6300000000000003,0.3377483443708609,0.28287897798562794,-0.05486936638523293,0.35099337748344367,0.3615375841222767,0.010544206638833042,3.14,8.2,5.059999999999999,0.44,0.5325,0.09249999999999997
380,EL_to_NBA,1,False,,24.22,,,9.76,,,0.40297274979355907,,,0.5219164461821062,,,11.18,,0.2609,0.4812,0.2203
380,EL_to_NBA,0,False,34.2972,24.22,-10.077199999999998,15.7,9.76,-5.9399999999999995,0.4577633159558215,0.40297274979355907,-0.05479056616226241,0.5989475007354018,0.5219164461821062,-0.07703105455329562,22.9,11.18,-11.719999999999999,0.5833,0.4812,-0.10210000000000002
380,NBA_to_EL,1,False,19.48,,,6.25,,,0.3208418891170431,,,0.4069579560372976,,,7.79,,,0.5302,0.402,-0.12819999999999998
380,NBA_to_EL,0,False,12.68,,,4.64,,,0.3659305993690852,,,0.4424290220820189,,,4.32,,,0.4608,0.402,-0.05879999999999996
396,EL_to_NBA,1,False,28.6939,20.89,-7.803899999999999,8.2,6.76,-1.4399999999999995,0.2857750253538208,0.3235998085208233,0.037824783167002496,0.4293595502876918,0.4317855433221637,0.002425993034471885,10.4,7.42,-2.9800000000000004,0.4861,0.4608,-0.02529999999999999
396,EL_to_NBA,0,False,28.2008,20.89,-7.3108,10.5,6.76,-3.74,0.3723298629826104,0.3235998085208233,-0.048730054461787076,0.5019445581415455,0.4317855433221637,-0.0701590148193818,13.2,7.42,-5.779999999999999,0.525,0.4608,-0.06420000000000003
396,NBA_to_EL,1,False,29.19,25.8583,-3.3317000000000014,7.04,6.2,-0.8399999999999999,0.24117848578280232,0.23976827556335878,-0.0014102102194435417,0.3325202694986868,0.3307770941374078,-0.0017431753612789924,8.28,7.1,-1.1799999999999997,0.4735,0.4527,-0.020799999999999985
396,NBA_to_EL,0,False,11.42,25.8583,14.4383,2.74,6.2,3.46,0.23992994746059546,0.23976827556335878,-0.00016167189723667597,0.3502957406734296,0.3307770941374078,-0.01951864653602181,2.57,7.1,4.529999999999999,0.369,0.4527,0.0837
397,EL_to_NBA,1,False,29.7143,20.76,-8.9543,9.5,5.72,-3.7800000000000002,0.3197113847541419,0.2755298651252408,-0.0441815196289011,0.4785895134986313,0.3877777777777778,-0.09081173572085355,16.0,7.29,-8.71,0.5955,0.4965,-0.09900000000000003
397,EL_to_NBA,0,False,31.7083,20.76,-10.9483,10.2,5.72,-4.4799999999999995,0.32168233553990594,0.2755298651252408,-0.04615247041466514,0.48452087728870147,0.3877777777777778,-0.09674309951092369,15.7,7.29,-8.41,0.5453,0.4965,-0.04880000000000001
397,NBA_to_EL,1,False,20.76,23.4658,2.7058,5.72,8.2,2.4799999999999995,0.2755298651252408,0.34944472381082253,0.07391485868558173,0.3877777777777778,0.5191384909101756,0.13136071313239783,7.29,13.2,5.909999999999999,0.4965,0.5736,0.0771
397,NBA_to_EL,0,False,17.95,23.4658,5.515800000000002,5.97,8.2,2.2299999999999995,0.3325905292479109,0.34944472381082253,0.01685419456291165,0.4635699766618987,0.5191384909101756,0.05556851424827691,7.38,13.2,5.819999999999999,0.4842,0.5736,0.08939999999999998
428,EL_to_NBA,1,False,,19.74,,,6.3,,,0.3191489361702128,,,0.4583487780166555,,,6.98,,0.5,0.4555,-0.044499999999999984
447,NBA_to_EL,1,False,4.82,22.8211,18.0011,1.82,7.2,5.38,0.3775933609958506,0.3154975001205025,-0.06209586087534813,0.491701244813278,0.46535881267774115,-0.02634243213553683,1.45,9.3,7.8500000000000005,0.4,0.5324,0.13239999999999996
455,EL_to_NBA,1,False,8.62564,5.5,-3.1256400000000006,2.8,2.21,-0.5899999999999999,0.3246135938898447,0.4018181818181818,0.07720458792833712,0.5038645069993468,0.5371428571428571,0.03327835014351033,4.0,2.07,-1.9300000000000002,0.5,0.3871,-0.1129
455,EL_to_NBA,0,False,25.4389,5.5,-19.9389,9.4,2.21,-7.19,0.36951283270896146,0.4018181818181818,0.03230534910922034,0.48429767010366015,0.5371428571428571,0.052845187039196995,12.4,2.07,-10.33,0.5328,0.3871,-0.14570000000000005
455,NBA_to_EL,1,False,22.13,16.4111,-5.718899999999998,8.12,4.4,-3.719999999999999,0.36692272932670583,0.26811121740773014,-0.09881151191897569,0.46994426871516787,0.3801492079547786,-0.08979506076038929,9.84,6.7,-3.1399999999999997,0.4795,0.5615,0.08200000000000002
461,EL_to_NBA,1,False,27.3056,8.31,-18.995599999999996,9.3,1.58,-7.720000000000001,0.3405894761514122,0.1901323706377858,-0.15045710551362643,0.4738140812792167,0.27092129148055233,-0.20289278979866437,13.3,1.75,-11.55,0.631,0.4731,-0.15789999999999998
473,EL_to_NBA,1,False,,9.61,,,2.63,,,0.2736732570239334,,,0.4056998449744102,,,3.12,,0.5656,0.4457,-0.1199
473,EL_to_NBA,0,False,22.2222,9.61,-12.612200000000001,6.3,2.63,-3.67,0.2835002835002835,0.2736732570239334,-0.009827026476350087,0.4429004429004429,0.4056998449744102,-0.0372005979260327,7.8,3.12,-4.68,0.4649,0.4457,-0.019199999999999995
473,NBA_to_EL,1,False,11.98,24.25,12.27,4.05,7.1,3.05,0.3380634390651085,0.29278350515463913,-0.04527993391046936,0.4737352952595411,0.4088888888888889,-0.0648464063706522,5.05,9.3,4.250000000000001,0.4914,0.4921,0.0006999999999999784
473,NBA_to_EL,0,False,10.64,24.25,13.61,3.27,7.1,3.8299999999999996,0.3073308270676692,0.29278350515463913,-0.014547321913030042,0.42843716433942,0.4088888888888889,-0.01954827545053106,3.41,9.3,5.890000000000001,0.3962,0.4921,0.09589999999999999
503,NBA_to_EL,1,False,9.78,,,2.22,,,0.22699386503067487,,,0.4304703476482618,,,1.67,,,0.2,0.4651,0.2651
544,EL_to_NBA,1,False,16.8467,6.32,-10.526699999999998,4.8,2.03,-2.77,0.28492226964331296,0.32120253164556956,0.03628026200225659,0.35852718930116884,0.4564659596305165,0.09793877032934767,5.1,1.65,-3.4499999999999997,0.4375,0.26,-0.1775
544,EL_to_NBA,0,False,31.0642,6.32,-24.7442,11.7,2.03,-9.67,0.3766393469009342,0.32120253164556956,-0.055436815255364646,0.5240115631498637,0.4564659596305165,-0.06754560351934724,15.9,1.65,-14.25,0.4979,0.26,-0.2379
544,NBA_to_EL,1,False,20.49,23.23,2.740000000000002,5.82,6.2,0.3799999999999999,0.2840409956076135,0.2668962548428756,-0.017144740764737876,0.3903367496339678,0.43285406801549714,0.042517318381529334,7.55,8.5,0.9500000000000002,0.4781,0.5288,0.05070000000000002
544,NBA_to_EL,0,False,14.93,23.23,8.3,3.83,6.2,2.37,0.2565304755525787,0.2668962548428756,0.010365779290296917,0.3482920294708641,0.43285406801549714,0.08456203854463307,4.33,8.5,4.17,0.4189,0.5288,0.10990000000000005
559,NBA_to_EL,0,False,8.2,,,2.2,,,0.26829268292682934,,,0.4117073170731708,,,1.6,,,0.2727,0.4685,0.19580000000000003
565,EL_to_NBA,0,False,,6.52,,,2.48,,,0.3803680981595092,,,0.5184049079754602,,,2.75,,0.575,0.4725,-0.10249999999999998
565,NBA_to_EL,1,False,18.11,33.6122,15.502200000000002,6.64,12.8,6.160000000000001,0.36664826062948647,0.3808141091627445,0.01416584853325803,0.4916866065402785,0.49267825372930074,0.0009916471890222267,7.67,14.6,6.93,0.4393,0.4372,-0.0021000000000000463
565,NBA_to_EL,0,True,20.47,33.6122,13.142200000000003,5.61,12.8,7.19,0.2740595994137763,0.3808141091627445,0.10675450974896822,0.3699985817167531,0.49267825372930074,0.12267967201254765,6.94,14.6,7.659999999999999,0.4928,0.4372,-0.05560000000000004
565,EL_to_NBA,0,True,33.6122,22.01,-11.6022,12.8,5.21,-7.590000000000001,0.3808141091627445,0.2367105860972285,-0.144103523065516,0.49267825372930074,0.29577464788732394,-0.1969036058419768,14.6,6.1,-8.5,0.4372,0.484,0.04680000000000001
566,EL_to_NBA,1,False,,5.67,,,1.73,,,0.30511463844797176,,,0.42175191064079953,,,1.7,,0.3977,0.4231,0.025399999999999978
566,EL_to_NBA,0,False,20.1974,5.67,-14.527399999999998,6.4,1.73,-4.67,0.3168724687335994,0.30511463844797176,-0.011757830285627657,0.4209504819015267,0.42175191064079953,0.0008014287392728581,7.8,1.7,-6.1,0.5455,0.4231,-0.12240000000000001
566,NBA_to_EL,0,False,5.67,,,1.73,,,0.30511463844797176,,,0.42175191064079953,,,1.7,,,0.4231,0.3913,-0.031799999999999995
570,EL_to_NBA,1,False,,10.67,,,4.19,,,0.3926897844423618,,,0.48475922702726826,,,4.57,,0.5625,0.4886,-0.07390000000000002
570,EL_to_NBA,0,False,,10.67,,,4.19,,,0.3926897844423618,,,0.48475922702726826,,,4.57,,0.3333,0.4886,0.1553
573,EL_to_NBA,1,False,13.5455,16.02,2.474499999999999,3.7,3.57,-0.13000000000000034,0.27315344579380607,0.22284644194756553,-0.05030700384624054,0.3912738547857222,0.31740417071253524,-0.07386968407318695,4.1,4.93,0.8300000000000001,0.5,0.513,0.013000000000000012
573,EL_to_NBA,0,False,21.5417,16.02,-5.521699999999999,5.4,3.57,-1.8300000000000005,0.25067659469772585,0.22284644194756553,-0.02783015275016032,0.3780780738959527,0.31740417071253524,-0.06067390318341748,7.7,4.93,-2.7700000000000005,0.5515,0.513,-0.03849999999999998
592,NBA_to_EL,0,False,10.05,,,4.0,,,0.3980099502487562,,,0.5098507462686567,,,4.1,,,0.4313,0.4392,0.007899999999999963
592,EL_to_NBA,0,False,,5.1,,,1.8,,,0.35294117647058826,,,0.4094117647058824,,,1.2,,0.4392,0.3333,-0.1059
600,NBA_to_EL,1,False,11.56,24.1615,12.6015,2.81,6.3,3.4899999999999998,0.2430795847750865,0.260745400740848,0.0176658159657615,0.34385813148788924,0.40363005990140066,0.05977192841351142,2.31,8.0,5.6899999999999995,0.3556,0.4573,0.10169999999999996
650,EL_to_NBA,1,False,18.9692,11.67,-7.299200000000001,5.2,4.02,-1.1800000000000006,0.27412858739430235,0.3444730077120822,0.07034442031777988,0.39805417364829465,0.4795131420177325,0.08145896836943783,6.8,4.14,-2.66,0.4853,0.4264,-0.05890000000000001
650,EL_to_NBA,0,False,26.1538,11.67,-14.4838,9.8,4.02,-5.780000000000001,0.37470654359978284,0.3444730077120822,-0.030233535887700613,0.5248244555725686,0.4795131420177325,-0.04531131355483614,11.6,4.14,-7.46,0.457,0.4264,-0.030600000000000016
654,EL_to_NBA,1,False,,12.5,,,3.5,,,0.28,,,0.5056,,,5.5,,0.3333,0.3929,0.05960000000000004
662,EL_to_NBA,1,False,21.7583,25.26,3.501700000000003,5.3,4.12,-1.1799999999999997,0.24358520656485114,0.16310372129849565,-0.08048148526635548,0.3106860370525271,0.25013543359586615,-0.06055060345666097,6.6,4.5,-2.0999999999999996,0.5467,0.4569,-0.08979999999999999
662,EL_to_NBA,0,False,24.9167,25.26,0.3433000000000028,5.0,4.12,-0.8799999999999999,0.20066862786805637,0.16310372129849565,-0.03756490656956071,0.297926022841441,0.25013543359586615,-0.04779058924557483,5.8,4.5,-1.2999999999999998,0.4915,0.4569,-0.03460000000000002
667,NBA_to_EL,0,False,10.96,30.3386,19.3786,3.79,11.8,8.010000000000002,0.3458029197080292,0.3889434581688015,0.043140538460772315,0.5059306569343065,0.5733186175540835,0.06738796061977703,4.42,17.9,13.479999999999999,0.3901,0.5647,0.17459999999999998
702,NBA_to_EL,1,False,3.0,31.9393,28.9393,1.08,9.1,8.02,0.36000000000000004,0.28491544899230725,-0.07508455100769279,0.4677777777777778,0.4420885867880637,-0.025689190989714117,0.67,11.7,11.03,0.2692,0.5118,0.24260000000000004
702,NBA_to_EL,0,False,7.6,31.9393,24.3393,0.9,9.1,8.2,0.11842105263157895,0.28491544899230725,0.1664943963607283,0.19736842105263158,0.4420885867880637,0.2447201657354321,0.8,11.7,10.899999999999999,0.4444,0.5118,0.06740000000000002
708,EL_to_NBA,0,False,26.4225,10.86,-15.5625,9.0,3.57,-5.43,0.34061879080329266,0.3287292817679558,-0.011889509035336865,0.49616803860346304,0.4146277295448566,-0.08154030905860643,14.0,3.29,-10.71,0.5525,0.36,-0.1925
724,EL_to_NBA,1,False,,26.21,,,7.6,,,0.28996566196108353,,,0.4038916444105303,,,9.96,,0.4891,0.493,0.0039000000000000146
724,EL_to_NBA,0,False,,26.21,,,7.6,,,0.28996566196108353,,,0.4038916444105303,,,9.96,,0.6,0.493,-0.10699999999999998
724,NBA_to_EL,1,False,22.91,24.4909,1.5808999999999997,7.37,8.1,0.7299999999999995,0.32169358358795286,0.33073508935972135,0.009041505771768488,0.3816536102368536,0.47527857285767366,0.09362496262082004,8.41,14.2,5.789999999999999,0.5027,0.6292,0.12649999999999995
724,NBA_to_EL,0,False,21.66,24.4909,2.8308999999999997,6.49,8.1,1.6099999999999994,0.2996306555863343,0.33073508935972135,0.031104433773387063,0.36047425394393035,0.47527857285767366,0.11480431891374332,7.6,14.2,6.6,0.4984,0.6292,0.13079999999999997
763,EL_to_NBA,0,False,27.18,18.97,-8.21,9.0,5.88,-3.12,0.33112582781456956,0.30996309963099633,-0.02116272818357323,0.4604120676968359,0.40066186376149476,-0.05975020393534114,12.0,6.86,-5.14,0.4889,0.4704,-0.018500000000000016
767,EL_to_NBA,1,False,7.71538,11.19,3.47462,2.3,2.97,0.6700000000000004,0.2981058612796777,0.26541554959785524,-0.03269031168182246,0.4157529904803532,0.377228457611972,-0.0385245328683812,3.2,3.29,0.08999999999999986,0.5172,0.3886,-0.1286
767,EL_to_NBA,0,False,10.7143,11.19,0.4756999999999998,3.2,2.97,-0.22999999999999998,0.29866626844497546,0.26541554959785524,-0.03325071884712022,0.4578660561785918,0.377228457611972,-0.08063759856661978,4.4,3.29,-1.1100000000000003,0.4667,0.3886,-0.0781
767,NBA_to_EL,0,False,15.75,,,2.94,,,0.18666666666666668,,,0.30520393811533053,,,4.42,,,0.4612,0.3889,-0.07229999999999998
767,EL_to_NBA,0,False,,21.81,,,4.63,,,0.21228794131132508,,,0.3141466511480267,,,5.88,,0.3889,0.473,0.08409999999999995
775,NBA_to_EL,1,False,11.56,34.6092,23.0492,3.56,12.0,8.44,0.3079584775086505,0.3467286155126382,0.03877013800398771,0.3938148788927336,0.4591264750413185,0.0653115961485849,3.56,16.4,12.839999999999998,0.4298,0.5462,0.1164
775,EL_to_NBA,1,False,34.7396,33.38,-1.3596000000000004,10.8,9.41,-1.3900000000000006,0.31088440857119826,0.28190533253445177,-0.028979076036746487,0.4434420661147509,0.33949457061483784,-0.10394749549991306,18.0,12.37,-5.630000000000001,0.5837,0.5611,-0.022599999999999953
775,EL_to_NBA,0,False,35.49,33.38,-2.1099999999999994,10.8,9.41,-1.3900000000000006,0.3043110735418428,0.28190533253445177,-0.02240574100739101,0.4160721329952099,0.33949457061483784,-0.07657756238037206,14.8,12.37,-2.4300000000000015,0.5574,0.5611,0.0037000000000000366
779,EL_to_NBA,1,False,,14.47,,,4.76,,,0.32895646164478226,,,0.4200309676064839,,,4.84,,,0.4215,
779,EL_to_NBA,0,False,19.6154,14.47,-5.1454,8.3,4.76,-3.540000000000001,0.42313692302986433,0.32895646164478226,-0.09418046138508207,0.5172544962709833,0.4200309676064839,-0.0972235286644994,9.7,4.84,-4.859999999999999,0.5093,0.4215,-0.08779999999999999
779,NBA_to_EL,1,False,11.71,,,2.84,,,0.24252775405636207,,,0.28678242717525376,,,2.67,,,0.457,0.4383,-0.018699999999999994
779,NBA_to_EL,0,False,13.54,,,3.05,,,0.22525849335302806,,,0.2568458129757982,,,2.64,,,0.4286,0.4383,0.009700000000000042
791,EL_to_NBA,1,False,19.4619,14.08,-5.3819,5.9,4.36,-1.54,0.30315642357632094,0.30965909090909094,0.006502667332769996,0.4338146400329435,0.40714783447684394,-0.02666680555609957,6.6,5.26,-1.3399999999999999,0.4458,0.4913,0.04550000000000004
791,EL_to_NBA,0,False,26.2308,14.08,-12.150799999999998,8.1,4.36,-3.7399999999999993,0.3087972917333821,0.30965909090909094,0.0008617991757088328,0.39583531280315215,0.40714783447684394,0.011312521673691789,9.5,5.26,-4.24,0.4952,0.4913,-0.003899999999999959
800,NBA_to_EL,1,False,8.88,,,2.2,,,0.24774774774774774,,,0.3266891891891892,,,2.23,,,0.3977,0.2727,-0.125
805,NBA_to_EL,0,False,6.8,18.007,11.207,1.4,3.6,2.2,0.20588235294117646,0.19992225245737769,-0.005960100483798775,0.29411764705882354,0.32905332136917514,0.034935674310351605,0.0,4.6,4.6,0.0,0.5,0.5
805,EL_to_NBA,0,False,18.007,4.11,-13.897000000000002,3.6,0.56,-3.04,0.19992225245737769,0.1362530413625304,-0.06366921109484727,0.32905332136917514,0.1897810218978102,-0.13927229947136494,4.6,0.0,-4.6,0.5,0.0,-0.5
805,NBA_to_EL,1,False,4.11,,,0.56,,,0.1362530413625304,,,0.1897810218978102,,,0.0,,,0.0,0.5189,0.5189
827,NBA_to_EL,1,False,6.33,21.9731,15.643099999999999,1.89,6.2,4.3100000000000005,0.2985781990521327,0.2821631904465005,-0.016415008605632164,0.4258381604353168,0.4491350282340175,0.023296867798700716,2.06,9.0,6.9399999999999995,0.4706,0.6306,0.16000000000000003
827,NBA_to_EL,0,False,14.13,21.9731,7.843099999999998,3.38,6.2,2.8200000000000003,0.2392073602264685,0.2821631904465005,0.04295583022003202,0.33941967445152155,0.4491350282340175,0.10971535378249597,3.93,9.0,5.07,0.5269,0.6306,0.10370000000000001
828,NBA_to_EL,0,False,13.91,23.03,9.120000000000001,2.3,5.4,3.1000000000000005,0.1653486700215672,0.23447676943117673,0.06912809940960954,0.2528881681239864,0.4145896656534954,0.16170149752950902,2.4,9.3,6.9,0.3939,0.5802,0.18630000000000008
835,NBA_to_EL,1,False,3.57,35.1196,31.549599999999998,1.43,12.2,10.77,0.4005602240896359,0.34738436656453947,-0.053175857525096404,0.43977591036414565,0.5257999052648998,0.08602399490075419,0.57,17.6,17.03,0.2,0.5483,0.3483
843,NBA_to_EL,1,False,5.0,,,2.12,,,0.42400000000000004,,,0.546,,,1.62,,,0.3529,0.5128,0.15990000000000004
872,NBA_to_EL,0,False,6.0,,,3.0,,,0.5,,,0.7399999999999999,,,5.0,,,0.6667,0.5,-0.16669999999999996
877,NBA_to_EL,1,False,4.67,,,1.67,,,0.3576017130620985,,,0.5010706638115632,,,0.0,,,0.0,0.4545,0.4545
884,NBA_to_EL,0,False,5.43,,,0.87,,,0.16022099447513813,,,0.31908079109616466,,,1.13,,,0.4,0.4,0.0
892,NBA_to_EL,0,False,4.3,32.2353,27.9353,1.9,13.3,11.4,0.4418604651162791,0.4125911655855537,-0.02926929953072538,0.5293023255813954,0.5518612131640122,0.022558887582616705,2.1,15.1,13.0,0.4737,0.458,-0.015699999999999992
892,EL_to_NBA,1,False,32.2353,18.98,-13.255300000000002,13.3,5.74,-7.5600000000000005,0.4125911655855537,0.30242360379346683,-0.11016756179208687,0.5518612131640122,0.3576396206533193,-0.19422159251069288,15.1,6.4,-8.7,0.458,0.4786,0.020600000000000007
892,EL_to_NBA,0,False,31.775,18.98,-12.794999999999998,12.2,5.74,-6.459999999999999,0.3839496459480724,0.30242360379346683,-0.08152604215460557,0.4883084185680566,0.3576396206533193,-0.13066879791473734,17.4,6.4,-10.999999999999998,0.5943,0.4786,-0.11570000000000003
893,NBA_to_EL,1,False,6.27,32.8235,26.553500000000003,2.52,11.6,9.08,0.40191387559808617,0.35340533459259366,-0.04850854100549251,0.5039872408293461,0.4593910926443482,-0.04459614818499791,2.61,13.9,11.290000000000001,0.4458,0.5152,0.06940000000000002
893,NBA_to_EL,0,False,9.92,32.8235,22.9035,3.76,11.6,7.84,0.3790322580645161,0.35340533459259366,-0.02562692347192247,0.46338709677419354,0.4593910926443482,-0.003996004129845354,2.92,13.9,10.98,0.3191,0.5152,0.1961
893,EL_to_NBA,0,False,32.8235,9.56,-23.2635,11.6,3.11,-8.49,0.35340533459259366,0.3253138075313807,-0.02809152706121293,0.4593910926443482,0.3777312877731287,-0.08165980487121949,13.9,2.89,-11.01,0.5152,0.3571,-0.15810000000000002
914,NBA_to_EL,1,False,12.19,20.9375,8.7475,5.13,8.4,3.2700000000000005,0.42083675143560295,0.40119402985074626,-0.019642721584856693,0.49396959488942804,0.46423880597014927,-0.029730788919278772,5.28,9.2,3.919999999999999,0.4647,0.5222,0.057499999999999996
914,NBA_to_EL,0,False,28.1,20.9375,-7.162500000000001,9.41,8.4,-1.0099999999999998,0.33487544483985765,0.40119402985074626,0.06631858501088861,0.3903462689939558,0.46423880597014927,0.07389253697619347,9.38,9.2,-0.1800000000000015,0.4494,0.5222,0.07279999999999998
914,EL_to_NBA,0,False,20.9375,6.45,-14.4875,8.4,2.55,-5.8500000000000005,0.40119402985074626,0.3953488372093023,-0.0058451926414439526,0.46423880597014927,0.4418604651162791,-0.022378340853870193,9.2,1.86,-7.339999999999999,0.5222,0.3393,-0.1829
914,NBA_to_EL,1,False,20.48,,,7.64,,,0.373046875,,,0.415008544921875,,,6.95,,,0.4172,0.38,-0.03720000000000001
916,EL_to_NBA,1,False,21.5789,23.23,1.6510999999999996,4.3,4.88,0.5800000000000001,0.19926873010209045,0.21007318123116658,0.010804451129076131,0.32102509493313514,0.30531640120533793,-0.015708693727797207,7.2,5.45,-1.75,0.5602,0.4343,-0.1259
916,EL_to_NBA,0,False,26.75,23.23,-3.5199999999999996,7.7,4.88,-2.8200000000000003,0.28785046728971964,0.21007318123116658,-0.07777728605855305,0.38803738317757014,0.30531640120533793,-0.08272098197223221,11.6,5.45,-6.1499999999999995,0.5893,0.4343,-0.15500000000000003
921,NBA_to_EL,1,False,8.24,32.9231,24.683099999999996,1.71,10.8,9.09,0.20752427184466019,0.32803715324498606,0.12051288140032587,0.29811536264991434,0.484298725958837,0.18618336330892266,2.47,16.9,14.429999999999998,0.5172,0.5393,0.02210000000000001
927,NBA_to_EL,1,False,22.57,,,9.91,,,0.43907842268498004,,,0.5704774335700343,,,11.38,,,0.4679,0.5918,0.12390000000000001
927,NBA_to_EL,0,False,15.0,,,5.43,,,0.362,,,0.4968888888888889,,,6.39,,,0.4488,0.5918,0.14300000000000002
940,NBA_to_EL,1,False,17.17,28.619,11.448999999999998,4.82,10.7,5.879999999999999,0.2807221898660454,0.3738774939725357,0.09315530410649031,0.35727789973567486,0.4614982720437139,0.10422037230803904,5.98,14.8,8.82,0.5128,0.6451,0.13229999999999997
940,NBA_to_EL,0,False,10.84,28.619,17.779,4.0,10.7,6.699999999999999,0.36900369003690037,0.3738774939725357,0.004873803935635357,0.49538745387453875,0.4614982720437139,-0.033889181830824844,4.75,14.8,10.05,0.4744,0.6451,0.17070000000000002
943,NBA_to_EL,1,False,11.49,22.5,11.01,3.51,9.6,6.09,0.3054830287206266,0.42666666666666664,0.12118363794604003,0.3711053089643168,0.5154666666666666,0.1443613577023498,3.54,11.2,7.659999999999999,0.4431,0.4763,0.03320000000000001
943,NBA_to_EL,0,False,13.56,22.5,8.94,3.97,9.6,5.629999999999999,0.29277286135693215,0.42666666666666664,0.1338938053097345,0.3764339560799737,0.5154666666666666,0.13903271058669292,4.0,11.2,7.199999999999999,0.458,0.4763,0.018299999999999983
943,EL_to_NBA,0,False,22.5,4.57,-17.93,9.6,1.43,-8.17,0.42666666666666664,0.31291028446389496,-0.11375638220277168,0.5154666666666666,0.35886214442013126,-0.15660452224653537,11.2,1.14,-10.059999999999999,0.4763,0.4,-0.07629999999999998
943,NBA_to_EL,1,False,4.57,27.6957,23.1257,1.43,9.2,7.77,0.31291028446389496,0.33218152998479905,0.01927124552090409,0.35886214442013126,0.40919866543401573,0.05033652101388447,1.14,11.0,9.86,0.4,0.5,0.09999999999999998
948,NBA_to_EL,1,False,13.55,,,3.79,,,0.27970479704797047,,,0.3876358489612293,,,4.37,,,0.444,0.5942,0.15019999999999994
948,NBA_to_EL,0,False,16.68,,,4.68,,,0.2805755395683453,,,0.35598350587822425,,,4.83,,,0.4414,0.5942,0.15279999999999994
951,EL_to_NBA,1,False,,9.13,,,3.22,,,0.35268346111719606,,,0.45283108719462833,,,3.0,,0.4257,0.3851,-0.040600000000000025
955,EL_to_NBA,1,False,26.2692,5.43,-20.8392,7.3,1.43,-5.87,0.27789197996132353,0.26335174953959484,-0.014540230421728695,0.4173357743318,0.35858984477769007,-0.058745929554109955,10.4,1.43,-8.97,0.5053,0.3,-0.20529999999999998
955,EL_to_NBA,0,False,26.3375,5.43,-20.9075,7.8,1.43,-6.37,0.29615567157095396,0.26335174953959484,-0.03280392203135912,0.4430944470811581,0.35858984477769007,-0.08450460230346801,10.8,1.43,-9.370000000000001,0.5,0.3,-0.2
964,EL_to_NBA,0,False,21.625,13.38,-8.245,10.2,3.74,-6.459999999999999,0.47167630057803467,0.2795216741405082,-0.19215462643752645,0.6031085420680796,0.363259413968917,-0.23984912809916265,12.8,4.62,-8.18,0.4918,0.4872,-0.004599999999999993
964,NBA_to_EL,1,False,18.8,,,6.51,,,0.34627659574468084,,,0.4268156028368794,,,7.24,,,0.4949,0.4545,-0.04039999999999999
964,NBA_to_EL,0,False,7.1,,,1.5,,,0.21126760563380284,,,0.2923943661971831,,,1.6,,,0.4667,0.4545,-0.012199999999999989
984,NBA_to_EL,0,False,15.71,,,4.61,,,0.2934436664544876,,,0.43948349549877236,,,5.18,,,0.4031,0.4571,0.05399999999999999
984,NBA_to_EL,0,False,8.38,30.6094,22.2294,2.0,12.5,10.5,0.2386634844868735,0.40837128463805233,0.16970780015117884,0.32476592619790706,0.6086365626245532,0.2838706364266462,1.88,17.3,15.420000000000002,0.4231,0.5101,0.08700000000000002
985,NBA_to_EL,1,False,4.86,,,2.0,,,0.4115226337448559,,,0.5358612580834803,,,1.43,,,0.2143,0.3571,0.14279999999999998
985,NBA_to_EL,0,False,13.67,,,2.76,,,0.20190197512801755,,,0.2734162399414777,,,2.59,,,0.3406,0.3571,0.01649999999999996
988,NBA_to_EL,0,False,5.31,,,2.15,,,0.4048964218455744,,,0.4771838331160365,,,1.23,,,0.2857,0.8,0.5143
988,EL_to_NBA,0,False,,3.48,,,1.76,,,0.5057471264367817,,,0.6011220580186097,,,1.19,,0.8,0.3108,-0.4892
1001,EL_to_NBA,0,False,,12.56,,,3.06,,,0.24363057324840764,,,0.3646496815286624,,,3.06,,0.5109,0.4082,-0.10270000000000001
1002,EL_to_NBA,0,False,33.75,6.93,-26.82,13.7,3.0,-10.7,0.4059259259259259,0.4329004329004329,0.026974506974506984,0.568395061728395,0.5557479557479559,-0.012647105980439166,20.1,2.8,-17.3,0.5732,0.3333,-0.23990000000000006
1002,NBA_to_EL,1,False,6.93,27.625,20.695,3.0,11.6,8.6,0.4329004329004329,0.41990950226244345,-0.01299093063798945,0.5557479557479559,0.5727731092436975,0.01702515349574163,2.8,14.5,11.7,0.3333,0.4907,0.15740000000000004
1014,NBA_to_EL,1,False,12.7,21.775,9.075,3.56,5.2,1.6400000000000001,0.2803149606299213,0.23880597014925375,-0.04150899048066753,0.40125984251968505,0.35269804822043627,-0.048561794299248784,3.7,7.0,3.3,0.4045,0.5728,0.16829999999999995
1014,NBA_to_EL,0,False,7.6,21.775,14.174999999999999,2.6,5.2,2.6,0.34210526315789475,0.23880597014925375,-0.10329929300864099,0.4310526315789474,0.35269804822043627,-0.07835458335851114,1.9,7.0,5.1,0.3077,0.5728,0.2651
1017,EL_to_NBA,1,False,,25.06,,,9.62,,,0.38387869114126094,,,0.4880778439437657,,,11.55,,0.5833,0.5072,-0.07610000000000006
1017,EL_to_NBA,0,False,21.1806,25.06,3.8794000000000004,7.2,9.62,2.419999999999999,0.33993371292597946,0.38387869114126094,0.04394497821528148,0.483566198418469,0.4880778439437657,0.004511645525296704,10.9,11.55,0.6500000000000004,0.5962,0.5072,-0.08899999999999997
1017,NBA_to_EL,1,False,27.07,,,12.45,,,0.45991872922053934,,,0.573455791498414,,,14.83,,,0.4751,0.4907,0.015600000000000003
1017,NBA_to_EL,0,False,13.78,,,6.07,,,0.4404934687953556,,,0.5214236133022024,,,6.61,,,0.4606,0.4907,0.030100000000000016
1018,NBA_to_EL,0,False,6.62,23.8333,17.2133,1.56,8.0,6.4399999999999995,0.23564954682779457,0.33566480512560154,0.10001525829780697,0.3429003021148036,0.5117689475289975,0.16886864541419389,2.5,12.3,9.8,0.6,0.625,0.025000000000000022
1018,EL_to_NBA,1,False,23.6146,8.62,-14.9946,8.1,1.62,-6.4799999999999995,0.34300813903263233,0.18793503480278426,-0.15507310422984807,0.5071015388784904,0.3178654292343388,-0.1892361096441516,14.6,2.94,-11.66,0.6821,0.6645,-0.01760000000000006
1018,EL_to_NBA,0,False,24.31,8.62,-15.69,7.7,1.62,-6.08,0.31674208144796384,0.18793503480278426,-0.12880704664517958,0.4861538461538462,0.3178654292343388,-0.1682884169195074,12.8,2.94,-9.860000000000001,0.6425,0.6645,0.02200000000000002
1040,NBA_to_EL,0,False,10.54,30.7807,20.2407,3.44,10.9,7.460000000000001,0.3263757115749526,0.3541180025145627,0.027742290939610115,0.4007034757254594,0.5073240528540356,0.1066205771285762,4.07,16.3,12.23,0.4965,0.5243,0.02779999999999999
1042,EL_to_NBA,1,False,,19.5,,,6.88,,,0.3528205128205128,,,0.41209401709401716,,,9.21,,0.6167,0.6076,-0.009099999999999997
1042,EL_to_NBA,0,False,18.25,19.5,1.25,6.0,6.88,0.8799999999999999,0.3287671232876712,0.3528205128205128,0.024053389532841585,0.36675799086757993,0.41209401709401716,0.04533602622643723,7.3,9.21,1.910000000000001,0.5667,0.6076,0.04090000000000005
1042,NBA_to_EL,1,False,10.24,14.8431,4.6030999999999995,3.82,3.9,0.08000000000000007,0.373046875,0.2627483477171211,-0.11029852728287892,0.4217601102941177,0.33461114367394057,-0.08714896662017713,4.0,4.8,0.7999999999999998,0.4538,0.5435,0.0897
1042,NBA_to_EL,0,False,10.68,14.8431,4.1631,3.51,3.9,0.3900000000000001,0.3286516853932584,0.2627483477171211,-0.06590333767613732,0.37326223576461626,0.33461114367394057,-0.03865109209067569,3.8,4.8,1.0,0.4952,0.5435,0.04830000000000001
1062,EL_to_NBA,1,False,30.55,7.11,-23.44,12.0,2.16,-9.84,0.39279869067103107,0.3037974683544304,-0.08900122231660068,0.5526677577741408,0.4117255163224517,-0.1409422414516891,19.4,2.32,-17.08,0.5744,0.378,-0.19640000000000002
1062,EL_to_NBA,0,False,30.7386,7.11,-23.628600000000002,11.1,2.16,-8.94,0.36110948449181157,0.3037974683544304,-0.05731201613738118,0.5127104032063918,0.4117255163224517,-0.10098488688394014,17.9,2.32,-15.579999999999998,0.584,0.378,-0.20599999999999996
1062,NBA_to_EL,0,False,7.11,,,2.16,,,0.3037974683544304,,,0.4117255163224517,,,2.32,,,0.378,0.5,0.122
1077,EL_to_NBA,1,False,,18.85,,,4.41,,,0.2339522546419098,,,0.3063816508035575,,,5.19,,0.4375,0.51,0.07250000000000001
1077,EL_to_NBA,0,False,,18.85,,,4.41,,,0.2339522546419098,,,0.3063816508035575,,,5.19,,0.4681,0.51,0.04189999999999999
1086,NBA_to_EL,0,False,15.5,28.25,12.75,4.63,10.6,5.97,0.29870967741935484,0.3752212389380531,0.07651156151869826,0.42033085194375513,0.5342772861356933,0.11394643419193812,6.1,16.7,10.6,0.4806,0.5995,0.1189
1093,EL_to_NBA,1,False,,3.6,,,1.3,,,0.3611111111111111,,,0.5655555555555556,,,1.9,,0.5526,0.5577,0.005099999999999993
1093,EL_to_NBA,0,False,12.2,3.6,-8.6,3.2,1.3,-1.9000000000000001,0.26229508196721313,0.3611111111111111,0.09881602914389798,0.3873770491803279,0.5655555555555556,0.1781785063752277,4.9,1.9,-3.0000000000000004,0.627,0.5577,-0.06930000000000003
1096,EL_to_NBA,1,False,24.7059,12.3,-12.405899999999999,8.2,3.18,-5.02,0.3319045248301013,0.25853658536585367,-0.07336793946424763,0.5143329659526433,0.38509485094850954,-0.1292381150041338,14.0,4.63,-9.370000000000001,0.6547,0.5288,-0.1258999999999999
1096,EL_to_NBA,0,False,26.6646,12.3,-14.3646,8.9,3.18,-5.720000000000001,0.3337758676297413,0.25853658536585367,-0.07523928226388765,0.4770369703652033,0.38509485094850954,-0.09194211941669378,13.0,4.63,-8.370000000000001,0.5352,0.5288,-0.006399999999999961
1116,NBA_to_EL,0,False,10.43,,,3.5,,,0.33557046979865773,,,0.4354198055060951,,,4.29,,,0.5612,0.6786,0.11739999999999995
1116,EL_to_NBA,0,False,,12.22,,,3.13,,,0.2561374795417348,,,0.3325268625916174,,,3.57,,0.6786,0.4583,-0.2203
1124,NBA_to_EL,0,False,5.67,,,3.0,,,0.5291005291005291,,,0.744268077601411,,,1.83,,,0.2222,0.3235,0.1013
1130,NBA_to_EL,1,False,6.0,19.4342,13.4342,1.67,5.4,3.7300000000000004,0.2783333333333333,0.27786067859752395,-0.00047265473580937467,0.48500000000000004,0.4785378353624024,-0.006462164637597634,1.58,10.1,8.52,0.3,0.6117,0.31170000000000003
1130,NBA_to_EL,0,False,6.0,19.4342,13.4342,1.0,5.4,4.4,0.16666666666666666,0.27786067859752395,0.11119401193085729,0.48,0.4785378353624024,-0.0014621646375975739,1.0,10.1,9.1,0.0,0.6117,0.6117
1131,NBA_to_EL,1,False,6.23,,,2.29,,,0.36757624398073835,,,0.46031170714026826,,,1.97,,,0.3803,0.6979,0.31759999999999994
1131,NBA_to_EL,0,False,5.0,,,1.71,,,0.34199999999999997,,,0.41257142857142853,,,1.14,,,0.3333,0.6979,0.3646
1133,NBA_to_EL,1,False,6.36,,,1.55,,,0.24371069182389937,,,0.2971698113207547,,,1.0,,,0.2353,,
1133,NBA_to_EL,0,False,10.85,,,1.98,,,0.1824884792626728,,,0.23975630711551982,,,1.92,,,0.4017,,
1139,NBA_to_EL,0,False,26.67,23.7857,-2.884300000000003,9.53,8.0,-1.5299999999999994,0.35733033370828643,0.3363365383402633,-0.02099379536802315,0.4565429321334833,0.4566969709891717,0.000154038855688432,10.11,8.6,-1.5099999999999998,0.4256,0.433,0.007400000000000018
1140,EL_to_NBA,1,False,19.1153,14.35,-4.765300000000002,4.9,2.62,-2.2800000000000002,0.25633916286953384,0.18257839721254357,-0.07376076565699027,0.38485750507010963,0.28725868725868725,-0.09759881781142238,6.6,4.05,-2.55,0.4915,0.5979,0.1064
1140,EL_to_NBA,0,False,,14.35,,,2.62,,,0.18257839721254357,,,0.28725868725868725,,,4.05,,0.4762,0.5979,0.12169999999999997
1140,NBA_to_EL,1,False,14.35,22.7603,8.410300000000001,2.62,6.1,3.4799999999999995,0.18257839721254357,0.26801052710201534,0.08543212988947177,0.28725868725868725,0.4246959353150759,0.13743724805638863,4.05,9.2,5.1499999999999995,0.5979,0.5674,-0.03049999999999997
1140,NBA_to_EL,0,False,11.89,22.7603,10.8703,2.64,6.1,3.4599999999999995,0.2220353238015139,0.26801052710201534,0.04597520330050145,0.32416196083143095,0.4246959353150759,0.10053397448364493,3.54,9.2,5.659999999999999,0.527,0.5674,0.04039999999999999
1144,EL_to_NBA,0,False,8.71667,1.5,-7.216670000000001,1.6,0.17,-1.4300000000000002,0.18355633516010128,0.11333333333333334,-0.07022300182676794,0.32917769438711497,0.11333333333333334,-0.21584436105378163,1.5,0.0,-1.5,0.3696,0.0,-0.3696
1155,NBA_to_EL,1,False,12.63,17.1053,4.475299999999999,4.77,5.5,0.7300000000000004,0.3776722090261282,0.32153776899557446,-0.056134440030553734,0.4704364927336346,0.4606143925228469,-0.009822100210787665,4.31,6.5,2.1900000000000004,0.3834,0.5096,0.12620000000000003
1155,EL_to_NBA,0,False,17.1053,8.24,-8.8653,5.5,3.02,-2.48,0.32153776899557446,0.36650485436893204,0.044967085373357585,0.4606143925228469,0.4890776699029126,0.02846327738006571,6.5,3.36,-3.14,0.5096,0.5039,-0.005700000000000038
1155,NBA_to_EL,1,False,7.13,23.9,16.77,2.83,8.6,5.77,0.39691444600280507,0.3598326359832636,-0.03708181001954147,0.4738703579486554,0.5002510460251046,0.02638068807644922,2.61,10.7,8.09,0.4,0.5192,0.11919999999999997
1176,EL_to_NBA,1,False,24.2763,17.7,-6.5763,4.7,3.77,-0.9300000000000002,0.19360446196496173,0.2129943502824859,0.019389888317524168,0.2720435373724905,0.28166263115415663,0.009619093781666144,8.2,4.59,-3.6099999999999994,0.6461,0.483,-0.16310000000000002
1176,EL_to_NBA,0,False,23.1591,17.7,-5.459099999999999,6.2,3.77,-2.43,0.26771333946483244,0.2129943502824859,-0.05471898918234655,0.34889093272191063,0.28166263115415663,-0.067228301567754,7.9,4.59,-3.3100000000000005,0.5296,0.483,-0.046599999999999975
1179,NBA_to_EL,0,False,12.39,17.4524,5.0624,3.17,5.7,2.5300000000000002,0.25585149313962874,0.32660264490843666,0.07075115176880792,0.3091005728459222,0.3907226294978123,0.0816220566518901,3.0,7.0,4.0,0.3885,0.5504,0.1619
1181,EL_to_NBA,1,False,,14.74,,,5.5,,,0.3731343283582089,,,0.4656264133876074,,,6.09,,0.3,0.4573,0.1573
1181,NBA_to_EL,0,False,14.74,18.0553,3.315299999999999,5.5,6.3,0.7999999999999998,0.3731343283582089,0.3489280155965285,-0.02420631276168045,0.4656264133876074,0.42203674267389635,-0.04358967071371106,6.09,6.1,0.009999999999999787,0.4573,0.4286,-0.028700000000000003
1181,EL_to_NBA,1,False,18.0553,23.43,5.374700000000001,6.3,9.0,2.7,0.3489280155965285,0.38412291933418696,0.03519490373765849,0.42203674267389635,0.4583129152769216,0.036276172603025236,6.1,10.37,4.27,0.4286,0.4986,0.07
1181,EL_to_NBA,0,False,20.8136,23.43,2.6163999999999987,8.5,9.0,0.5,0.4083868239996925,0.38412291933418696,-0.024263904665505542,0.502556021063151,0.4583129152769216,-0.04424310578622942,10.5,10.37,-0.13000000000000078,0.5403,0.4986,-0.041700000000000015
1181,NBA_to_EL,0,False,25.08,,,8.45,,,0.3369218500797448,,,0.409197235513025,,,9.52,,,0.4714,0.5357,0.06429999999999997
1181,EL_to_NBA,0,False,,27.56,,,11.0,,,0.3991291727140784,,,0.4708382209674533,,,13.18,,0.5357,0.5212,-0.014499999999999957
1194,EL_to_NBA,0,False,,5.29,,,1.25,,,0.23629489603024575,,,0.3182104599873976,,,1.12,,,0.3333,
1221,NBA_to_EL,1,False,8.17,,,3.17,,,0.3880048959608323,,,0.5263157894736842,,,3.58,,,0.3947,0.4844,0.0897
1234,NBA_to_EL,1,False,4.33,34.5125,30.182500000000005,1.33,16.4,15.069999999999999,0.3071593533487298,0.4751901484969213,0.16803079514819153,0.518860662047729,0.5832089822528069,0.06434832020507797,1.67,20.6,18.93,0.25,0.5427,0.29269999999999996
1234,EL_to_NBA,0,False,34.5125,9.9,-24.612500000000004,16.4,3.38,-13.02,0.4751901484969213,0.3414141414141414,-0.13377600708277992,0.5832089822528069,0.3775372775372775,-0.20567170471552942,20.6,3.81,-16.790000000000003,0.5427,0.5282,-0.014499999999999957
1234,NBA_to_EL,1,False,9.9,21.1042,11.204199999999998,3.38,8.7,5.319999999999999,0.3414141414141414,0.41224021758702056,0.07082607617287917,0.3775372775372775,0.48416902796599726,0.10663175042871975,3.81,10.0,6.1899999999999995,0.5282,0.5314,0.0031999999999999806
1246,NBA_to_EL,0,False,12.03,19.8194,7.789400000000002,3.47,8.3,4.83,0.28844555278470496,0.41878159782839036,0.1303360450436854,0.3685231366029371,0.5615149242100613,0.1929917876071242,3.08,8.6,5.52,0.384,0.43,0.045999999999999985
1247,EL_to_NBA,0,False,,18.39,,,4.56,,,0.24796084828711254,,,0.29931348558999454,,,4.44,,0.52,0.4264,-0.09360000000000002
1258,NBA_to_EL,0,False,4.5,,,0.25,,,0.05555555555555555,,,0.1111111111111111,,,0.0,,,0.0,0.38,0.38
1260,NBA_to_EL,1,False,11.25,,,3.22,,,0.28622222222222227,,,0.38716049382716056,,,3.47,,,0.4569,0.5,0.04310000000000003
1260,NBA_to_EL,0,False,7.16,,,2.35,,,0.3282122905027933,,,0.5046855289241305,,,3.06,,,0.5068,0.5,-0.006800000000000028
1274,NBA_to_EL,1,False,2.5,,,1.5,,,0.6,,,0.6,,,1.0,,,0.3333,1.0,0.6667000000000001
1295,NBA_to_EL,1,False,15.61,12.8289,-2.7810999999999986,6.21,4.6,-1.6100000000000003,0.3978219090326714,0.35856542649798495,-0.03925648253468644,0.4881696264479474,0.4504632017102832,-0.037706424737664224,6.26,5.3,-0.96,0.4077,0.4655,0.05780000000000002
1295,NBA_to_EL,0,False,20.2,12.8289,-7.371099999999998,7.65,4.6,-3.0500000000000007,0.3787128712871287,0.35856542649798495,-0.020147444789143765,0.46998326593222706,0.4504632017102832,-0.019520064221943856,8.41,5.3,-3.1100000000000003,0.4613,0.4655,0.004200000000000037
1300,EL_to_NBA,0,False,,14.71,,,4.46,,,0.30319510537049627,,,0.3687481790812858,,,6.07,,0.479,0.576,0.09699999999999998
1300,NBA_to_EL,0,False,34.81,,,10.6,,,0.3045101982189026,,,0.41563726898400843,,,15.92,,,0.4961,0.4688,-0.02729999999999999
1300,EL_to_NBA,0,False,,32.52,,,12.27,,,0.37730627306273057,,,0.49159347227275085,,,16.18,,0.4688,0.4954,0.026600000000000013
1311,NBA_to_EL,1,False,8.45,28.2794,19.8294,2.39,9.4,7.01,0.2828402366863906,0.33239743417469964,0.04955719748830906,0.36419163962588286,0.4720126768643482,0.10782103723846537,3.0,11.9,8.9,0.4932,0.4781,-0.015100000000000002
1311,NBA_to_EL,0,False,11.67,28.2794,16.6094,4.22,9.4,5.180000000000001,0.3616109682947729,0.33239743417469964,-0.02921353412007327,0.46510520803579924,0.4720126768643482,0.006907468828548979,3.56,11.9,8.34,0.3421,0.4781,0.136
1311,EL_to_NBA,1,False,25.3389,4.4,-20.938899999999997,10.6,2.1,-8.5,0.4183291303095241,0.47727272727272724,0.058943596963203115,0.532409325845505,0.5954545454545455,0.06304521960904041,13.7,2.5,-11.2,0.5346,0.5476,0.013000000000000012
1311,EL_to_NBA,0,False,27.4417,4.4,-23.0417,9.2,2.1,-7.1,0.33525619768454573,0.47727272727272724,0.1420165295881815,0.44811884311623756,0.5954545454545455,0.1473357023383079,11.2,2.5,-8.7,0.4414,0.5476,0.10619999999999996
1311,NBA_to_EL,0,False,4.4,,,2.1,,,0.47727272727272724,,,0.5954545454545455,,,2.5,,,0.5476,0.6389,0.09130000000000005
1313,EL_to_NBA,1,False,,9.71,,,2.86,,,0.29454170957775483,,,0.3711931734588789,,,3.71,,0.6091,0.525,-0.08409999999999995
1317,NBA_to_EL,1,False,23.44,25.13,1.6899999999999977,4.62,6.2,1.58,0.197098976109215,0.24671707122960607,0.04961809512039106,0.26092806510895244,0.3245841623557501,0.06365609724679766,5.97,9.0,3.0300000000000002,0.5208,0.6226,0.1018
1317,NBA_to_EL,0,False,19.23,25.13,5.899999999999999,3.92,6.2,2.2800000000000002,0.20384815392615704,0.24671707122960607,0.04286891730344902,0.27467498699947995,0.3245841623557501,0.04990917535627015,5.3,9.0,3.7,0.5223,0.6226,0.10030000000000006
1317,EL_to_NBA,1,False,25.13,10.32,-14.809999999999999,6.2,2.17,-4.03,0.24671707122960607,0.21027131782945735,-0.03644575340014872,0.3245841623557501,0.25301667397981564,-0.07156748837593446,9.0,2.02,-6.98,0.6226,0.4087,-0.21390000000000003
1317,NBA_to_EL,0,False,10.32,29.0812,18.7612,2.17,5.8,3.63,0.21027131782945735,0.1994415636218588,-0.010829754207598546,0.25301667397981564,0.25867226936990223,0.005655595390086587,2.02,6.6,4.58,0.4087,0.5,0.09129999999999999
1340,EL_to_NBA,1,False,18.1651,13.65,-4.515099999999999,6.8,4.05,-2.75,0.37434420950063585,0.2967032967032967,-0.07764091279733915,0.6393736183277667,0.4558016342631727,-0.18357198406459402,13.0,5.52,-7.48,0.6338,0.5171,-0.11670000000000003
1340,EL_to_NBA,0,False,21.9577,13.65,-8.307699999999999,8.6,4.05,-4.55,0.3916621504073742,0.2967032967032967,-0.09495885370407747,0.5968819068551737,0.4558016342631727,-0.141080272592001,14.8,5.52,-9.280000000000001,0.6071,0.5171,-0.08999999999999997
1340,NBA_to_EL,0,False,13.65,,,4.05,,,0.2967032967032967,,,0.4558016342631727,,,5.52,,,0.5171,0.5493,0.032200000000000006
1340,EL_to_NBA,0,False,,31.6,,,11.95,,,0.3781645569620253,,,0.502511229073091,,,16.31,,0.5493,0.5196,-0.02970000000000006
1349,NBA_to_EL,1,False,13.11,24.7763,11.6663,3.02,8.1,5.08,0.2303585049580473,0.32692532783345374,0.09656682287540644,0.3312992626493771,0.4724803860735334,0.14118112342415629,4.02,12.9,8.88,0.4785,0.6405,0.16199999999999998
1349,NBA_to_EL,0,False,9.45,24.7763,15.3263,1.91,8.1,6.1899999999999995,0.2021164021164021,0.32692532783345374,0.12480892571705163,0.2867724867724868,0.4724803860735334,0.1857078993010466,2.0,12.9,10.9,0.3333,0.6405,0.3072
1365,NBA_to_EL,1,False,8.73,29.5875,20.857499999999998,3.45,8.4,4.95,0.3951890034364261,0.28390367553865653,-0.11128532789776957,0.4856815578465063,0.3961132234896494,-0.0895683343568569,2.27,10.2,7.93,0.2895,0.4643,0.1748
1372,NBA_to_EL,1,False,14.19,27.5,13.31,4.08,9.0,4.92,0.2875264270613108,0.32727272727272727,0.03974630021141645,0.3745690722434909,0.4563781818181818,0.0818091095746909,4.95,12.6,7.6499999999999995,0.4735,0.6049,0.13140000000000002
1372,EL_to_NBA,0,False,27.5,11.5,-16.0,9.0,2.87,-6.13,0.32727272727272727,0.24956521739130436,-0.07770750988142291,0.4563781818181818,0.29460869565217396,-0.16176948616600784,12.6,3.13,-9.469999999999999,0.6049,0.5233,-0.0816
1387,NBA_to_EL,1,False,10.17,,,3.05,,,0.2999016715830875,,,0.3885845390270169,,,3.24,,,0.4688,0.5,0.031200000000000006
1387,NBA_to_EL,0,False,11.16,,,3.36,,,0.3010752688172043,,,0.42494623655913977,,,4.16,,,0.494,0.5,0.006000000000000005
1390,NBA_to_EL,1,False,17.43,,,4.33,,,0.24842226047045324,,,0.36570772887468245,,,5.48,,,0.4341,0.6757,0.24159999999999998
1391,NBA_to_EL,0,False,7.42,,,1.95,,,0.2628032345013477,,,0.35735565328415375,,,2.05,,,0.4189,0.4894,0.07050000000000001
1394,NBA_to_EL,0,False,7.0,32.6023,25.6023,3.2,11.0,7.8,0.4571428571428572,0.3373995086236247,-0.11974334851923246,0.5714285714285714,0.48524183876597665,-0.08618673266259474,1.8,14.3,12.5,0.2812,0.4896,0.20839999999999997
1394,EL_to_NBA,1,False,32.6023,2.86,-29.7423,11.0,1.57,-9.43,0.3373995086236247,0.548951048951049,0.21155154032742424,0.48524183876597665,0.592907092907093,0.10766525414111633,14.3,1.29,-13.010000000000002,0.4896,0.3636,-0.126
1394,EL_to_NBA,0,False,17.3394,2.86,-14.479400000000002,5.0,1.57,-3.4299999999999997,0.2883606122472519,0.548951048951049,0.26059043670379706,0.38409633551333955,0.592907092907093,0.20881075739375343,5.5,1.29,-4.21,0.4537,0.3636,-0.09010000000000001
1394,NBA_to_EL,0,False,2.86,,,1.57,,,0.548951048951049,,,0.592907092907093,,,1.29,,,0.3636,0.4848,0.12120000000000003
1400,EL_to_NBA,1,False,,18.41,,,4.57,,,0.24823465507876155,,,0.2981868687215946,,,5.39,,0.5395,0.5319,-0.00759999999999994
1400,EL_to_NBA,0,False,26.5833,18.41,-8.173300000000001,7.3,4.57,-2.7299999999999995,0.27460849480689004,0.24823465507876155,-0.026373839728128484,0.38040076635736314,0.2981868687215946,-0.08221389763576853,8.5,5.39,-3.1100000000000003,0.5,0.5319,0.03190000000000004
1400,NBA_to_EL,0,False,31.52,,,10.09,,,0.32011421319796957,,,0.3817258883248731,,,12.38,,,0.5279,0.4538,-0.07410000000000005
1400,EL_to_NBA,0,False,,38.45,,,11.41,,,0.2967490247074122,,,0.397288775673798,,,14.34,,0.4538,0.5216,0.06779999999999997
1404,NBA_to_EL,1,False,14.03,,,4.58,,,0.3264433357091946,,,0.4265296169861575,,,4.38,,,0.3937,0.3902,-0.003500000000000003
1407,NBA_to_EL,0,False,10.8,26.7738,15.9738,3.47,9.0,5.529999999999999,0.3212962962962963,0.33614951930618736,0.014853223009891059,0.4508641975308642,0.5014141401206368,0.05054994258977258,3.6,11.0,7.4,0.4231,0.4654,0.042300000000000004
1407,EL_to_NBA,1,False,26.7738,14.09,-12.683800000000002,9.0,6.0,-3.0,0.33614951930618736,0.42583392476933996,0.0896844054631526,0.5014141401206368,0.5854220362830427,0.08400789616240589,11.0,7.19,-3.8099999999999996,0.4654,0.4605,-0.00489999999999996
1407,EL_to_NBA,0,False,21.8708,14.09,-7.780799999999999,7.6,6.0,-1.5999999999999996,0.34749529052435213,0.42583392476933996,0.07833863424498783,0.507602221531296,0.5854220362830427,0.07781981475174671,10.6,7.19,-3.4099999999999993,0.5467,0.4605,-0.08619999999999994
1417,NBA_to_EL,1,False,23.95,16.3971,-7.552900000000001,10.55,6.4,-4.15,0.44050104384133615,0.39031292118728317,-0.05018812265405298,0.5252013122576797,0.5478730636371497,0.022671751379469973,11.91,7.5,-4.41,0.4772,0.4583,-0.018900000000000028
1417,NBA_to_EL,0,False,7.0,16.3971,9.397099999999998,1.0,6.4,5.4,0.14285714285714285,0.39031292118728317,0.24745577833014032,0.26857142857142857,0.5478730636371497,0.27930163506572114,2.0,7.5,5.5,0.0,0.4583,0.4583
1422,NBA_to_EL,0,False,6.83,,,2.08,,,0.30453879941434847,,,0.4455832113225964,,,1.5,,,0.26,0.5,0.24
1432,NBA_to_EL,1,False,13.97,16.8625,2.8925,3.32,4.2,0.8800000000000003,0.23765211166785968,0.2490733876945886,0.011421276026728905,0.331297006305096,0.415240919199407,0.08394391289431097,3.68,6.2,2.52,0.4091,0.5294,0.12029999999999996
1432,NBA_to_EL,0,False,2.98,16.8625,13.8825,1.1,4.2,3.1,0.3691275167785235,0.2490733876945886,-0.12005412908393492,0.5257816336552628,0.415240919199407,-0.11054071445585578,1.1,6.2,5.1,0.3,0.5294,0.2294
1432,EL_to_NBA,0,False,16.8625,11.46,-5.4025,4.2,2.23,-1.9700000000000002,0.2490733876945886,0.1945898778359511,-0.05448350985863748,0.415240919199407,0.27527184857027787,-0.1399690706291291,6.2,2.92,-3.2800000000000002,0.5294,0.5,-0.02939999999999998
1433,EL_to_NBA,0,False,27.6964,6.83,-20.8664,6.8,2.83,-3.9699999999999998,0.24551927326295114,0.4143484626647145,0.16882918940176334,0.3724052842349805,0.4948755490483163,0.12247026481333584,10.4,3.0,-7.4,0.599,0.4706,-0.12839999999999996
1440,NBA_to_EL,1,False,14.5,24.5125,10.0125,3.67,7.8,4.13,0.25310344827586206,0.31820499745028047,0.0651015491744184,0.28758620689655173,0.4636002039775625,0.1760139970810108,2.0,11.1,9.1,0.2727,0.5545,0.2818
1441,NBA_to_EL,1,False,7.91,,,2.18,,,0.2756005056890013,,,0.4020789436718641,,,2.62,,,0.4796,0.5692,0.08960000000000001
1441,NBA_to_EL,0,False,7.61,,,2.46,,,0.3232588699080158,,,0.44171203303923406,,,2.86,,,0.4493,0.5692,0.11990000000000006
1450,EL_to_NBA,0,False,11.2778,3.83,-7.447799999999999,2.2,2.0,-0.20000000000000018,0.19507350724432074,0.5221932114882506,0.3271197042439299,0.324728424180445,0.7806788511749347,0.45595042699448973,3.7,3.5,-0.20000000000000018,0.6667,0.5,-0.16669999999999996
1459,NBA_to_EL,1,False,8.62,,,1.12,,,0.12993039443155455,,,0.27436194895591653,,,1.75,,,0.3333,0.2222,-0.11109999999999998
1475,NBA_to_EL,1,False,8.0,,,2.62,,,0.3275,,,0.47250000000000003,,,3.06,,,0.4286,0.4469,0.01830000000000004
1481,EL_to_NBA,1,False,34.1258,9.42,-24.705799999999996,13.6,3.49,-10.11,0.3985254558134901,0.3704883227176221,-0.028037133095867972,0.46785716378810166,0.4205223731122061,-0.04733479067589558,15.4,3.55,-11.850000000000001,0.5018,0.4838,-0.018000000000000016
1481,EL_to_NBA,0,False,,9.42,,,3.49,,,0.3704883227176221,,,0.4205223731122061,,,3.55,,0.5271,0.4838,-0.043300000000000005
1499,EL_to_NBA,1,False,28.2516,23.77,-4.4816,10.8,7.38,-3.420000000000001,0.3822792337425137,0.31047538914598233,-0.07180384459653139,0.48664753247856507,0.37770082953086737,-0.1089467029476977,15.9,8.97,-6.93,0.5639,0.5321,-0.03179999999999994
1499,EL_to_NBA,0,False,30.6368,23.77,-6.866800000000001,11.6,7.38,-4.22,0.37862962189262583,0.31047538914598233,-0.0681542327466435,0.48971607130422673,0.37770082953086737,-0.11201524177335936,14.8,8.97,-5.83,0.518,0.5321,0.014100000000000001
1502,NBA_to_EL,1,False,15.67,,,5.03,,,0.3209955328653478,,,0.4097709707154506,,,5.75,,,0.4807,0.4277,-0.05299999999999999
1502,NBA_to_EL,0,False,15.06,,,4.76,,,0.3160690571049137,,,0.44125458948519647,,,5.76,,,0.4877,0.4277,-0.06
1502,EL_to_NBA,1,False,28.385,27.12,-1.2650000000000006,9.9,8.35,-1.5500000000000007,0.3487757618460454,0.3078908554572271,-0.04088490638881831,0.539017086489343,0.39454277286135697,-0.14447431362798602,13.6,9.59,-4.01,0.4874,0.4718,-0.015600000000000003
1502,EL_to_NBA,0,False,,27.12,,,8.35,,,0.3078908554572271,,,0.39454277286135697,,,9.59,,0.5345,0.4718,-0.06269999999999998
1506,EL_to_NBA,0,False,,12.06,,,1.72,,,0.14262023217247097,,,0.271811673340614,,,2.79,,0.6579,0.5532,-0.10470000000000002
1511,NBA_to_EL,1,False,8.68,17.7403,9.060300000000002,1.4,7.1,5.699999999999999,0.16129032258064516,0.40021871107027496,0.2389283884896298,0.2856132266149244,0.5843568973842983,0.2987436707693739,1.77,10.3,8.530000000000001,0.425,0.576,0.15099999999999997
1511,NBA_to_EL,0,False,6.23,17.7403,11.5103,1.23,7.1,5.869999999999999,0.1974317817014446,0.40021871107027496,0.20278692936883036,0.2852203975799481,0.5843568973842983,0.2991364998043502,1.54,10.3,8.760000000000002,0.5,0.576,0.07599999999999996
1516,NBA_to_EL,1,False,7.98,,,1.72,,,0.21553884711779447,,,0.2705132396207911,,,1.46,,,0.4114,0.525,0.11360000000000003
1518,NBA_to_EL,0,False,18.5,20.487,1.9869999999999983,5.5,5.6,0.09999999999999964,0.2972972972972973,0.27334407185044174,-0.023953225446855575,0.34486486486486484,0.35231013705168046,0.007445272186815621,5.0,6.7,1.7000000000000002,0.2727,0.56,0.28730000000000006
1523,NBA_to_EL,0,False,8.75,,,0.75,,,0.08571428571428572,,,0.19314285714285714,,,0.0,,,0.0,0.4103,0.4103
1523,EL_to_NBA,1,False,,7.2,,,2.0,,,0.2777777777777778,,,0.41333333333333333,,,1.2,,0.4103,0.3,-0.11030000000000001
1535,EL_to_NBA,0,False,27.5474,13.24,-14.3074,7.8,4.07,-3.7299999999999995,0.2831483188976092,0.3074018126888218,0.024253493791212555,0.40338862078844795,0.4471299093655589,0.04374128857711096,9.8,4.47,-5.330000000000001,0.5441,0.4375,-0.10660000000000003
1535,NBA_to_EL,0,False,17.83,,,6.58,,,0.36904094223219297,,,0.5310805758085624,,,7.35,,,0.4652,0.2,-0.2652
1535,EL_to_NBA,0,False,,33.52,,,11.77,,,0.3511336515513126,,,0.4887487214456187,,,14.73,,0.2,0.4912,0.2912
1540,NBA_to_EL,1,False,13.0,17.0356,4.035599999999999,5.67,7.7,2.0300000000000002,0.43615384615384617,0.4519946465049661,0.015840800351119955,0.5102564102564102,0.6420280667151926,0.13177165645878242,6.67,11.5,4.83,0.5588,0.5948,0.03600000000000003
1542,NBA_to_EL,1,False,4.5,,,1.0,,,0.2222222222222222,,,0.2725925925925926,,,1.08,,,0.5,0.5286,0.02859999999999996
1555,NBA_to_EL,1,False,11.7,27.6175,15.9175,4.0,10.6,6.6,0.3418803418803419,0.3838146103014393,0.04193426842109743,0.45562485562485566,0.5539965601520775,0.09837170452722188,4.59,15.0,10.41,0.4459,0.5024,0.05649999999999994
1555,NBA_to_EL,0,False,18.3,27.6175,9.317499999999999,6.93,10.6,3.67,0.3786885245901639,0.3838146103014393,0.00512608571127543,0.48629976580796247,0.5539965601520775,0.06769679434411507,7.29,15.0,7.71,0.4098,0.5024,0.09259999999999996
1556,NBA_to_EL,0,False,13.33,,,3.52,,,0.26406601650412603,,,0.32419215915089883,,,4.19,,,0.5158,0.3333,-0.18250000000000005
1556,EL_to_NBA,0,False,,5.25,,,1.38,,,0.26285714285714284,,,0.31047619047619046,,,1.12,,0.3333,0.4091,0.07580000000000003
1584,NBA_to_EL,1,False,8.73,30.2453,21.5153,2.23,8.7,6.469999999999999,0.2554410080183276,0.28764799820137343,0.03220699018304585,0.29896907216494845,0.3620793974601012,0.06311032529515276,1.59,12.4,10.81,0.3265,0.6438,0.3173
1585,EL_to_NBA,0,False,,12.23,,,4.84,,,0.39574816026165166,,,0.5061324611610792,,,5.68,,0.5,0.5117,0.011700000000000044
1592,NBA_to_EL,1,False,19.38,29.8971,10.5171,5.68,10.2,4.52,0.2930856553147575,0.3411702138334487,0.0480845585186912,0.42103082893646715,0.5099229487577173,0.08889211982125012,6.21,12.5,6.29,0.4256,0.4681,0.04250000000000004
1601,NBA_to_EL,0,False,15.11,25.2489,10.1389,5.51,8.9,3.3900000000000006,0.36465916611515553,0.35249060355104583,-0.012168562564109697,0.4576369038399256,0.4928531539987881,0.03521625015886248,6.17,9.3,3.130000000000001,0.4788,0.3985,-0.08029999999999998
1608,EL_to_NBA,1,False,,7.23,,,2.68,,,0.3706777316735823,,,0.5255878284923927,,,2.32,,0.45,0.3644,-0.08560000000000001
1608,NBA_to_EL,0,False,3.67,,,1.0,,,0.2724795640326976,,,0.5349682107175295,,,0.33,,,0.0,0.4121,0.4121
1610,NBA_to_EL,1,False,12.76,,,2.56,,,0.20062695924764892,,,0.2666834918442166,,,3.44,,,0.543,0.5476,0.0045999999999999375
1610,NBA_to_EL,0,False,7.09,,,1.55,,,0.21861777150916786,,,0.2977087047928254,,,1.6,,,0.3841,0.5476,0.16349999999999998
1610,EL_to_NBA,0,False,,14.26,,,3.56,,,0.24964936886395514,,,0.329140840609872,,,5.06,,0.5476,0.5588,0.011199999999999988
1612,NBA_to_EL,1,False,14.05,,,2.93,,,0.2085409252669039,,,0.3015760040671073,,,3.5,,,0.4309,0.5625,0.1316
1612,NBA_to_EL,0,False,4.86,,,1.29,,,0.2654320987654321,,,0.37184009406231633,,,1.43,,,0.3333,0.5625,0.22920000000000001
1618,EL_to_NBA,1,False,26.7856,25.2,-1.5855999999999995,10.2,8.0,-2.1999999999999993,0.38080162475359897,0.31746031746031744,-0.06334130729328152,0.5658727592180255,0.4210229276895944,-0.14484983152843112,16.1,9.53,-6.570000000000002,0.5983,0.5417,-0.056600000000000095
1618,EL_to_NBA,0,False,27.6287,25.2,-2.428699999999999,11.1,8.0,-3.0999999999999996,0.40175614487833305,0.31746031746031744,-0.08429582741801561,0.5740407619612938,0.4210229276895944,-0.15301783427169946,16.1,9.53,-6.570000000000002,0.5637,0.5417,-0.02200000000000002
1620,NBA_to_EL,1,False,14.35,11.2205,-3.1295,3.24,2.0,-1.2400000000000002,0.22578397212543555,0.178245176239918,-0.04753879588551754,0.33105144496823125,0.2919107540113734,-0.03914069095685785,5.04,4.0,-1.04,0.6061,0.8077,0.2016
1620,NBA_to_EL,0,False,11.22,11.2205,0.0004999999999988347,2.17,2.0,-0.16999999999999993,0.19340463458110516,0.178245176239918,-0.015159458341187149,0.3154305200341006,0.2919107540113734,-0.023519766022727207,2.35,4.0,1.65,0.4,0.8077,0.40769999999999995
1623,NBA_to_EL,1,False,9.9,,,1.61,,,0.16262626262626262,,,0.26183789110618383,,,1.78,,,0.3939,0.5526,0.1587
1625,NBA_to_EL,0,False,7.0,,,1.0,,,0.14285714285714285,,,0.4114285714285714,,,4.0,,,1.5,0.4035,-1.0965
1630,NBA_to_EL,1,False,12.0,21.0948,9.0948,2.19,4.9,2.7100000000000004,0.1825,0.2322847336784421,0.049784733678442106,0.25067901234567896,0.350441815044466,0.09976280269878701,2.3,8.0,5.7,0.4746,0.5897,0.11509999999999998
1630,NBA_to_EL,0,False,2.43,,,0.71,,,0.2921810699588477,,,0.2921810699588477,,,0.86,,,0.6,0.5593,-0.04069999999999996
1631,NBA_to_EL,1,False,20.67,24.3478,3.6777999999999977,5.18,8.4,3.2200000000000006,0.25060474117077886,0.3450003696432532,0.09439562847247435,0.3436114649052654,0.45175048401837575,0.10813901911311036,6.71,10.7,3.9899999999999993,0.5512,0.5415,-0.009700000000000042
1632,NBA_to_EL,1,False,19.29,31.7287,12.4387,7.29,12.3,5.010000000000001,0.37791601866251945,0.38766164387447327,0.009745625211953823,0.4891505591350071,0.5122596681658351,0.023109109030828023,8.86,14.9,6.040000000000001,0.4706,0.464,-0.006599999999999995
1632,NBA_to_EL,0,False,10.0,31.7287,21.7287,3.16,12.3,9.14,0.316,0.38766164387447327,0.07166164387447327,0.38968421052631574,0.5122596681658351,0.12257545763951938,3.53,14.9,11.370000000000001,0.45,0.464,0.014000000000000012
1636,NBA_to_EL,1,False,9.18,,,2.0,,,0.2178649237472767,,,0.32268462940731846,,,1.92,,,0.3571,0.725,0.3679
1637,NBA_to_EL,1,False,20.85,,,8.44,,,0.4047961630695443,,,0.5076563139732116,,,9.16,,,0.4675,0.4359,-0.03160000000000002
1637,NBA_to_EL,0,False,18.71,,,8.15,,,0.43559593800106894,,,0.5214056654195618,,,8.05,,,0.4394,0.4359,-0.003500000000000003
1637,EL_to_NBA,0,False,,13.16,,,6.05,,,0.45972644376899696,,,0.54363873208858,,,5.46,,0.4359,0.3963,-0.039600000000000024
1642,NBA_to_EL,1,False,4.83,12.2726,7.4426000000000005,1.33,3.2,1.87,0.2753623188405797,0.2607434447468344,-0.014618874093745293,0.41407867494824013,0.3596862697623743,-0.054392405185865855,1.33,3.6,2.27,0.5,0.4565,-0.04349999999999998
1642,NBA_to_EL,0,False,6.25,12.2726,6.022600000000001,1.25,3.2,1.9500000000000002,0.2,0.2607434447468344,0.06074344474683441,0.2752,0.3596862697623743,0.08448626976237428,1.5,3.6,2.1,0.5,0.4565,-0.04349999999999998
1653,NBA_to_EL,1,False,36.8,24.224,-12.575999999999997,9.42,7.3,-2.12,0.2559782608695652,0.3013540290620872,0.04537576819252198,0.34103260869565216,0.425610964332893,0.08457835563724087,13.0,8.8,-4.199999999999999,0.529,0.4829,-0.04610000000000003
1653,NBA_to_EL,0,False,29.92,24.224,-5.6960000000000015,7.54,7.3,-0.2400000000000002,0.2520053475935829,0.3013540290620872,0.049348681468504296,0.34833239515902054,0.425610964332893,0.07727856917387249,11.82,8.8,-3.0199999999999996,0.5899,0.4829,-0.10699999999999998
1653,EL_to_NBA,1,False,24.224,16.56,-7.6640000000000015,7.3,3.96,-3.34,0.3013540290620872,0.2391304347826087,-0.06222359427947849,0.425610964332893,0.3170737162283056,-0.10853724810458742,8.8,5.04,-3.7600000000000007,0.4829,0.5678,0.08489999999999998
1653,EL_to_NBA,0,False,32.3475,16.56,-15.787499999999998,11.0,3.96,-7.04,0.3400571914367417,0.2391304347826087,-0.10092675665413298,0.45969549424221356,0.3170737162283056,-0.14262177801390796,15.2,5.04,-10.16,0.5659,0.5678,0.0019000000000000128
1662,NBA_to_EL,1,False,11.67,30.06,18.39,2.64,11.9,9.26,0.22622107969151672,0.3958749168330007,0.16965383714148397,0.3243007852557349,0.5034375693058328,0.17913678405009792,2.93,13.0,10.07,0.4472,0.4972,0.04999999999999999
1663,EL_to_NBA,1,False,,21.52,,,6.95,,,0.3229553903345725,,,0.3856877323420075,,,6.89,,0.25,0.4657,0.2157
1663,NBA_to_EL,1,False,13.83,,,3.17,,,0.2292118582791034,,,0.2848879248011569,,,1.5,,,0.1842,0.4647,0.28049999999999997
1674,NBA_to_EL,1,False,6.5,29.649,23.149,2.0,7.5,5.5,0.3076923076923077,0.2529596276434281,-0.0547326800488796,0.3076923076923077,0.3159465749266417,0.008254267234333978,1.0,8.4,7.4,0.25,0.4916,0.24159999999999998
1676,NBA_to_EL,1,False,18.72,,,4.72,,,0.25213675213675213,,,0.3850390509873269,,,5.24,,,0.4416,0.3571,-0.08450000000000002
1686,EL_to_NBA,0,False,19.5958,32.57,12.9742,7.0,14.83,7.83,0.3572194041580339,0.4553269880257906,0.0981075838677567,0.4619612365915145,0.5752188532017345,0.11325761661021999,7.6,15.49,7.890000000000001,0.4369,0.4305,-0.006400000000000017
1687,NBA_to_EL,0,False,8.43,,,0.84,,,0.099644128113879,,,0.18928995085578718,,,1.39,,,0.5319,,
1690,EL_to_NBA,1,False,18.4406,3.8,-14.6406,4.8,0.68,-4.12,0.26029521815992973,0.17894736842105266,-0.08134784973887707,0.3588458799243698,0.30357894736842106,-0.05526693255594872,8.4,0.92,-7.48,0.7014,0.5294,-0.17200000000000004
1690,EL_to_NBA,0,False,20.1256,3.8,-16.325599999999998,5.4,0.68,-4.720000000000001,0.2683149819135827,0.17894736842105266,-0.08936761349253006,0.39816618303719314,0.30357894736842106,-0.09458723566877208,9.9,0.92,-8.98,0.6914,0.5294,-0.16200000000000003
1698,NBA_to_EL,1,False,9.03,,,2.23,,,0.24695459579180512,,,0.35382059800664456,,,2.48,,,0.382,0.4759,0.09389999999999998
1699,NBA_to_EL,1,False,5.92,,,1.42,,,0.23986486486486486,,,0.47804054054054057,,,2.42,,,0.6471,0.3793,-0.2678
1699,EL_to_NBA,0,False,,3.25,,,1.0,,,0.3076923076923077,,,0.5107692307692309,,,1.25,,0.3793,0.25,-0.12930000000000003
1699,EL_to_NBA,0,False,,5.0,,,0.43,,,0.086,,,0.144,,,0.29,,0.5,0.3333,-0.16670000000000001
1726,NBA_to_EL,1,False,8.58,,,2.33,,,0.2715617715617716,,,0.3853923853923854,,,2.0,,,0.2857,0.3333,0.047599999999999976
1734,NBA_to_EL,1,False,5.5,,,2.12,,,0.3854545454545455,,,0.4768181818181818,,,2.62,,,0.5588,0.6981,0.1393000000000001
1735,NBA_to_EL,1,False,30.57,,,9.33,,,0.30520117762512267,,,0.38315180960654666,,,10.89,,,0.5009,0.3269,-0.174
1735,NBA_to_EL,0,False,28.15,,,8.21,,,0.291651865008881,,,0.35862782004718863,,,8.78,,,0.4718,0.3269,-0.14489999999999997
1735,EL_to_NBA,0,False,,20.77,,,5.2,,,0.25036109773712084,,,0.3119884448724122,,,6.01,,0.3269,0.5423,0.21539999999999998
1739,EL_to_NBA,0,False,,12.17,,,5.21,,,0.42810188989317993,,,0.5531361270884689,,,5.04,,0.4205,0.42,-0.0005000000000000004
1747,EL_to_NBA,0,False,,9.26,,,3.08,,,0.3326133909287257,,,0.42487468927014144,,,3.04,,0.587,0.4356,-0.15139999999999998
1767,NBA_to_EL,1,False,11.78,,,4.44,,,0.37691001697792875,,,0.47896623278626677,,,4.25,,,0.4219,0.5,0.0781
1767,NBA_to_EL,0,False,16.32,,,5.12,,,0.3137254901960784,,,0.42053921568627456,,,5.22,,,0.4434,0.5,0.056599999999999984
1782,EL_to_NBA,0,False,,13.84,,,4.18,,,0.3020231213872832,,,0.3822953570762633,,,4.11,,0.3571,0.4208,0.06370000000000003
1788,NBA_to_EL,1,False,23.91,30.3765,6.4665,8.34,12.5,4.16,0.34880803011292344,0.411502312642997,0.06269428253007359,0.44568503194998127,0.5326485934850954,0.08696356153511414,11.14,17.1,5.960000000000001,0.5432,0.5345,-0.008700000000000041
1788,NBA_to_EL,0,False,22.24,30.3765,8.136500000000002,7.88,12.5,4.62,0.35431654676258995,0.411502312642997,0.05718576588040708,0.44849973679592914,0.5326485934850954,0.08414885668916627,9.91,17.1,7.190000000000001,0.5147,0.5345,0.01979999999999993
1788,EL_to_NBA,0,False,30.3765,26.46,-3.916499999999999,12.5,10.41,-2.09,0.411502312642997,0.3934240362811791,-0.018078276361817913,0.5326485934850954,0.48425296044343663,-0.04839563304165878,17.1,11.18,-5.920000000000002,0.5345,0.4865,-0.04799999999999999
1788,NBA_to_EL,1,False,21.57,21.3056,-0.26440000000000197,8.37,7.3,-1.0699999999999994,0.388038942976356,0.3426329227996395,-0.045406020176716466,0.49040144569649835,0.4476913737859218,-0.042710071910576575,9.65,10.1,0.4499999999999993,0.478,0.5057,0.027700000000000058
1788,NBA_to_EL,0,False,18.8,21.3056,2.5055999999999976,7.2,7.3,0.09999999999999964,0.3829787234042553,0.3426329227996395,-0.04034580060461579,0.4646808510638297,0.4476913737859218,-0.01698947727790795,7.4,10.1,2.6999999999999993,0.4028,0.5057,0.10290000000000005
1803,NBA_to_EL,0,False,9.42,,,2.77,,,0.2940552016985138,,,0.41829326758441204,,,2.35,,,0.3779,0.5091,0.13119999999999998
1803,NBA_to_EL,0,False,10.75,,,5.0,,,0.46511627906976744,,,0.5116279069767442,,,1.5,,,0.15,0.25,0.1
1808,EL_to_NBA,0,False,13.6208,13.47,-0.1507999999999985,4.8,3.29,-1.5099999999999998,0.35240220838717257,0.24424647364513732,-0.10815573474203524,0.5137363444144251,0.356303768723525,-0.15743257569090008,6.0,3.97,-2.03,0.5065,0.4643,-0.04219999999999996
1829,NBA_to_EL,0,False,9.38,13.049,3.6689999999999987,2.85,3.5,0.6499999999999999,0.30383795309168443,0.26821978695685494,-0.03561816613482949,0.3659996719698212,0.40022223925204997,0.03422256728222878,2.62,3.4,0.7799999999999998,0.3784,0.4182,0.0398
1838,NBA_to_EL,1,False,4.29,,,1.81,,,0.42191142191142195,,,0.5821955821955822,,,1.29,,,0.2763,0.5312,0.2549
1838,NBA_to_EL,0,False,19.44,,,8.13,,,0.4182098765432099,,,0.5085978835978836,,,9.68,,,0.5098,0.5312,0.021399999999999975
1838,EL_to_NBA,0,False,,9.53,,,2.74,,,0.28751311647429173,,,0.3534392300177299,,,3.17,,0.5312,0.478,-0.053200000000000025
1849,EL_to_NBA,1,False,25.0889,17.92,-7.168899999999997,7.9,3.92,-3.9800000000000004,0.3148802857040365,0.21874999999999997,-0.0961302857040365,0.39918051409188926,0.28478422619047616,-0.1143962879014131,10.4,5.13,-5.2700000000000005,0.5711,0.5702,-0.0009000000000000119
1849,EL_to_NBA,0,False,27.7621,17.92,-9.842099999999999,8.5,3.92,-4.58,0.3061728039305384,0.21874999999999997,-0.08742280393053845,0.4225060486207381,0.28478422619047616,-0.13772182243026193,12.1,5.13,-6.97,0.5528,0.5702,0.017400000000000082
1849,NBA_to_EL,1,False,16.88,,,5.77,,,0.341824644549763,,,0.4479128691213999,,,7.19,,,0.5167,0.425,-0.09170000000000006
1849,NBA_to_EL,0,False,16.08,,,4.82,,,0.2997512437810946,,,0.4074609347628058,,,6.1,,,0.5468,0.425,-0.12179999999999996
1876,EL_to_NBA,1,False,20.1155,21.18,1.064499999999999,4.4,4.48,0.08000000000000007,0.21873679500882404,0.21152030217186027,-0.007216492836963767,0.3001288250011357,0.28058474079917767,-0.019544084201958023,6.0,5.01,-0.9900000000000002,0.5504,0.5169,-0.033499999999999974
1876,EL_to_NBA,0,False,22.8661,21.18,-1.6860999999999997,4.9,4.48,-0.41999999999999993,0.21429102470469386,0.21152030217186027,-0.002770722532833586,0.2923104508420763,0.28058474079917767,-0.01172571004289863,6.4,5.01,-1.3900000000000006,0.5782,0.5169,-0.06130000000000002
1892,EL_to_NBA,1,False,,9.41,,,3.22,,,0.3421891604675877,,,0.49828787342071085,,,5.5,,0.6164,0.6034,-0.0129999999999999
1892,EL_to_NBA,0,False,27.2896,9.41,-17.8796,10.0,3.22,-6.779999999999999,0.36643996247654786,0.3421891604675877,-0.02425080200896018,0.5037328017510945,0.49828787342071085,-0.005444928330383625,16.6,5.5,-11.100000000000001,0.6208,0.6034,-0.01739999999999997
1892,NBA_to_EL,1,False,5.52,,,1.94,,,0.35144927536231885,,,0.5023959794296401,,,3.29,,,0.6833,0.4348,-0.2485
1892,NBA_to_EL,0,False,5.07,,,2.43,,,0.47928994082840237,,,0.6370808678500985,,,3.21,,,0.5294,0.4348,-0.09459999999999996
1894,NBA_to_EL,1,False,12.54,,,4.08,,,0.3253588516746412,,,0.4407230196703882,,,3.88,,,0.4031,0.4062,0.0030999999999999917
1894,NBA_to_EL,0,False,8.95,,,3.0,,,0.335195530726257,,,0.4346972670995018,,,3.32,,,0.4595,0.4062,-0.053300000000000014
1898,NBA_to_EL,1,False,24.69,,,9.94,,,0.4025921425678412,,,0.5192993114621304,,,12.18,,,0.5013,0.3125,-0.18879999999999997
1898,NBA_to_EL,0,False,21.59,,,8.93,,,0.41361741547012504,,,0.5369635700908231,,,9.87,,,0.4392,0.3125,-0.12669999999999998
1901,NBA_to_EL,1,False,17.34,20.8158,3.4757999999999996,6.24,7.1,0.8599999999999994,0.35986159169550175,0.3410870588687439,-0.01877453282675784,0.42336463997363655,0.4521565349398054,0.02879189496616885,6.76,10.9,4.140000000000001,0.5126,0.6667,0.15410000000000001
1901,NBA_to_EL,0,False,9.83,20.8158,10.9858,3.55,7.1,3.55,0.3611393692777212,0.3410870588687439,-0.020052310408977314,0.4051252240468924,0.4521565349398054,0.047031310892913014,3.88,10.9,7.0200000000000005,0.5436,0.6667,0.12309999999999999
1906,NBA_to_EL,1,False,8.66,,,3.16,,,0.3648960739030023,,,0.44673787528868364,,,3.62,,,0.4554,0.5769,0.12149999999999994
1906,NBA_to_EL,0,False,10.16,,,4.27,,,0.4202755905511811,,,0.5236220472440946,,,4.48,,,0.4468,0.5769,0.1301
1908,EL_to_NBA,1,False,,9.69,,,2.62,,,0.2703818369453045,,,0.3822669418644651,,,3.77,,0.3846,0.5397,0.15509999999999996
1908,NBA_to_EL,1,False,9.69,20.4593,10.7693,2.62,8.1,5.4799999999999995,0.2703818369453045,0.395907973391074,0.1255261364457695,0.3822669418644651,0.597536826049043,0.21526988418457793,3.77,12.7,8.93,0.5397,0.5682,0.02850000000000008
1908,NBA_to_EL,0,False,4.6,20.4593,15.8593,1.6,8.1,6.5,0.3478260869565218,0.395907973391074,0.04808188643455219,0.4730434782608696,0.597536826049043,0.12449334778817339,1.6,12.7,11.1,0.375,0.5682,0.19320000000000004
1910,NBA_to_EL,1,False,7.75,19.4538,11.703800000000001,4.08,5.9,1.8200000000000003,0.5264516129032258,0.3032826491482384,-0.22316896375498746,0.5870967741935483,0.3737454497717274,-0.21335132442182092,3.08,6.5,3.42,0.3469,0.5132,0.1663
1923,EL_to_NBA,1,False,15.4311,23.9,8.468899999999998,4.3,5.9,1.6000000000000005,0.2786580347480089,0.2468619246861925,-0.031796110061816374,0.4188079052476276,0.3653934404103118,-0.05341446483731582,7.7,8.94,1.2399999999999993,0.7077,0.5574,-0.1503
1928,NBA_to_EL,0,False,14.75,,,3.0,,,0.2033898305084746,,,0.30101694915254235,,,4.0,,,0.5833,0.3235,-0.25980000000000003
1933,EL_to_NBA,0,False,17.4439,13.17,-4.273899999999999,3.5,1.9,-1.6,0.20064320478792014,0.1442672741078208,-0.05637593068009933,0.28434008449945253,0.19739985554753042,-0.0869402289519221,5.4,2.27,-3.1300000000000003,0.6538,0.5128,-0.14100000000000001
1933,NBA_to_EL,0,False,13.17,,,1.9,,,0.1442672741078208,,,0.19739985554753042,,,2.27,,,0.5128,0.7037,0.19089999999999996
1939,EL_to_NBA,1,False,21.7841,12.06,-9.724099999999998,9.8,3.49,-6.3100000000000005,0.4498694001588315,0.28938640132669985,-0.16048299883213163,0.5315803728407417,0.3477017895596644,-0.18387858328107726,11.0,4.52,-6.48,0.4977,0.5876,0.08990000000000004
1939,EL_to_NBA,0,False,,12.06,,,3.49,,,0.28938640132669985,,,0.3477017895596644,,,4.52,,0.7071,0.5876,-0.11949999999999994
1939,NBA_to_EL,1,False,6.07,18.6408,12.570799999999998,1.73,6.9,5.17,0.2850082372322899,0.37015578730526594,0.08514755007297603,0.3690280065897858,0.42953610101090833,0.06050809442112254,2.93,8.0,5.07,0.5769,0.4975,-0.07939999999999997
1943,NBA_to_EL,1,False,24.79,,,8.33,,,0.33602258975393307,,,0.43405632957871765,,,9.72,,,0.4769,0.4286,-0.04830000000000001
1949,NBA_to_EL,0,False,24.6,,,8.92,,,0.3626016260162601,,,0.46433901325314625,,,9.6,,,0.4754,0.5473,0.07190000000000002
1949,NBA_to_EL,0,False,21.31,29.8897,8.579700000000003,8.08,11.0,2.92,0.37916471140309715,0.36801975262381353,-0.01114495877928362,0.4941703064650038,0.49561531575921725,0.0014450092942134285,10.41,13.8,3.3900000000000006,0.554,0.5189,-0.03510000000000002
1949,EL_to_NBA,1,False,,22.24,,,8.88,,,0.3992805755395684,,,0.5320670293033867,,,10.15,,0.5473,0.511,-0.0363
1949,EL_to_NBA,0,False,29.8897,22.24,-7.649700000000003,11.0,8.88,-2.119999999999999,0.36801975262381353,0.3992805755395684,0.03126082291575488,0.49561531575921725,0.5320670293033867,0.03645171354416943,13.8,10.15,-3.6500000000000004,0.5189,0.511,-0.007900000000000018
1949,NBA_to_EL,0,False,14.69,,,4.39,,,0.2988427501701838,,,0.3685802889342712,,,4.64,,,0.4968,0.5484,0.05159999999999998
1949,EL_to_NBA,0,False,,17.5,,,6.0,,,0.34285714285714286,,,0.42857142857142855,,,6.0,,0.5484,0.5,-0.0484
1953,NBA_to_EL,0,False,3.6,,,0.6,,,0.16666666666666666,,,0.3333333333333333,,,0.4,,,0.3333,0.5,0.16670000000000001
1953,EL_to_NBA,0,False,,30.99,,,9.07,,,0.292675056469829,,,0.38012262020006454,,,10.27,,0.5,0.4563,-0.04370000000000002
1959,NBA_to_EL,0,False,11.5,,,4.38,,,0.3808695652173913,,,0.43478260869565216,,,5.12,,,0.5857,0.44,-0.1457
1959,EL_to_NBA,0,False,,27.51,,,8.29,,,0.3013449654671028,,,0.3600327153762268,,,10.47,,0.44,0.5814,0.14140000000000003
1968,NBA_to_EL,1,False,28.98,29.9147,0.9346999999999994,8.31,7.9,-0.41000000000000014,0.2867494824016563,0.26408421277833305,-0.02266526962332327,0.3949334856381333,0.3998820961325526,0.004948610494419303,11.86,14.1,2.24,0.5332,0.6074,0.07420000000000004
1968,NBA_to_EL,0,False,31.23,29.9147,-1.3153000000000006,8.47,7.9,-0.5700000000000003,0.271213576689081,0.26408421277833305,-0.007129363910747977,0.3892491194364393,0.3998820961325526,0.010632976696113294,11.72,14.1,2.379999999999999,0.5,0.6074,0.10740000000000005
1968,EL_to_NBA,0,False,29.9147,31.78,1.8653000000000013,7.9,8.75,0.8499999999999996,0.26408421277833305,0.2753303964757709,0.01124618369743785,0.3998820961325526,0.3879405286343612,-0.011941567498191419,14.1,12.36,-1.7400000000000002,0.6074,0.5384,-0.06900000000000006
1968,NBA_to_EL,0,False,19.04,,,3.56,,,0.1869747899159664,,,0.3111111111111111,,,5.02,,,0.5156,0.5714,0.05580000000000007
1973,NBA_to_EL,1,False,13.2,24.6968,11.4968,2.8,7.6,4.8,0.21212121212121213,0.3077321758284474,0.09561096370723529,0.34242424242424246,0.4296295953514702,0.08720535292722775,6.2,8.6,2.3999999999999995,0.6786,0.4371,-0.2415
1973,NBA_to_EL,0,False,8.55,24.6968,16.1468,1.73,7.6,5.869999999999999,0.20233918128654968,0.3077321758284474,0.10539299454189774,0.3555555555555555,0.4296295953514702,0.0740740397959147,1.09,8.6,7.51,0.1579,0.4371,0.2792
1974,NBA_to_EL,0,False,26.29,,,8.6,,,0.3271205781666033,,,0.4392354507417269,,,11.66,,,0.5531,0.4643,-0.08880000000000005
1974,EL_to_NBA,0,False,,34.42,,,13.3,,,0.3864032539221383,,,0.5132051292256016,,,16.66,,0.4643,0.5051,0.0408
1999,EL_to_NBA,1,False,24.3864,26.28,1.8936000000000028,7.8,11.44,3.6399999999999997,0.3198504084243677,0.4353120243531202,0.11546161592875254,0.459242006169802,0.5667831707912885,0.1075411646214865,9.9,12.84,2.9399999999999995,0.4786,0.4682,-0.01040000000000002
1999,EL_to_NBA,0,False,22.4458,26.28,3.8342000000000027,8.6,11.44,2.84,0.38314517638043644,0.4353120243531202,0.05216684797268378,0.48999515870823646,0.5667831707912885,0.07678801208305203,11.7,12.84,1.1400000000000006,0.5704,0.4682,-0.10220000000000001
2003,NBA_to_EL,0,False,25.94,,,4.22,,,0.16268311488049342,,,0.20663068619892058,,,5.08,,,0.5135,0.598,0.08450000000000002
2003,EL_to_NBA,0,False,,27.52,,,5.75,,,0.2089389534883721,,,0.2512650732127476,,,7.57,,0.598,0.5966,-0.0013999999999999568
2006,EL_to_NBA,0,False,,27.96,,,7.83,,,0.2800429184549356,,,0.34675843539551277,,,8.78,,0.5093,0.4829,-0.02639999999999998
2022,NBA_to_EL,0,False,20.32,,,7.15,,,0.35187007874015747,,,0.4230807086614174,,,9.22,,,0.5577,0.5,-0.057699999999999974
2022,EL_to_NBA,0,False,,9.5,,,3.3,,,0.34736842105263155,,,0.42115789473684206,,,3.65,,0.5,0.5152,0.015199999999999991
2029,NBA_to_EL,1,False,10.05,,,1.56,,,0.15522388059701492,,,0.24048052420822716,,,1.88,,,0.4922,0.4286,-0.06360000000000005
2029,EL_to_NBA,0,False,,6.47,,,1.27,,,0.19629057187017002,,,0.33065430190623396,,,1.67,,0.4286,0.4737,0.04510000000000003
2031,NBA_to_EL,1,False,7.33,13.8952,6.565200000000001,0.67,4.0,3.33,0.09140518417462483,0.28786919223904656,0.1964640080644217,0.34288312869486126,0.42049464152060734,0.07761151282574608,2.0,5.7,3.7,0.0,0.5179,0.5179
2033,EL_to_NBA,1,False,27.6494,27.88,0.23059999999999903,9.6,9.9,0.3000000000000007,0.34720464096870096,0.3550932568149211,0.007888615846220137,0.44067089030090034,0.4365596144649229,-0.004111275835977424,11.7,11.76,0.0600000000000005,0.5037,0.5291,0.025399999999999978
2033,EL_to_NBA,0,False,27.9477,27.88,-0.06770000000000209,9.9,9.9,0.0,0.35423308537017356,0.3550932568149211,0.0008601714447475373,0.48948571796605805,0.4365596144649229,-0.052926103501135136,14.6,11.76,-2.84,0.6065,0.5291,-0.07740000000000002
2039,EL_to_NBA,1,False,,7.5,,,2.42,,,0.32266666666666666,,,0.4911111111111111,,,2.67,,0.6364,0.4828,-0.15359999999999996
2043,EL_to_NBA,0,False,,6.39,,,2.0,,,0.3129890453834116,,,0.39603210661820387,,,2.29,,0.6552,0.4274,-0.2278
2061,EL_to_NBA,1,False,,17.89,,,5.29,,,0.2956959195081051,,,0.38126101138462193,,,6.05,,0.4762,0.5132,0.03699999999999998
2061,EL_to_NBA,0,False,16.5409,17.89,1.3491,6.0,5.29,-0.71,0.36273721502457545,0.2956959195081051,-0.06704129551647037,0.4522123947306374,0.38126101138462193,-0.07095138334601547,7.7,6.05,-1.6500000000000004,0.572,0.5132,-0.05879999999999996
2061,NBA_to_EL,1,False,20.79,,,8.0,,,0.3848003848003848,,,0.49951070640725814,,,8.81,,,0.4569,0.5061,0.04920000000000002
2061,NBA_to_EL,0,False,16.43,,,4.11,,,0.2501521606816799,,,0.3280469458767326,,,4.83,,,0.4771,0.5061,0.02899999999999997
2067,NBA_to_EL,1,False,4.67,,,1.17,,,0.2505353319057816,,,0.2755174875089222,,,0.67,,,0.2679,0.5455,0.27759999999999996
2067,NBA_to_EL,0,False,9.96,,,2.04,,,0.20481927710843373,,,0.23345232782983785,,,2.0,,,0.4545,0.5455,0.09099999999999997
2081,EL_to_NBA,1,False,,17.79,,,6.18,,,0.3473861720067454,,,0.4781773014923208,,,6.87,,0.6875,0.4465,-0.241
2087,NBA_to_EL,1,False,12.09,12.8047,0.7147000000000006,3.85,4.0,0.1499999999999999,0.3184449958643507,0.31238529602411613,-0.006059699840234578,0.4298318169285912,0.4051012518840738,-0.024730565044517372,4.15,5.1,0.9499999999999993,0.4519,0.555,0.10310000000000002
2087,EL_to_NBA,0,False,12.8047,19.0,6.1953,4.0,6.0,2.0,0.31238529602411613,0.3157894736842105,0.0034041776600943763,0.4051012518840738,0.3684210526315789,-0.03668019925249488,5.1,4.0,-1.0999999999999996,0.555,0.3333,-0.22170000000000006
2106,NBA_to_EL,1,False,16.98,,,4.31,,,0.2538280329799764,,,0.3340344382747209,,,4.71,,,0.453,0.5176,0.06459999999999994
2106,NBA_to_EL,0,False,22.0,,,3.47,,,0.15772727272727274,,,0.24540752351097178,,,4.62,,,0.4776,0.5176,0.039999999999999925
2113,NBA_to_EL,1,False,7.5,,,3.5,,,0.4666666666666667,,,0.6333333333333333,,,2.5,,,0.3571,0.4653,0.10820000000000002
2125,NBA_to_EL,1,False,6.29,,,2.36,,,0.37519872813990457,,,0.4312968430615489,,,1.57,,,0.3182,0.5851,0.26689999999999997
2134,NBA_to_EL,1,False,17.35,,,5.19,,,0.29913544668587894,,,0.325061934374842,,,5.46,,,0.5017,0.5167,0.015000000000000013
2134,NBA_to_EL,0,False,10.31,,,3.69,,,0.35790494665373423,,,0.40276430649854505,,,3.44,,,0.4492,0.5167,0.06750000000000006
2148,NBA_to_EL,0,False,9.93,,,2.73,,,0.27492447129909364,,,0.3525900817920566,,,2.9,,,0.4375,0.3824,-0.05509999999999998
2178,EL_to_NBA,1,False,10.1205,11.68,1.5594999999999999,2.4,2.29,-0.10999999999999988,0.23714243367422558,0.19606164383561644,-0.04108078983860913,0.31345365271554687,0.3052477840451249,-0.008205868670421945,3.5,3.68,0.18000000000000016,0.619,0.6282,0.009199999999999986
2178,EL_to_NBA,0,False,,11.68,,,2.29,,,0.19606164383561644,,,0.3052477840451249,,,3.68,,0.6,0.6282,0.028200000000000003
2178,NBA_to_EL,1,False,11.95,,,2.25,,,0.1882845188284519,,,0.28167912751217505,,,3.51,,,0.6423,0.5,-0.14229999999999998
2178,NBA_to_EL,0,False,11.08,,,3.11,,,0.2806859205776173,,,0.36833132771760924,,,3.92,,,0.5402,0.5,-0.040200000000000014
2179,NBA_to_EL,1,False,15.38,,,3.0,,,0.19505851755526657,,,0.26723016905071517,,,2.25,,,0.3333,,
2184,NBA_to_EL,1,False,20.54,,,6.98,,,0.33982473222979553,,,0.43244401168451807,,,6.64,,,0.3926,,
2184,NBA_to_EL,0,False,19.71,,,4.46,,,0.22628107559614408,,,0.2909876130724777,,,4.02,,,0.4235,,
2187,EL_to_NBA,1,False,19.9717,11.03,-8.941699999999999,6.2,3.05,-3.1500000000000004,0.31043927156927054,0.27651858567543064,-0.0339206858938399,0.3868952829122774,0.35374463088744557,-0.03315065202483186,7.9,3.9,-4.0,0.535,0.5699,0.03489999999999993
2187,EL_to_NBA,0,False,18.5524,11.03,-7.522399999999999,6.1,3.05,-3.05,0.32879843039175527,0.27651858567543064,-0.05227984471632463,0.38759713799061807,0.35374463088744557,-0.0338525071031725,7.1,3.9,-3.1999999999999997,0.493,0.5699,0.07689999999999997
2187,NBA_to_EL,1,False,20.1,19.8226,-0.2774000000000001,6.88,6.5,-0.3799999999999999,0.3422885572139303,0.3279085488281053,-0.014380008385825038,0.4068230277185501,0.42362938753926815,0.016806359820718042,8.69,9.6,0.9100000000000001,0.5604,0.5591,-0.0012999999999999678
2187,NBA_to_EL,0,False,17.62,19.8226,2.2026000000000003,5.33,6.5,1.17,0.3024971623155505,0.3279085488281053,0.025411386512554757,0.35742212132677514,0.42362938753926815,0.06620726621249301,6.79,9.6,2.8099999999999996,0.5911,0.5591,-0.03199999999999992
2201,EL_to_NBA,0,False,18.6312,3.89,-14.7412,4.1,1.67,-2.4299999999999997,0.22006097299154107,0.429305912596401,0.20924493960485993,0.2630930444863875,0.6241073978863182,0.3610143533999307,5.3,1.89,-3.41,0.5691,0.3,-0.26910000000000006
2201,EL_to_NBA,0,False,,2.86,,,1.0,,,0.3496503496503497,,,0.3936063936063936,,,0.86,,0.5357,0.3571,-0.17859999999999998
2230,NBA_to_EL,1,False,12.49,21.9083,9.4183,4.59,10.7,6.109999999999999,0.3674939951961569,0.4883993737533263,0.12090537855716943,0.48891716112616124,0.6012181075969686,0.11230094647080735,5.4,12.8,7.4,0.4851,0.5117,0.026600000000000068
2230,NBA_to_EL,0,False,7.3,21.9083,14.6083,2.4,10.7,8.299999999999999,0.3287671232876712,0.4883993737533263,0.1596322504656551,0.509041095890411,0.6012181075969686,0.09217701170655757,3.1,12.8,9.700000000000001,0.4167,0.5117,0.09500000000000003
2232,NBA_to_EL,0,False,10.43,,,3.43,,,0.3288590604026846,,,0.42405149979454876,,,3.07,,,0.3646,0.4516,0.08700000000000002
2232,NBA_to_EL,1,False,14.72,,,6.83,,,0.4639945652173913,,,0.5972872938530734,,,7.41,,,0.452,0.7,0.24799999999999994
2251,NBA_to_EL,0,False,6.8,,,1.6,,,0.23529411764705885,,,0.2647058823529412,,,1.2,,,0.375,0.4444,0.06940000000000002
2255,NBA_to_EL,1,False,7.14,,,1.61,,,0.2254901960784314,,,0.3745498199279712,,,2.04,,,0.4,0.4194,0.019399999999999973
2266,EL_to_NBA,1,False,8.82632,5.71,-3.116320000000001,2.5,2.0,-0.5,0.2832437527757887,0.3502626970227671,0.06701894424697835,0.3469288744525345,0.396797598198649,0.04986872374611451,2.7,1.64,-1.0600000000000003,0.5109,0.375,-0.13590000000000002
2266,EL_to_NBA,0,False,,5.71,,,2.0,,,0.3502626970227671,,,0.396797598198649,,,1.64,,0.2,0.375,0.175
2266,NBA_to_EL,1,False,9.54,,,3.0,,,0.3144654088050315,,,0.4274746444557766,,,3.78,,,0.5135,0.5909,0.07740000000000002
2266,NBA_to_EL,0,False,8.57,,,2.17,,,0.2532088681446908,,,0.3163860643440573,,,2.51,,,0.4868,0.5909,0.10409999999999997
2292,EL_to_NBA,1,False,19.2247,12.61,-6.614699999999999,5.0,2.58,-2.42,0.2600820819050493,0.20459952418715308,-0.0554825577178962,0.3629589943030465,0.2779331357736133,-0.08502585852943323,7.2,2.7,-4.5,0.5373,0.4456,-0.0917
2292,EL_to_NBA,0,False,24.4713,12.61,-11.8613,6.8,2.58,-4.22,0.2778765329181531,0.20459952418715308,-0.07327700873100004,0.3761196965847537,0.2779331357736133,-0.09818656081114041,9.0,2.7,-6.3,0.5606,0.4456,-0.11499999999999999
2292,NBA_to_EL,1,False,22.53,24.4486,1.9185999999999979,5.67,5.8,0.1299999999999999,0.25166444740346205,0.2372323977651072,-0.014432049638354844,0.35194453372514806,0.3418509762431296,-0.010093557482018456,7.71,8.4,0.6900000000000004,0.5775,0.6024,0.024900000000000033
2292,NBA_to_EL,0,False,15.03,24.4486,9.4186,3.34,5.8,2.46,0.2222222222222222,0.2372323977651072,0.015010175542885001,0.2929973386560213,0.3418509762431296,0.04885363758710831,2.75,8.4,5.65,0.3224,0.6024,0.28
2296,NBA_to_EL,1,False,7.2,,,2.85,,,0.3958333333333333,,,0.5386111111111112,,,2.75,,,0.3947,0.2222,-0.1725
2298,NBA_to_EL,0,False,3.0,,,3.0,,,1.0,,,1.0,,,0.0,,,0.0,0.325,0.325
2314,NBA_to_EL,0,False,15.75,,,4.38,,,0.27809523809523806,,,0.36984126984126986,,,6.0,,,0.6,0.62,0.020000000000000018
2325,NBA_to_EL,0,False,8.4,,,2.6,,,0.30952380952380953,,,0.42571428571428577,,,3.6,,,0.6538,0.4198,-0.23400000000000004
2327,NBA_to_EL,0,False,5.44,,,1.38,,,0.2536764705882353,,,0.39476102941176466,,,1.69,,,0.4091,0.6,0.19089999999999996
2327,EL_to_NBA,1,False,,12.43,,,3.86,,,0.31053901850362026,,,0.4412136536030341,,,5.71,,0.6,0.4815,-0.1185
2336,EL_to_NBA,0,False,,13.35,,,3.74,,,0.2801498127340824,,,0.3440118456580437,,,3.4,,0.3889,0.441,0.05209999999999998
2336,NBA_to_EL,1,False,17.96,19.123,1.1630000000000003,4.28,5.0,0.7199999999999998,0.2383073496659243,0.26146525126810644,0.023157901602182146,0.31161034182240727,0.3494406181653752,0.03783027634296793,5.0,6.6,1.5999999999999996,0.5025,0.5618,0.05930000000000002
2336,NBA_to_EL,0,False,13.0,19.123,6.123000000000001,3.0,5.0,2.0,0.23076923076923078,0.26146525126810644,0.030696020498875654,0.2998901098901099,0.3494406181653752,0.049550508275265304,3.71,6.6,2.8899999999999997,0.5714,0.5618,-0.009600000000000053
2355,NBA_to_EL,1,False,2.95,,,0.75,,,0.2542372881355932,,,0.415593220338983,,,1.0,,,0.5333,0.8182,0.28490000000000004
2361,NBA_to_EL,1,False,16.07,24.8049,8.7349,3.69,7.2,3.5100000000000002,0.2296204107031736,0.2902652298537789,0.060644819150605295,0.2820161792159303,0.3670645719192579,0.08504839270332759,4.44,9.4,4.96,0.5151,0.5603,0.04520000000000002
2361,NBA_to_EL,0,False,8.6,24.8049,16.204900000000002,1.4,7.2,5.800000000000001,0.1627906976744186,0.2902652298537789,0.1274745321793603,0.18604651162790697,0.3670645719192579,0.18101806029135092,0.4,9.4,9.0,0.1429,0.5603,0.4174
2361,EL_to_NBA,1,False,24.8049,23.71,-1.094899999999999,7.2,5.94,-1.2599999999999998,0.2902652298537789,0.25052720371151416,-0.03973802614226474,0.3670645719192579,0.2956352676137474,-0.07142930430551048,9.4,7.77,-1.6300000000000008,0.5603,0.5945,0.03420000000000001
2361,EL_to_NBA,0,False,27.1389,23.71,-3.4288999999999987,9.2,5.94,-3.259999999999999,0.3389967905847326,0.25052720371151416,-0.08846958687321843,0.423451208413016,0.2956352676137474,-0.12781594079926856,12.2,7.77,-4.43,0.5719,0.5945,0.022600000000000064
2364,NBA_to_EL,1,False,4.33,,,2.44,,,0.5635103926096997,,,0.6877084937131127,,,2.11,,,0.4318,,
2364,NBA_to_EL,0,False,12.18,,,4.3,,,0.3530377668308703,,,0.48111658456486045,,,4.8,,,0.4273,,
2369,NBA_to_EL,1,False,8.33,,,1.33,,,0.1596638655462185,,,0.23449379751900762,,,1.0,,,0.25,0.4375,0.1875
2369,NBA_to_EL,0,False,11.33,,,2.33,,,0.205648720211827,,,0.28655486907914096,,,4.5,,,0.8571,0.4375,-0.4196
2369,EL_to_NBA,0,False,,3.5,,,0.5,,,0.14285714285714285,,,0.21428571428571427,,,0.5,,0.4375,0.5,0.0625
2371,EL_to_NBA,0,False,,16.14,,,4.64,,,0.28748451053283763,,,0.37236679058240396,,,5.64,,0.3077,0.549,0.24130000000000007
2371,NBA_to_EL,1,False,16.14,12.2147,-3.9253,4.64,2.8,-1.8399999999999999,0.28748451053283763,0.22923199096171004,-0.05825251957112759,0.37236679058240396,0.30719605821736856,-0.0651707323650354,5.64,4.0,-1.6399999999999997,0.549,0.6944,0.14539999999999997
2371,NBA_to_EL,0,False,7.38,12.2147,4.834700000000001,2.56,2.8,0.23999999999999977,0.34688346883468835,0.22923199096171004,-0.1176514778729783,0.41463414634146345,0.30719605821736856,-0.10743808812409489,2.12,4.0,1.88,0.4146,0.6944,0.2798
2380,EL_to_NBA,1,False,19.5653,14.86,-4.705300000000001,6.4,3.7,-2.7,0.3271097299811401,0.2489905787348587,-0.07811915124628138,0.42975744472782595,0.3469525091328591,-0.08280493559496688,9.2,5.25,-3.9499999999999993,0.5817,0.5794,-0.0022999999999999687
2380,EL_to_NBA,0,False,19.7411,14.86,-4.8811,6.5,3.7,-2.8,0.32926230047970984,0.2489905787348587,-0.08027172174485114,0.4258459086204247,0.3469525091328591,-0.07889339948756563,9.6,5.25,-4.35,0.6392,0.5794,-0.059799999999999964
2380,NBA_to_EL,0,False,8.0,,,4.0,,,0.5,,,0.5,,,2.0,,,0.25,0.6106,0.36060000000000003
2380,NBA_to_EL,0,False,16.34,20.5241,4.184100000000001,3.39,6.4,3.0100000000000002,0.20746634026927785,0.3118285332852598,0.10436219301598193,0.2740771758036462,0.40250498835899984,0.12842781255535363,4.26,9.7,5.4399999999999995,0.5078,0.6224,0.11459999999999992
2386,NBA_to_EL,1,False,14.65,,,2.61,,,0.1781569965870307,,,0.27541178216352574,,,4.3,,,0.6,0.5818,-0.018199999999999994
2399,NBA_to_EL,0,False,4.42,,,1.42,,,0.3212669683257918,,,0.4211717075494165,,,1.47,,,0.3519,0.3158,-0.036099999999999965
2435,EL_to_NBA,1,False,,24.22,,,9.07,,,0.37448389760528494,,,0.48227360308285167,,,8.16,,,0.4118,
2435,EL_to_NBA,0,False,,24.22,,,9.07,,,0.37448389760528494,,,0.48227360308285167,,,8.16,,,0.4118,
2435,NBA_to_EL,1,False,20.62,12.7846,-7.835400000000002,7.32,3.3,-4.0200000000000005,0.3549951503394762,0.25812305429970434,-0.09687209603977187,0.4380669823700576,0.3138034707266439,-0.1242635116434137,8.12,3.9,-4.219999999999999,0.51,0.5278,0.017800000000000038
2435,NBA_to_EL,0,False,6.0,12.7846,6.784599999999999,1.6,3.3,1.6999999999999997,0.26666666666666666,0.25812305429970434,-0.008543612366962328,0.34600000000000003,0.3138034707266439,-0.032196529273356145,1.2,3.9,2.7,0.3125,0.5278,0.21530000000000005
2438,EL_to_NBA,0,False,,8.72,,,2.78,,,0.31880733944954126,,,0.40927624872578994,,,3.19,,0.5753,0.4933,-0.08200000000000002
2442,NBA_to_EL,1,False,4.42,9.32917,4.90917,1.33,1.9,0.5699999999999998,0.30090497737556565,0.2036622764940504,-0.09724270088151526,0.3891402714932127,0.2587889077255227,-0.13035136376768997,1.83,2.6,0.77,0.5938,0.5962,0.0023999999999999577
2442,NBA_to_EL,0,False,6.33,9.32917,2.9991699999999994,1.0,1.9,0.8999999999999999,0.1579778830963665,0.2036622764940504,0.045684393397683876,0.2796208530805687,0.2587889077255227,-0.02083194535504601,1.5,2.6,1.1,0.5,0.5962,0.09619999999999995
2470,EL_to_NBA,0,False,16.8705,16.19,-0.6804999999999986,6.0,4.3,-1.7000000000000002,0.35565039566106516,0.2655960469425571,-0.09005434871850804,0.452861503808423,0.3789490540571454,-0.07391244975127759,7.2,5.78,-1.42,0.4886,0.5259,0.037300000000000055
2472,EL_to_NBA,1,False,,23.28,,,5.78,,,0.24828178694158076,,,0.29023482245131726,,,6.33,,0.537,0.5016,-0.03539999999999999
2472,EL_to_NBA,0,False,14.2846,23.28,8.995400000000002,3.6,5.78,2.18,0.2520196575332876,0.24828178694158076,-0.0037378705917068267,0.3223482200842435,0.29023482245131726,-0.032113397632926255,4.0,6.33,2.33,0.5053,0.5016,-0.0036999999999999256
2511,NBA_to_EL,1,False,7.12,,,1.85,,,0.2598314606741573,,,0.35159176029962547,,,2.39,,,0.5246,0.5714,0.046800000000000064
2511,NBA_to_EL,0,False,6.12,,,1.88,,,0.3071895424836601,,,0.40622509166268134,,,2.29,,,0.513,0.5714,0.05840000000000001
2511,EL_to_NBA,1,False,23.7937,27.07,3.276299999999999,6.7,8.04,1.339999999999999,0.28158714281511493,0.2970077576653121,0.01542061485019719,0.36761397141781804,0.3748588316006122,0.007244860182794133,9.7,10.97,1.2700000000000014,0.5918,0.5933,0.0015000000000000568
2511,EL_to_NBA,0,False,23.5895,27.07,3.4804999999999993,6.2,8.04,1.839999999999999,0.262828800949575,0.2970077576653121,0.03417895671573712,0.3479576993216536,0.3748588316006122,0.026901132278958573,10.5,10.97,0.47000000000000064,0.6696,0.5933,-0.07629999999999992
2530,NBA_to_EL,1,False,10.74,,,3.08,,,0.28677839851024206,,,0.39017810246860524,,,4.95,,,0.6708,0.6512,-0.01959999999999995
2580,EL_to_NBA,0,False,17.6833,27.35,9.666700000000002,5.7,9.45,3.749999999999999,0.322338025142366,0.3455210237659963,0.023182998623630324,0.4806795111772124,0.4582759105611025,-0.02240360061610991,7.4,10.12,2.719999999999999,0.528,0.4536,-0.07440000000000002
2580,NBA_to_EL,1,False,19.41,27.5934,8.183399999999999,5.77,10.2,4.43,0.297269448737764,0.36965361282045706,0.07238416408269305,0.40443070582174134,0.5858888961369989,0.18145819031525756,6.7,17.0,10.3,0.4567,0.5206,0.06389999999999996
2580,NBA_to_EL,0,False,15.38,27.5934,12.213399999999998,5.08,10.2,5.119999999999999,0.33029908972691807,0.36965361282045706,0.039354523093538984,0.4314794438331499,0.5858888961369989,0.154409452303849,4.15,17.0,12.85,0.3258,0.5206,0.19479999999999997
2616,EL_to_NBA,0,False,,11.0,,,4.75,,,0.4318181818181818,,,0.5,,,3.25,,0.6667,0.3421,-0.32459999999999994
2616,NBA_to_EL,0,False,11.0,20.6247,9.6247,4.75,6.4,1.6500000000000004,0.4318181818181818,0.31030754386730475,-0.12151063795087708,0.5,0.4052723525508333,-0.09472764744916667,3.25,8.0,4.75,0.3421,0.5053,0.16319999999999996
2669,EL_to_NBA,1,False,,16.0,,,5.1,,,0.31875,,,0.48874999999999996,,,5.2,,0.375,0.4902,0.11520000000000002
2678,EL_to_NBA,1,False,,24.57,,,10.39,,,0.4228734228734229,,,0.5085117351784019,,,12.56,,0.5851,0.5366,-0.04849999999999999
2746,NBA_to_EL,1,False,7.0,,,3.0,,,0.42857142857142855,,,0.5985714285714285,,,2.75,,,0.3333,0.4848,0.15150000000000002
2780,NBA_to_EL,1,False,1.75,22.4119,20.6619,0.25,10.0,9.75,0.14285714285714285,0.44619153217710233,0.3033343893199595,0.4114285714285714,0.5546543194846105,0.1432257480560391,0.5,11.6,11.1,0.0,0.4844,0.4844
2780,NBA_to_EL,0,False,12.76,22.4119,9.6519,4.48,10.0,5.52,0.35109717868338564,0.44619153217710233,0.0950943534937167,0.4087177190625467,0.5546543194846105,0.1459366004220638,5.0,11.6,6.6,0.5027,0.4844,-0.01830000000000004
2797,NBA_to_EL,1,False,5.6,10.7367,5.136700000000001,1.8,3.6,1.8,0.32142857142857145,0.33529855542205705,0.013869983993485602,0.4117857142857143,0.42967888954085826,0.017893175255143945,1.87,5.4,3.5300000000000002,0.4815,0.6481,0.16660000000000003
2815,NBA_to_EL,0,False,5.92,14.3722,8.4522,1.33,2.9,1.5699999999999998,0.22466216216216217,0.20177843336441184,-0.02288372879775033,0.2505630630630631,0.2631005227684929,0.012537459705429799,1.08,3.7,2.62,0.4062,0.5632,0.15700000000000003
2842,EL_to_NBA,1,False,,17.83,,,4.49,,,0.25182277061132924,,,0.33527338913639304,,,6.19,,1.0,0.5672,-0.43279999999999996
2904,NBA_to_EL,1,False,23.0,,,8.14,,,0.3539130434782609,,,0.45161490683229816,,,9.86,,,0.5263,0.5225,-0.0038000000000000256
2904,NBA_to_EL,0,False,9.4,,,3.67,,,0.3904255319148936,,,0.520534388916378,,,4.12,,,0.4209,0.5225,0.10159999999999997
2956,NBA_to_EL,1,False,24.0,16.3515,-7.6484999999999985,7.2,4.5,-2.7,0.3,0.27520410971470505,-0.02479589028529494,0.40499999999999997,0.37017650836134836,-0.034823491638651616,8.8,5.2,-3.6000000000000005,0.4583,0.5164,0.058099999999999985
2956,NBA_to_EL,0,False,2.0,16.3515,14.351500000000001,0.67,4.5,3.83,0.335,0.27520410971470505,-0.05979589028529497,0.335,0.37017650836134836,0.035176508361348335,0.67,5.2,4.53,0.5,0.5164,0.01639999999999997
2983,NBA_to_EL,0,False,15.14,,,6.19,,,0.4088507265521797,,,0.47820343461030385,,,6.94,,,0.5056,0.5103,0.0046999999999999265
2985,NBA_to_EL,1,False,9.14,,,3.88,,,0.424507658643326,,,0.532975421098163,,,4.81,,,0.524,0.4886,-0.03540000000000004
2995,NBA_to_EL,1,False,16.75,22.1774,5.427399999999999,5.25,8.0,2.75,0.31343283582089554,0.3607275875440764,0.04729475172318087,0.3283582089552239,0.47764405321662834,0.14928584426140445,5.0,11.1,6.1,0.4762,0.5549,0.07869999999999994
3019,NBA_to_EL,1,False,19.97,21.1905,1.2205000000000013,5.53,8.7,3.169999999999999,0.2769153730595894,0.4105613364479365,0.1336459633883471,0.33655655897639564,0.5480443280400809,0.21148776906368522,7.22,13.5,6.28,0.5763,0.6033,0.026999999999999913
3019,NBA_to_EL,0,False,19.57,21.1905,1.6204999999999998,5.42,8.7,3.2799999999999994,0.27695452222789985,0.4105613364479365,0.13360681422003667,0.33214843778928116,0.5480443280400809,0.2158958902507997,6.54,13.5,6.96,0.5281,0.6033,0.07519999999999993
3035,NBA_to_EL,1,False,2.5,,,1.0,,,0.4,,,0.6,,,1.0,,,0.5,0.4915,-0.008500000000000008
3042,NBA_to_EL,1,False,5.33,19.2775,13.9475,1.67,5.9,4.23,0.3133208255159475,0.3060562832317469,-0.0072645422842005924,0.4784240150093808,0.420263085027707,-0.058160929981673826,4.0,8.4,4.4,0.8,0.6065,-0.1935
3046,NBA_to_EL,0,False,10.46,,,2.0,,,0.19120458891013384,,,0.2724665391969407,,,1.85,,,0.4615,,
