nba_player_id,full_name,season,games_played,fga_per_game,efg_pct,three_pt_pct,points_per_game
949,Shareef Abdur-Rahim,2007/08,6,2.33,0.2143,0.0,1.67
203518,Alex Abrines,2016/17,68,5.01,0.5308,38.1,5.97
203518,Alex Abrines,2017/18,75,3.88,0.5395,38.0,4.71
203518,Alex Abrines,2018/19,31,5.06,0.4873,32.3,5.32
1630173,Precious Achiuwa,2020/21,61,3.74,0.5439,0.0,4.98
1630173,Precious Achiuwa,2021/22,73,8.26,0.4859,35.9,9.1
1630173,Precious Achiuwa,2022/23,55,7.35,0.521,26.9,9.24
1630173,Precious Achiuwa,2023/24,74,6.8,0.4971,27.7,7.72
1630173,Precious Achiuwa,2024/25,57,5.74,0.5168,27.8,6.65
1630173,Precious Achiuwa,2025/26,73,8.19,0.551,27.8,10.08
203112,Quincy Acy,2012/13,29,2.59,0.5667,50.0,4.0
203112,Quincy Acy,2013/14,63,2.0,0.5,40.0,2.71
203112,Quincy Acy,2014/15,68,4.87,0.4864,30.0,5.85
203112,Quincy Acy,2015/16,59,3.63,0.6005,38.8,5.2
203112,Quincy Acy,2016/17,38,2.83,0.3235,14.3,2.17
203112,Quincy Acy,2017/18,70,5.21,0.4959,34.9,5.87
203112,Quincy Acy,2018/19,10,1.8,0.2778,13.3,1.7
200801,Hassan Adams,2008/09,12,1.08,0.3077,0.0,0.92
1629121,Jaylen Adams,2018/19,34,3.24,0.4591,33.8,3.18
1629121,Jaylen Adams,2020/21,7,1.14,0.125,0.0,0.29
203919,Jordan Adams,2014/15,30,2.87,0.4651,40.0,3.13
203919,Jordan Adams,2015/16,2,3.0,0.3333,0.0,3.5
203500,Steven Adams,2013/14,81,2.28,0.5027,0.0,3.27
203500,Steven Adams,2014/15,70,5.7,0.5439,0.0,7.67
203500,Steven Adams,2015/16,80,5.33,0.6127,0.0,7.95
203500,Steven Adams,2016/17,80,8.19,0.571,0.0,11.31
203500,Steven Adams,2017/18,76,9.37,0.6292,0.0,13.89
203500,Steven Adams,2018/19,80,10.11,0.5946,0.0,13.85
203500,Steven Adams,2019/20,63,7.59,0.5931,33.3,10.86
203500,Steven Adams,2020/21,58,5.31,0.6136,0.0,7.55
203500,Steven Adams,2021/22,76,5.05,0.5469,0.0,6.95
203500,Steven Adams,2022/23,42,6.26,0.597,0.0,8.6
203500,Steven Adams,2024/25,58,2.88,0.5449,0.0,3.88
203500,Steven Adams,2025/26,32,4.34,0.5036,0.0,5.84
1628389,Bam Adebayo,2017/18,69,4.93,0.5118,0.0,6.91
1628389,Bam Adebayo,2018/19,82,5.93,0.5792,20.0,8.89
1628389,Bam Adebayo,2019/20,72,10.97,0.5582,14.3,15.92
1628389,Bam Adebayo,2020/21,64,12.5,0.5713,25.0,18.7
1628389,Bam Adebayo,2021/22,56,13.02,0.5569,0.0,19.07
1628389,Bam Adebayo,2022/23,75,14.85,0.5408,8.3,20.39
1628389,Bam Adebayo,2023/24,71,14.32,0.5285,35.7,19.25
1628389,Bam Adebayo,2024/25,78,14.27,0.5207,35.7,18.08
1628389,Bam Adebayo,2025/26,73,15.68,0.4974,31.8,20.11
1629061,Deng Adel,2018/19,19,1.89,0.3889,26.1,1.68
202399,Jeff Adrien,2010/11,23,2.35,0.4259,0.0,2.48
202399,Jeff Adrien,2011/12,8,2.0,0.4375,0.0,2.62
202399,Jeff Adrien,2012/13,52,3.23,0.4286,0.0,4.02
202399,Jeff Adrien,2013/14,53,1.6,0.55,0.0,2.28
202399,Jeff Adrien,2014/15,17,2.59,0.4318,0.0,3.53
201167,Arron Afflalo,2007/08,75,3.21,0.4315,20.8,3.68
201167,Arron Afflalo,2008/09,74,4.05,0.5083,40.2,4.91
201167,Arron Afflalo,2009/10,82,7.13,0.5573,43.4,8.83
201167,Arron Afflalo,2010/11,69,9.09,0.5813,42.3,12.57
201167,Arron Afflalo,2011/12,62,11.27,0.5336,39.8,15.21
201167,Arron Afflalo,2012/13,64,14.14,0.4785,30.0,16.52
201167,Arron Afflalo,2013/14,73,13.85,0.5223,42.7,18.22
201167,Arron Afflalo,2014/15,78,12.4,0.4901,33.7,14.55
201167,Arron Afflalo,2015/16,71,11.25,0.5,38.2,12.8
201167,Arron Afflalo,2016/17,61,6.89,0.5143,41.1,8.44
201167,Arron Afflalo,2017/18,53,3.06,0.4846,38.6,3.38
1630534,Ochai Agbaji,2022/23,59,6.54,0.5324,35.5,7.92
1630534,Ochai Agbaji,2023/24,78,4.88,0.5201,33.1,5.37
1630534,Ochai Agbaji,2024/25,64,8.34,0.5927,39.9,10.42
1630534,Ochai Agbaji,2025/26,62,4.05,0.4588,18.5,4.31
200772,Maurice Ager,2007/08,26,2.25,0.1852,0.0,1.25
200772,Maurice Ager,2008/09,20,2.15,0.3488,0.0,1.7
200772,Maurice Ager,2010/11,4,2.75,0.6818,75.0,3.75
201582,Alexis Ajinca,2008/09,31,2.23,0.3623,0.0,2.26
201582,Alexis Ajinca,2009/10,6,1.67,0.5,0.0,1.67
201582,Alexis Ajinca,2010/11,34,3.2,0.4219,42.9,2.9
201582,Alexis Ajinca,2013/14,56,4.45,0.5462,0.0,5.86
201582,Alexis Ajinca,2014/15,68,4.84,0.5502,0.0,6.51
201582,Alexis Ajinca,2015/16,59,5.34,0.4762,0.0,5.97
201582,Alexis Ajinca,2016/17,39,4.56,0.5,0.0,5.31
203006,Josh Akognon,2012/13,3,1.33,0.625,50.0,1.67
202374,Solomon Alabi,2010/11,12,1.25,0.2,0.0,0.5
202374,Solomon Alabi,2011/12,14,2.57,0.3611,0.0,2.36
1630583,Santi Aldama,2021/22,32,4.12,0.4242,12.5,4.12
1630583,Santi Aldama,2022/23,77,6.82,0.56,35.3,9.04
1630583,Santi Aldama,2023/24,61,9.31,0.5282,34.9,10.72
1630583,Santi Aldama,2024/25,65,9.97,0.5756,36.8,12.48
1630583,Santi Aldama,2025/26,43,11.07,0.5525,35.0,14.0
202332,Cole Aldrich,2010/11,18,0.83,0.5333,0.0,1.0
202332,Cole Aldrich,2011/12,26,1.62,0.5238,0.0,2.19
202332,Cole Aldrich,2012/13,45,1.43,0.5349,0.0,1.67
202332,Cole Aldrich,2013/14,46,1.33,0.541,0.0,2.0
202332,Cole Aldrich,2014/15,61,4.93,0.4784,0.0,5.54
202332,Cole Aldrich,2015/16,60,3.75,0.5956,0.0,5.47
202332,Cole Aldrich,2016/17,62,1.39,0.5233,0.0,1.69
202332,Cole Aldrich,2017/18,21,0.71,0.3333,0.0,0.57
200746,LaMarcus Aldridge,2007/08,76,15.26,0.4841,14.3,17.76
200746,LaMarcus Aldridge,2008/09,81,15.35,0.4863,25.0,18.15
200746,LaMarcus Aldridge,2009/10,78,14.99,0.4974,31.3,17.86
200746,LaMarcus Aldridge,2010/11,81,17.47,0.5011,17.4,21.84
200746,LaMarcus Aldridge,2011/12,55,17.15,0.5133,18.2,21.65
200746,LaMarcus Aldridge,2012/13,74,17.81,0.4848,14.3,21.08
200746,LaMarcus Aldridge,2013/14,69,20.62,0.4592,20.0,23.23
200746,LaMarcus Aldridge,2014/15,71,19.93,0.4788,35.2,23.39
200746,LaMarcus Aldridge,2015/16,74,14.12,0.5129,0.0,17.99
200746,LaMarcus Aldridge,2016/17,72,14.57,0.4876,41.1,17.26
200746,LaMarcus Aldridge,2017/18,75,17.96,0.52,29.3,23.13
200746,LaMarcus Aldridge,2018/19,81,16.28,0.5224,23.8,21.32
200746,LaMarcus Aldridge,2019/20,53,14.96,0.5315,38.9,18.89
200746,LaMarcus Aldridge,2020/21,26,11.81,0.5181,36.0,13.71
200746,LaMarcus Aldridge,2021/22,47,9.74,0.5655,30.4,12.91
1626146,Cliff Alexander,2015/16,8,1.25,0.5,0.0,1.25
201570,Joe Alexander,2008/09,59,4.15,0.449,34.8,4.71
201570,Joe Alexander,2009/10,8,0.75,0.1667,0.0,0.5
1629734,Kyle Alexander,2019/20,2,1.0,0.5,0.0,1.0
1641725,Trey Alexander,2024/25,24,1.71,0.3537,17.6,1.33
1641725,Trey Alexander,2025/26,9,4.11,0.5946,50.0,5.22
1630234,Ty-Shon Alexander,2020/21,15,0.8,0.3333,22.2,0.6
1629638,Nickeil Alexander-Walker,2019/20,47,5.66,0.4549,34.6,5.68
1629638,Nickeil Alexander-Walker,2020/21,46,9.96,0.5022,34.7,11.04
1629638,Nickeil Alexander-Walker,2021/22,65,12.64,0.4502,31.1,12.78
1629638,Nickeil Alexander-Walker,2022/23,59,4.72,0.5912,40.2,6.33
1629638,Nickeil Alexander-Walker,2023/24,82,6.56,0.5604,39.1,7.99
1629638,Nickeil Alexander-Walker,2024/25,82,7.51,0.5528,38.1,9.43
1629638,Nickeil Alexander-Walker,2025/26,78,15.32,0.5636,39.9,20.82
1628959,Rawle Alkins,2018/19,10,3.9,0.3718,25.0,3.7
1628960,Grayson Allen,2018/19,38,4.68,0.4663,32.3,5.55
1628960,Grayson Allen,2019/20,38,6.61,0.5797,40.4,8.68
1628960,Grayson Allen,2020/21,50,8.28,0.5471,39.1,10.64
1628960,Grayson Allen,2021/22,66,8.62,0.5879,40.9,11.11
1628960,Grayson Allen,2022/23,72,7.74,0.5709,39.9,10.42
1628960,Grayson Allen,2023/24,75,9.09,0.6488,46.1,13.52
1628960,Grayson Allen,2024/25,64,7.64,0.6002,42.6,10.62
1628960,Grayson Allen,2025/26,51,13.08,0.5225,34.9,16.49
1628386,Jarrett Allen,2017/18,72,5.51,0.5957,33.3,8.15
1628386,Jarrett Allen,2018/19,80,7.1,0.5951,13.3,10.91
1628386,Jarrett Allen,2019/20,70,6.64,0.6495,0.0,11.07
1628386,Jarrett Allen,2020/21,63,5.42,0.6769,0.0,11.17
1628386,Jarrett Allen,2021/22,56,9.73,0.678,10.0,16.14
1628386,Jarrett Allen,2022/23,68,9.21,0.6446,10.0,14.25
1628386,Jarrett Allen,2023/24,77,10.64,0.6337,0.0,16.51
1628386,Jarrett Allen,2024/25,82,7.8,0.7063,0.0,13.45
1628386,Jarrett Allen,2025/26,56,9.43,0.6392,10.0,15.36
1628443,Kadeem Allen,2017/18,18,1.22,0.2727,0.0,1.06
1628443,Kadeem Allen,2018/19,19,7.42,0.5213,47.2,9.95
1628443,Kadeem Allen,2019/20,10,4.4,0.4886,31.3,5.0
202730,Lavoy Allen,2011/12,41,4.07,0.4731,0.0,4.12
202730,Lavoy Allen,2012/13,79,5.75,0.4537,0.0,5.76
202730,Lavoy Allen,2013/14,65,5.22,0.4436,15.4,5.16
202730,Lavoy Allen,2014/15,63,4.75,0.4716,0.0,5.0
202730,Lavoy Allen,2015/16,79,4.68,0.5162,0.0,5.42
202730,Lavoy Allen,2016/17,61,2.75,0.4583,0.0,2.9
2124,Malik Allen,2007/08,73,5.44,0.477,50.0,5.44
2124,Malik Allen,2008/09,49,3.47,0.4294,0.0,3.18
2124,Malik Allen,2009/10,51,2.27,0.4009,16.7,2.06
2124,Malik Allen,2010/11,18,1.72,0.3548,0.0,1.28
951,Ray Allen,2007/08,73,13.51,0.5365,39.8,17.44
951,Ray Allen,2008/09,79,13.16,0.5755,40.9,18.15
951,Ray Allen,2009/10,80,12.16,0.5514,36.3,16.3
951,Ray Allen,2010/11,80,12.22,0.5767,44.4,16.51
951,Ray Allen,2011/12,46,10.72,0.5659,45.3,14.24
951,Ray Allen,2012/13,79,8.24,0.5553,41.9,10.92
951,Ray Allen,2013/14,73,7.44,0.5488,37.5,9.6
2754,Tony Allen,2007/08,75,5.19,0.4576,31.6,6.59
2754,Tony Allen,2008/09,46,6.17,0.493,22.2,7.8
2754,Tony Allen,2009/10,54,4.69,0.5099,0.0,6.11
2754,Tony Allen,2010/11,72,6.83,0.5142,17.4,8.93
2754,Tony Allen,2011/12,58,7.72,0.4777,30.8,9.79
2754,Tony Allen,2012/13,79,8.08,0.4475,12.5,8.92
2754,Tony Allen,2013/14,55,7.51,0.5073,23.4,9.0
2754,Tony Allen,2014/15,63,7.22,0.5055,34.5,8.56
2754,Tony Allen,2015/16,64,7.33,0.4744,35.7,8.36
2754,Tony Allen,2016/17,71,8.38,0.4731,27.8,9.06
2754,Tony Allen,2017/18,22,4.14,0.5055,33.3,4.68
200984,Lance Allred,2007/08,3,1.33,0.25,0.0,1.0
201165,Morris Almond,2007/08,9,1.67,0.3,25.0,1.44
201165,Morris Almond,2008/09,25,3.24,0.4383,29.4,3.68
201165,Morris Almond,2011/12,4,4.25,0.3824,33.3,3.5
1747,Rafer Alston,2007/08,74,12.49,0.4713,35.1,13.09
1747,Rafer Alston,2008/09,77,10.88,0.4464,34.8,11.5
1747,Rafer Alston,2009/10,52,10.26,0.3935,32.2,9.7
1630631,Jose Alvarado,2021/22,54,5.44,0.5,29.1,6.11
1630631,Jose Alvarado,2022/23,61,8.02,0.4959,33.6,9.02
1630631,Jose Alvarado,2023/24,56,6.16,0.5246,37.7,7.09
1630631,Jose Alvarado,2024/25,56,9.3,0.4981,35.9,10.34
1630631,Jose Alvarado,2025/26,69,6.83,0.5429,36.3,7.9
202329,Al-Farouq Aminu,2010/11,81,5.01,0.4495,31.5,5.64
202329,Al-Farouq Aminu,2011/12,66,5.53,0.4288,27.7,6.05
202329,Al-Farouq Aminu,2012/13,76,6.24,0.4789,21.1,7.3
202329,Al-Farouq Aminu,2013/14,80,6.17,0.4868,27.1,7.15
202329,Al-Farouq Aminu,2014/15,74,4.82,0.4594,27.4,5.57
202329,Al-Farouq Aminu,2015/16,82,8.77,0.5035,36.1,10.23
202329,Al-Farouq Aminu,2016/17,61,7.64,0.4678,33.0,8.72
202329,Al-Farouq Aminu,2017/18,69,8.43,0.5026,36.9,9.33
202329,Al-Farouq Aminu,2018/19,81,7.32,0.5143,34.3,9.38
202329,Al-Farouq Aminu,2019/20,18,4.78,0.343,25.0,4.33
202329,Al-Farouq Aminu,2020/21,23,5.24,0.4438,22.6,5.47
200811,Lou Amundson,2007/08,16,1.0,0.5,0.0,1.12
200811,Lou Amundson,2008/09,76,3.29,0.536,0.0,4.22
200811,Lou Amundson,2009/10,79,3.49,0.5507,0.0,4.7
200811,Lou Amundson,2010/11,46,3.98,0.4536,0.0,4.35
200811,Lou Amundson,2011/12,60,3.45,0.43,0.0,3.55
200811,Lou Amundson,2012/13,39,1.9,0.3684,0.0,1.6
200811,Lou Amundson,2013/14,19,1.78,0.5,0.0,2.11
200811,Lou Amundson,2014/15,53,1.0,0.3333,0.0,0.92
200811,Lou Amundson,2015/16,29,1.83,0.3585,0.0,1.79
2365,Chris Andersen,2007/08,5,1.4,0.2857,0.0,1.2
2365,Chris Andersen,2008/09,71,4.11,0.5514,20.0,6.37
2365,Chris Andersen,2009/10,76,3.3,0.5657,0.0,5.89
2365,Chris Andersen,2010/11,45,3.04,0.5985,0.0,5.56
2365,Chris Andersen,2011/12,32,3.38,0.5463,0.0,5.25
2365,Chris Andersen,2012/13,42,2.93,0.5854,66.7,4.93
2365,Chris Andersen,2013/14,72,3.82,0.6491,25.0,6.62
2365,Chris Andersen,2014/15,60,3.45,0.5894,30.8,5.33
2365,Chris Andersen,2015/16,27,1.43,0.5,40.0,1.86
2365,Chris Andersen,2016/17,12,1.83,0.4091,0.0,2.33
1507,Derek Anderson,2007/08,28,4.46,0.452,36.5,5.04
202341,James Anderson,2010/11,26,3.12,0.4938,39.1,3.62
202341,James Anderson,2011/12,51,3.41,0.4339,27.9,3.73
202341,James Anderson,2012/13,39,2.5,0.54,45.5,3.4
202341,James Anderson,2013/14,80,8.96,0.5112,32.8,10.12
202341,James Anderson,2015/16,51,3.49,0.441,26.7,3.51
1626147,Justin Anderson,2015/16,55,3.18,0.4686,26.5,3.78
1626147,Justin Anderson,2016/17,75,5.43,0.4675,30.3,6.45
1626147,Justin Anderson,2017/18,38,5.32,0.5149,33.0,6.21
1626147,Justin Anderson,2018/19,48,3.27,0.4841,31.2,3.71
1626147,Justin Anderson,2019/20,10,3.8,0.3421,20.7,2.8
1626147,Justin Anderson,2021/22,16,2.67,0.625,33.3,4.33
203937,Kyle Anderson,2014/15,33,2.7,0.3652,27.3,2.24
203937,Kyle Anderson,2015/16,78,3.78,0.4881,32.4,4.49
203937,Kyle Anderson,2016/17,72,2.9,0.4809,37.5,3.42
203937,Kyle Anderson,2017/18,74,5.92,0.5491,33.3,7.91
203937,Kyle Anderson,2018/19,43,6.42,0.5598,26.5,8.05
203937,Kyle Anderson,2019/20,67,4.94,0.5106,28.2,5.82
203937,Kyle Anderson,2020/21,69,9.54,0.5395,36.0,12.38
203937,Kyle Anderson,2021/22,69,6.8,0.484,33.0,7.55
203937,Kyle Anderson,2022/23,69,7.17,0.5525,41.0,9.38
203937,Kyle Anderson,2023/24,79,5.48,0.4723,22.9,6.41
203937,Kyle Anderson,2024/25,61,4.69,0.5059,36.5,5.25
203937,Kyle Anderson,2025/26,43,5.45,0.5367,60.0,7.1
201583,Ryan Anderson,2008/09,66,6.17,0.4779,36.5,7.38
201583,Ryan Anderson,2009/10,63,6.16,0.5361,37.0,7.73
201583,Ryan Anderson,2010/11,64,8.2,0.5581,39.3,10.64
201583,Ryan Anderson,2011/12,61,12.41,0.5482,39.3,16.07
201583,Ryan Anderson,2012/13,81,13.77,0.5188,38.2,16.16
201583,Ryan Anderson,2013/14,22,16.09,0.5325,40.9,19.82
201583,Ryan Anderson,2014/15,61,11.95,0.4829,34.0,13.66
201583,Ryan Anderson,2015/16,66,14.08,0.4978,36.6,17.03
201583,Ryan Anderson,2016/17,72,10.74,0.5498,40.3,13.6
201583,Ryan Anderson,2017/18,66,7.27,0.5677,38.6,9.35
201583,Ryan Anderson,2018/19,25,4.0,0.375,20.6,3.73
201583,Ryan Anderson,2019/20,2,3.5,0.3571,20.0,2.5
1628387,Ike Anigbogu,2017/18,11,0.82,0.4444,0.0,1.18
1628387,Ike Anigbogu,2018/19,3,1.0,0.0,0.0,0.0
1630828,Alex Antetokounmpo,2025/26,6,1.33,0.5,28.6,3.17
203507,Giannis Antetokounmpo,2013/14,77,5.43,0.4629,34.7,6.82
203507,Giannis Antetokounmpo,2014/15,81,9.63,0.4955,15.9,12.72
203507,Giannis Antetokounmpo,2015/16,80,12.66,0.5202,25.7,16.88
203507,Giannis Antetokounmpo,2016/17,80,15.74,0.5405,27.2,22.9
203507,Giannis Antetokounmpo,2017/18,75,18.69,0.5446,30.7,26.85
203507,Giannis Antetokounmpo,2018/19,72,17.32,0.599,25.6,27.69
203507,Giannis Antetokounmpo,2019/20,63,19.65,0.5893,30.4,29.48
203507,Giannis Antetokounmpo,2020/21,61,18.03,0.5995,30.3,28.15
203507,Giannis Antetokounmpo,2021/22,67,18.58,0.5819,29.3,29.88
203507,Giannis Antetokounmpo,2022/23,63,20.29,0.5716,27.5,31.1
203507,Giannis Antetokounmpo,2023/24,73,18.75,0.6238,27.4,30.44
203507,Giannis Antetokounmpo,2024/25,67,19.69,0.6065,22.2,30.39
203507,Giannis Antetokounmpo,2025/26,36,16.61,0.6363,33.3,27.58
1628961,Kostas Antetokounmpo,2018/19,2,1.5,0.0,0.0,1.0
1628961,Kostas Antetokounmpo,2019/20,5,0.6,1.0,0.0,1.4
1628961,Kostas Antetokounmpo,2020/21,15,0.67,0.3,0.0,0.8
203648,Thanasis Antetokounmpo,2015/16,2,2.0,0.75,0.0,3.0
203648,Thanasis Antetokounmpo,2019/20,20,2.4,0.5,0.0,2.75
203648,Thanasis Antetokounmpo,2020/21,57,2.4,0.5146,24.1,2.91
203648,Thanasis Antetokounmpo,2021/22,48,2.67,0.5547,14.3,3.56
203648,Thanasis Antetokounmpo,2022/23,37,1.24,0.4348,0.0,1.38
203648,Thanasis Antetokounmpo,2023/24,34,0.88,0.5333,0.0,0.94
203648,Thanasis Antetokounmpo,2025/26,34,0.94,0.4688,0.0,1.38
2546,Carmelo Anthony,2007/08,77,19.23,0.5111,35.4,25.69
2546,Carmelo Anthony,2008/09,66,18.29,0.4693,37.1,22.79
2546,Carmelo Anthony,2009/10,69,21.77,0.4777,31.6,28.16
2546,Carmelo Anthony,2010/11,77,19.34,0.4736,33.3,25.18
2546,Carmelo Anthony,2011/12,55,18.64,0.4634,33.5,22.64
2546,Carmelo Anthony,2012/13,67,22.22,0.502,37.9,28.66
2546,Carmelo Anthony,2013/14,77,21.34,0.503,40.2,27.43
2546,Carmelo Anthony,2014/15,40,20.15,0.482,34.1,24.15
2546,Carmelo Anthony,2015/16,72,18.15,0.474,33.9,21.85
2546,Carmelo Anthony,2016/17,74,18.77,0.4878,35.9,22.42
2546,Carmelo Anthony,2017/18,78,14.97,0.4765,35.7,16.17
2546,Carmelo Anthony,2018/19,10,12.1,0.4917,32.8,13.4
2546,Carmelo Anthony,2019/20,58,13.48,0.4853,38.5,15.43
2546,Carmelo Anthony,2020/21,69,11.26,0.5064,40.9,13.39
2546,Carmelo Anthony,2021/22,69,10.48,0.5443,37.5,13.32
1630175,Cole Anthony,2020/21,47,11.74,0.4493,33.7,12.87
1630175,Cole Anthony,2021/22,65,14.03,0.4638,33.8,16.34
1630175,Cole Anthony,2022/23,60,10.17,0.5156,36.4,13.02
1630175,Cole Anthony,2023/24,81,9.42,0.4961,33.8,11.57
1630175,Cole Anthony,2024/25,67,8.1,0.4945,35.3,9.4
1630175,Cole Anthony,2025/26,35,6.6,0.4719,30.6,6.69
201202,Joel Anthony,2007/08,24,2.5,0.4667,0.0,3.54
201202,Joel Anthony,2008/09,65,1.82,0.4831,0.0,2.22
201202,Joel Anthony,2009/10,80,1.99,0.478,0.0,2.73
201202,Joel Anthony,2010/11,75,1.32,0.5354,0.0,2.04
201202,Joel Anthony,2011/12,64,2.38,0.5592,0.0,3.42
201202,Joel Anthony,2012/13,62,1.1,0.5147,0.0,1.4
201202,Joel Anthony,2013/14,33,0.5,0.3333,0.0,0.5
201202,Joel Anthony,2014/15,49,1.27,0.5806,0.0,1.78
201202,Joel Anthony,2015/16,19,0.53,0.6,0.0,0.95
201202,Joel Anthony,2016/17,19,0.84,0.625,0.0,1.32
1628384,OG Anunoby,2017/18,74,4.68,0.5766,37.1,5.92
1628384,OG Anunoby,2018/19,67,6.03,0.5359,33.2,7.0
1628384,OG Anunoby,2019/20,69,8.2,0.5839,39.0,10.62
1628384,OG Anunoby,2020/21,43,12.07,0.58,39.8,15.86
1628384,OG Anunoby,2021/22,48,14.52,0.5258,36.3,17.12
1628384,OG Anunoby,2022/23,67,13.21,0.5559,38.7,16.78
1628384,OG Anunoby,2023/24,50,11.89,0.5841,37.4,15.11
1628384,OG Anunoby,2024/25,74,13.88,0.5594,37.2,18.0
1628384,OG Anunoby,2025/26,67,12.0,0.5815,38.6,16.69
1627853,Ryan Arcidiacono,2017/18,24,1.71,0.5244,29.0,2.0
1627853,Ryan Arcidiacono,2018/19,81,5.16,0.5443,37.3,6.72
1627853,Ryan Arcidiacono,2019/20,58,3.79,0.5318,39.1,4.5
1627853,Ryan Arcidiacono,2020/21,44,2.66,0.5256,37.3,3.09
1627853,Ryan Arcidiacono,2021/22,10,1.2,0.6667,44.4,1.6
1627853,Ryan Arcidiacono,2022/23,20,0.45,0.3,33.3,0.27
1627853,Ryan Arcidiacono,2023/24,20,0.3,0.0,0.0,0.0
2240,Gilbert Arenas,2007/08,13,15.08,0.4541,28.2,19.38
2240,Gilbert Arenas,2008/09,2,11.5,0.3043,28.6,13.0
2240,Gilbert Arenas,2009/10,32,19.25,0.4619,34.8,22.56
2240,Gilbert Arenas,2010/11,70,15.71,0.4652,32.4,17.29
2240,Gilbert Arenas,2011/12,17,3.76,0.5078,33.3,4.24
2772,Trevor Ariza,2007/08,35,2.82,0.4516,0.0,3.27
2772,Trevor Ariza,2008/09,82,7.27,0.5109,31.9,8.89
2772,Trevor Ariza,2009/10,72,13.88,0.4625,33.4,14.89
2772,Trevor Ariza,2010/11,75,10.16,0.4514,30.3,11.01
2772,Trevor Ariza,2011/12,41,9.83,0.4529,33.3,10.83
2772,Trevor Ariza,2012/13,56,8.05,0.5011,36.4,9.46
2772,Trevor Ariza,2013/14,77,11.08,0.5615,40.7,14.38
2772,Trevor Ariza,2014/15,82,11.1,0.5088,35.0,12.78
2772,Trevor Ariza,2015/16,81,10.6,0.5233,37.1,12.65
2772,Trevor Ariza,2016/17,80,9.97,0.5282,34.4,11.7
2772,Trevor Ariza,2017/18,67,9.72,0.5422,36.8,11.67
2772,Trevor Ariza,2018/19,69,8.73,0.489,36.0,9.92
2772,Trevor Ariza,2019/20,53,5.16,0.5182,35.2,6.0
2772,Trevor Ariza,2020/21,30,8.03,0.5145,35.0,9.4
2772,Trevor Ariza,2021/22,24,4.12,0.4343,27.0,4.0
353,Darrell Armstrong,2007/08,50,2.2,0.4682,33.3,2.46
201589,Darrell Arthur,2008/09,76,5.74,0.4381,0.0,5.55
201589,Darrell Arthur,2009/10,32,4.56,0.4315,0.0,4.47
201589,Darrell Arthur,2010/11,80,7.8,0.4968,0.0,9.11
201589,Darrell Arthur,2012/13,59,6.08,0.4582,27.8,6.14
201589,Darrell Arthur,2013/14,68,6.03,0.4244,37.5,5.9
201589,Darrell Arthur,2014/15,58,6.62,0.4375,23.6,6.59
201589,Darrell Arthur,2015/16,70,6.99,0.498,38.5,7.53
201589,Darrell Arthur,2016/17,41,5.24,0.5651,45.3,6.39
201589,Darrell Arthur,2017/18,19,2.47,0.5532,34.8,2.84
1628503,Jamel Artis,2017/18,15,5.27,0.443,27.6,5.13
1088,Chucky Atkins,2007/08,24,5.08,0.4467,31.6,4.71
1088,Chucky Atkins,2008/09,33,1.93,0.4259,29.4,1.93
1088,Chucky Atkins,2009/10,40,3.92,0.4331,30.1,4.03
201571,D.J. Augustin,2008/09,72,8.62,0.5169,43.9,11.81
201571,D.J. Augustin,2009/10,80,5.44,0.4667,39.3,6.35
201571,D.J. Augustin,2010/11,82,11.68,0.4744,33.3,14.37
201571,D.J. Augustin,2011/12,48,10.15,0.4384,34.1,11.08
201571,D.J. Augustin,2012/13,76,3.87,0.4643,35.3,4.68
201571,D.J. Augustin,2013/14,71,2.4,0.3125,9.1,2.1
201571,D.J. Augustin,2014/15,82,8.54,0.4631,32.7,10.63
201571,D.J. Augustin,2015/16,62,3.56,0.4793,39.3,4.18
201571,D.J. Augustin,2016/17,78,6.63,0.4691,34.7,7.9
201571,D.J. Augustin,2017/18,75,7.2,0.5574,41.9,10.21
201571,D.J. Augustin,2018/19,81,8.36,0.5665,42.1,11.7
201571,D.J. Augustin,2019/20,57,8.09,0.4751,34.8,10.51
201571,D.J. Augustin,2020/21,57,5.19,0.4974,38.0,6.14
201571,D.J. Augustin,2021/22,55,4.0,0.5478,40.6,5.35
200788,James Augustine,2007/08,25,1.36,0.5294,0.0,1.6
202970,Gustavo Ayon,2011/12,54,4.83,0.5364,0.0,5.91
202970,Gustavo Ayon,2012/13,55,2.91,0.536,0.0,3.56
202970,Gustavo Ayon,2013/14,26,3.92,0.5098,0.0,4.31
201965,Jeff Ayres,2009/10,39,1.67,0.6615,0.0,2.67
201965,Jeff Ayres,2011/12,20,1.8,0.4167,0.0,1.7
201965,Jeff Ayres,2012/13,37,3.41,0.4921,50.0,3.92
201965,Jeff Ayres,2013/14,73,2.38,0.5805,0.0,3.29
201965,Jeff Ayres,2014/15,51,1.86,0.5789,0.0,2.69
201965,Jeff Ayres,2015/16,17,1.35,0.5217,0.0,1.76
1629028,Deandre Ayton,2018/19,71,12.25,0.5851,0.0,16.32
1629028,Deandre Ayton,2019/20,38,14.95,0.5484,23.1,18.16
1629028,Deandre Ayton,2020/21,69,9.96,0.6288,20.0,14.45
1629028,Deandre Ayton,2021/22,58,12.02,0.6392,36.8,17.19
1629028,Deandre Ayton,2022/23,67,13.24,0.5924,29.2,17.96
1629028,Deandre Ayton,2023/24,55,13.62,0.5708,10.0,16.73
1629028,Deandre Ayton,2024/25,40,11.7,0.5726,18.8,14.4
1629028,Deandre Ayton,2025/26,72,8.35,0.6705,0.0,12.46
101235,Kelenna Azubuike,2007/08,81,7.25,0.5051,36.4,8.54
101235,Kelenna Azubuike,2008/09,74,11.42,0.5195,44.8,14.36
101235,Kelenna Azubuike,2009/10,9,9.78,0.6023,37.0,13.89
101235,Kelenna Azubuike,2011/12,3,2.67,0.4375,33.3,2.33
1628962,Udoka Azubuike,2020/21,15,0.6,0.4444,0.0,1.07
1628962,Udoka Azubuike,2021/22,17,2.88,0.7551,0.0,4.71
1628962,Udoka Azubuike,2022/23,36,2.0,0.8194,0.0,3.47
1628962,Udoka Azubuike,2023/24,16,1.44,0.6957,0.0,2.19
203569,Chris Babb,2013/14,14,2.14,0.3667,22.2,1.57
202337,Luke Babbitt,2010/11,24,2.29,0.3,18.8,1.5
202337,Luke Babbitt,2011/12,40,4.33,0.5347,43.0,5.05
202337,Luke Babbitt,2012/13,62,3.77,0.5,34.8,3.94
202337,Luke Babbitt,2013/14,27,5.7,0.5065,37.9,6.3
202337,Luke Babbitt,2014/15,63,3.05,0.6328,51.3,4.06
202337,Luke Babbitt,2015/16,47,6.15,0.4983,40.4,6.96
202337,Luke Babbitt,2016/17,68,4.13,0.5569,41.4,4.76
202337,Luke Babbitt,2017/18,50,4.54,0.622,44.1,6.11
1628407,Dwayne Bacon,2017/18,53,3.62,0.4036,25.6,3.3
1628407,Dwayne Bacon,2018/19,43,5.98,0.5486,43.7,7.35
1628407,Dwayne Bacon,2019/20,39,6.26,0.3873,28.4,5.74
1628407,Dwayne Bacon,2020/21,72,10.08,0.4428,28.5,10.94
1630641,Ibou Badji,2023/24,22,1.0,0.6364,0.0,1.55
1630542,Marcus Bagley,2024/25,10,6.9,0.4275,15.6,6.7
1628963,Marvin Bagley III,2018/19,62,11.39,0.5255,31.3,14.89
1628963,Marvin Bagley III,2019/20,13,12.85,0.479,18.2,14.23
1628963,Marvin Bagley III,2020/21,43,11.4,0.5418,34.3,14.14
1628963,Marvin Bagley III,2021/22,48,8.2,0.4939,24.2,9.27
1628963,Marvin Bagley III,2022/23,42,9.1,0.5537,28.8,12.0
1628963,Marvin Bagley III,2023/24,50,6.96,0.5939,16.7,10.19
1628963,Marvin Bagley III,2024/25,31,3.74,0.5493,20.0,4.89
1628963,Marvin Bagley III,2025/26,60,6.47,0.6423,42.1,10.13
1642846,Ace Bailey,2025/26,72,12.39,0.5196,34.4,13.79
1641735,Amari Bailey,2023/24,10,2.4,0.3542,12.5,2.3
203946,Cameron Bairstow,2014/15,18,0.78,0.2143,0.0,0.56
203946,Cameron Bairstow,2015/16,18,2.22,0.3375,20.0,1.89
1627758,Ron Baker,2016/17,52,4.17,0.4309,26.7,4.13
1627758,Ron Baker,2017/18,29,2.03,0.4322,33.3,2.45
1627758,Ron Baker,2018/19,15,1.45,0.2812,11.1,1.27
1642380,Adama Bal,2025/26,8,8.5,0.5441,40.9,10.38
1627735,Wade Baldwin IV,2016/17,33,3.48,0.3261,13.6,3.21
1627735,Wade Baldwin IV,2017/18,7,3.0,0.7619,80.0,5.43
1627735,Wade Baldwin IV,2018/19,16,2.06,0.3333,22.2,1.88
1631116,Patrick Baldwin Jr.,2022/23,31,3.52,0.5413,38.1,3.94
1631116,Patrick Baldwin Jr.,2023/24,38,4.08,0.4806,32.0,4.42
1631116,Patrick Baldwin Jr.,2024/25,24,1.5,0.6818,52.4,2.14
1631116,Patrick Baldwin Jr.,2025/26,9,2.0,1.0,66.7,5.0
200764,Renaldo Balkman,2007/08,65,2.86,0.4919,8.3,3.45
200764,Renaldo Balkman,2008/09,53,3.72,0.5635,28.6,4.98
200764,Renaldo Balkman,2009/10,13,1.38,0.3333,0.0,1.08
200764,Renaldo Balkman,2010/11,8,1.8,0.5556,0.0,2.6
200764,Renaldo Balkman,2011/12,14,2.29,0.5312,22.2,3.0
1630163,LaMelo Ball,2020/21,51,13.18,0.5045,35.2,15.75
1630163,LaMelo Ball,2021/22,75,16.72,0.5167,38.9,20.11
1630163,LaMelo Ball,2022/23,36,20.03,0.5104,37.6,23.28
1630163,LaMelo Ball,2023/24,22,19.23,0.5154,35.5,23.91
1630163,LaMelo Ball,2024/25,47,21.34,0.494,33.9,25.19
1630163,LaMelo Ball,2025/26,72,17.28,0.5161,36.8,20.07
1628366,Lonzo Ball,2017/18,52,10.85,0.4397,30.5,10.15
1628366,Lonzo Ball,2018/19,47,9.7,0.4879,32.9,9.89
1628366,Lonzo Ball,2019/20,63,10.9,0.5109,37.5,11.83
1628366,Lonzo Ball,2020/21,55,12.73,0.5371,37.8,14.58
1628366,Lonzo Ball,2021/22,35,10.94,0.5666,42.3,13.0
1628366,Lonzo Ball,2024/25,35,6.94,0.5041,34.4,7.63
1628366,Lonzo Ball,2025/26,35,5.03,0.4148,27.2,4.57
1628964,Mo Bamba,2018/19,47,5.17,0.5247,30.0,6.21
1628964,Mo Bamba,2019/20,62,4.61,0.5262,34.6,5.35
1628964,Mo Bamba,2020/21,46,6.54,0.5349,32.2,7.98
1628964,Mo Bamba,2021/22,71,8.69,0.5665,38.1,10.65
1628964,Mo Bamba,2022/23,49,5.35,0.5958,39.8,7.25
1628964,Mo Bamba,2023/24,57,3.47,0.553,39.1,4.44
1628964,Mo Bamba,2024/25,32,3.68,0.5388,30.0,4.57
1628964,Mo Bamba,2025/26,4,1.0,0.0,0.0,0.0
1631094,Paolo Banchero,2022/23,72,15.58,0.4648,29.8,19.96
1631094,Paolo Banchero,2023/24,80,17.59,0.4972,33.9,22.55
1631094,Paolo Banchero,2024/25,46,19.8,0.5,32.0,25.89
1631094,Paolo Banchero,2025/26,72,16.0,0.4957,30.5,22.21
1630217,Desmond Bane,2020/21,68,7.34,0.5862,43.2,9.19
1630217,Desmond Bane,2021/22,76,14.49,0.5649,43.6,18.21
1630217,Desmond Bane,2022/23,58,16.19,0.5676,40.8,21.5
1630217,Desmond Bane,2023/24,42,18.48,0.5522,38.1,23.74
1630217,Desmond Bane,2024/25,69,14.75,0.5648,39.2,19.23
1630217,Desmond Bane,2025/26,82,14.7,0.5531,39.1,20.09
1630625,Dalano Banton,2021/22,64,3.16,0.4431,25.5,3.2
1630625,Dalano Banton,2022/23,31,4.19,0.4808,29.4,4.58
1630625,Dalano Banton,2023/24,54,2.12,0.3922,12.5,2.33
1630625,Dalano Banton,2024/25,67,7.57,0.4615,32.4,8.34
1630625,Dalano Banton,2025/26,6,2.0,0.75,0.0,3.0
201166,Aaron Brooks,2007/08,51,4.41,0.4933,33.0,5.18
201189,Aaron Gray,2007/08,61,3.34,0.5049,0.0,4.3
1425,Aaron Williams,2007/08,30,1.83,0.4909,0.0,2.27
1502,Adonal Foyle,2007/08,82,1.87,0.4575,0.0,1.9
1559,Adrian Griffin,2007/08,35,2.17,0.3947,0.0,1.86
1733,Al Harrington,2007/08,81,11.4,0.5173,37.5,13.6
201143,Al Horford,2007/08,81,8.25,0.4985,0.0,10.14
2744,Al Jefferson,2007/08,82,17.57,0.5003,0.0,21.05
201154,Al Thornton,2007/08,79,11.03,0.4541,33.1,12.72
201169,Alando Tucker,2007/08,6,3.67,0.3864,25.0,3.67
200792,Alexander Johnson,2007/08,43,2.91,0.488,0.0,4.16
947,Allen Iverson,2007/08,82,18.98,0.4881,34.5,26.39
297,Alonzo Mourning,2007/08,25,3.8,0.5474,0.0,5.96
2405,Amar'e Stoudemire,2007/08,79,15.33,0.5917,16.1,25.18
101161,Amir Johnson,2007/08,62,2.66,0.5576,0.0,3.56
101154,Andray Blatche,2007/08,82,6.54,0.4767,23.1,7.54
2810,Andre Brown,2007/08,33,2.36,0.5,0.0,3.03
2738,Andre Iguodala,2007/08,82,15.57,0.4953,32.9,19.88
1889,Andre Miller,2007/08,82,14.1,0.4935,8.8,17.05
2804,Andres Nocioni,2007/08,82,10.7,0.504,36.4,13.17
101106,Andrew Bogut,2007/08,78,11.67,0.511,0.0,14.35
101115,Andrew Bynum,2007/08,35,8.49,0.6364,0.0,13.14
2740,Andris Biedrins,2007/08,76,7.14,0.6262,0.0,10.47
358,Anfernee Hardaway,2007/08,16,3.75,0.4333,42.1,3.75
1712,Antawn Jamison,2007/08,79,17.94,0.4785,33.9,21.38
1853,Anthony Carter,2007/08,70,6.8,0.5053,34.9,7.79
1533,Anthony Johnson,2007/08,69,5.14,0.4958,45.2,5.61
952,Antoine Walker,2007/08,46,8.15,0.444,32.4,8.0
101120,Antoine Wright,2007/08,56,5.88,0.462,29.1,6.25
1498,Antonio Daniels,2007/08,71,6.3,0.4776,23.0,8.41
686,Antonio McDyess,2007/08,78,7.69,0.4883,0.0,8.76
1506,Austin Croshere,2007/08,44,3.11,0.5255,36.1,3.93
2852,Awvee Storey,2007/08,26,3.42,0.4382,0.0,3.54
1884,Baron Davis,2007/08,82,18.61,0.4826,33.0,21.84
2732,Ben Gordon,2007/08,72,14.85,0.5005,41.0,18.56
1112,Ben Wallace,2007/08,72,4.89,0.392,0.0,4.83
2873,Billy Thomas,2007/08,11,1.55,0.3529,25.0,1.27
448,Bo Outlaw,2007/08,2,1.5,0.6667,0.0,2.0
1517,Bobby Jackson,2007/08,72,7.03,0.4832,35.8,7.68
200784,Bobby Jones,2007/08,47,2.98,0.4929,34.0,3.79
2250,Bobby Simmons,2007/08,70,7.09,0.4819,35.1,7.59
1719,Bonzi Wells,2007/08,73,7.79,0.4534,24.0,9.07
1802,Brad Miller,2007/08,72,10.11,0.4821,31.1,13.39
201148,Brandan Wright,2007/08,38,2.95,0.5536,0.0,3.97
101138,Brandon Bass,2007/08,79,6.24,0.499,0.0,8.28
200750,Brandon Roy,2007/08,74,15.81,0.485,34.0,19.14
2217,Brendan Haywood,2007/08,80,7.49,0.5275,0.0,10.6
699,Brent Barry,2007/08,31,5.16,0.6312,42.9,7.13
1510,Brevin Knight,2007/08,74,4.62,0.4035,0.0,4.57
2073,Brian Cardinal,2007/08,37,3.41,0.4405,30.9,3.35
2567,Brian Cook,2007/08,51,4.59,0.4679,37.4,4.67
2243,Brian Scalabrine,2007/08,48,1.96,0.3883,32.6,1.83
1730,Brian Skinner,2007/08,66,3.0,0.4697,66.7,3.32
1477,Bruce Bowen,2007/08,81,5.28,0.5117,41.9,5.96
201228,C.J. Watson,2007/08,32,3.16,0.4703,34.6,3.69
101139,CJ Miles,2007/08,60,3.93,0.5424,39.0,4.95
1916,Calvin Booth,2007/08,31,0.87,0.3333,0.0,0.77
201171,Carl Landry,2007/08,42,5.21,0.6164,0.0,8.14
2430,Carlos Boozer,2007/08,81,16.01,0.5466,0.0,21.09
2568,Carlos Delfino,2007/08,82,7.71,0.4921,38.2,9.0
2406,Caron Butler,2007/08,58,16.26,0.5005,35.7,20.34
101112,Channing Frye,2007/08,78,5.81,0.4912,30.0,6.79
101111,Charlie Villanueva,2007/08,76,10.71,0.4687,29.7,11.66
1497,Chauncey Billups,2007/08,78,11.24,0.5262,40.1,16.97
200798,Cheikh Samb,2007/08,4,1.0,0.75,0.0,1.75
2547,Chris Bosh,2007/08,67,15.33,0.4985,40.0,22.33
2768,Chris Duhon,2007/08,66,5.21,0.4651,34.8,5.83
2549,Chris Kaman,2007/08,56,12.5,0.4829,0.0,15.68
2036,Chris Mihm,2007/08,23,4.13,0.3368,0.0,3.57
101108,Chris Paul,2007/08,80,16.14,0.5236,36.9,21.05
200809,Chris Quinn,2007/08,60,6.22,0.5094,40.3,7.75
201181,Chris Richard,2007/08,52,1.67,0.4713,0.0,1.88
185,Chris Webber,2007/08,9,3.44,0.4839,0.0,3.89
2404,Chris Wilcox,2007/08,62,10.29,0.5235,0.0,13.35
101236,Chuck Hayes,2007/08,79,2.8,0.5113,0.0,3.0
201207,Coby Karl,2007/08,17,1.53,0.4231,30.8,1.76
201147,Corey Brewer,2007/08,79,6.15,0.3817,19.4,5.81
1894,Corey Maggette,2007/08,70,14.29,0.497,38.4,22.1
200783,Craig Smith,2007/08,77,6.86,0.5625,0.0,9.44
1749,Cuttino Mobley,2007/08,77,11.3,0.4718,34.9,12.78
2788,DJ Mbenga,2007/08,42,2.0,0.4643,0.0,1.98
201199,DJ Strawberry,2007/08,33,2.79,0.3478,24.0,2.21
2563,Dahntay Jones,2007/08,25,2.12,0.4434,16.7,3.24
2863,Damien Wilkins,2007/08,76,8.86,0.4398,32.3,9.18
1800,Damon Jones,2007/08,67,5.42,0.5744,41.7,6.52
757,Damon Stoudamire,2007/08,60,5.62,0.4303,33.6,5.28
2424,Dan Dickau,2007/08,67,4.42,0.4797,33.3,5.25
2429,Dan Gadzuric,2007/08,51,3.02,0.4156,0.0,3.16
200789,Daniel Gibson,2007/08,58,8.02,0.5591,44.0,10.43
101122,Danny Granger,2007/08,80,15.06,0.5166,40.4,19.59
2545,Darko Milicic,2007/08,70,7.14,0.438,0.0,7.21
239,Darrick Martin,2007/08,17,2.53,0.2558,12.5,1.59
201208,Darryl Watkins,2007/08,9,1.67,0.3333,0.0,1.33
2758,David Harrison,2007/08,55,3.09,0.5294,0.0,4.16
101135,David Lee,2007/08,81,7.63,0.5518,0.0,10.81
2561,David West,2007/08,76,17.17,0.4843,24.0,20.58
2205,DeSagana Diop,2007/08,79,2.28,0.5222,0.0,2.86
2052,DeShawn Stevenson,2007/08,82,9.51,0.4872,38.3,11.18
2753,Delonte West,2007/08,61,7.79,0.4632,35.6,8.31
201193,Demetris Nichols,2007/08,14,1.64,0.3261,23.1,1.07
2035,DerMarr Johnson,2007/08,5,2.8,0.6071,33.3,3.4
965,Derek Fisher,2007/08,82,9.48,0.5084,40.6,11.66
101114,Deron Williams,2007/08,82,13.62,0.5439,39.5,18.84
2046,Desmond Mason,2007/08,59,8.08,0.4822,0.0,9.73
1904,Devean George,2007/08,53,3.91,0.4106,32.4,3.66
2734,Devin Harris,2007/08,64,10.83,0.5036,33.5,14.78
87,Dikembe Mutombo,2007/08,39,2.05,0.5375,0.0,3.03
1717,Dirk Nowitzki,2007/08,77,17.06,0.5095,35.9,23.6
201187,Dominic McGuire,2007/08,70,1.47,0.3835,16.7,1.33
923,Donyell Marshall,2007/08,26,3.77,0.4031,28.3,3.77
2748,Dorell Wright,2007/08,44,6.66,0.4949,36.4,7.89
2400,Drew Gooden,2007/08,69,10.72,0.4486,0.0,11.97
2730,Dwight Howard,2007/08,82,11.88,0.5986,0.0,20.67
2548,Dwyane Wade,2007/08,51,18.37,0.4803,28.6,24.59
2853,Earl Barron,2007/08,46,7.11,0.4052,7.7,7.09
1863,Earl Boykins,2007/08,36,4.78,0.3953,31.8,5.14
2248,Earl Watson,2007/08,78,9.58,0.4866,37.1,10.74
2067,Eddie House,2007/08,78,6.81,0.5188,39.3,7.49
224,Eddie Jones,2007/08,47,3.83,0.4611,29.3,3.74
2201,Eddy Curry,2007/08,59,9.22,0.546,0.0,13.24
2059,Eduardo Najera,2007/08,78,4.72,0.5448,36.1,5.95
1882,Elton Brand,2007/08,8,14.25,0.4561,0.0,17.62
2731,Emeka Okafor,2007/08,82,10.49,0.5349,0.0,13.82
15,Eric Piatkowski,2007/08,16,2.06,0.5303,42.3,2.44
727,Eric Snow,2007/08,22,1.73,0.1579,0.0,1.0
956,Erick Dampier,2007/08,72,3.85,0.6426,0.0,6.11
101128,Francisco Garcia,2007/08,79,9.52,0.5379,39.1,12.29
2410,Fred Jones,2007/08,70,6.17,0.5069,38.5,7.6
201172,Gabe Pruitt,2007/08,15,2.6,0.3974,25.0,2.13
101123,Gerald Green,2007/08,30,5.03,0.394,38.5,5.1
2222,Gerald Wallace,2007/08,62,14.65,0.4884,32.1,19.35
201175,Glen Davis,2007/08,69,3.2,0.4842,0.0,4.54
255,Grant Hill,2007/08,70,10.17,0.526,31.7,13.13
1761,Greg Buckner,2007/08,31,3.77,0.4487,30.0,4.0
200799,Guillermo Diaz,2007/08,6,0.67,0.25,0.0,0.83
2045,Hedo Turkoglu,2007/08,82,14.87,0.5242,40.0,19.54
101113,Ike Diogu,2007/08,30,4.47,0.4776,0.0,5.6
2137,Ime Udoka,2007/08,73,5.14,0.5053,37.0,5.79
1956,Ira Newble,2007/08,49,3.55,0.4828,32.7,3.84
200826,J.J. Barea,2007/08,44,3.86,0.4794,38.9,4.34
200755,JJ Redick,2007/08,34,3.18,0.5231,39.5,4.12
2747,JR Smith,2007/08,74,9.11,0.5779,40.3,12.26
1521,Jacque Vaughn,2007/08,74,3.82,0.4329,30.0,4.14
2063,Jake Voskuhl,2007/08,44,1.82,0.4625,0.0,2.23
2048,Jamaal Magloire,2007/08,31,1.77,0.3273,0.0,1.81
2224,Jamaal Tinsley,2007/08,39,11.87,0.4233,28.4,11.9
2037,Jamal Crawford,2007/08,80,17.39,0.473,35.6,20.56
2749,Jameer Nelson,2007/08,69,8.74,0.5224,41.6,10.94
2592,James Jones,2007/08,58,5.64,0.5765,44.4,7.98
1899,James Posey,2007/08,74,5.59,0.5459,38.0,7.36
201162,Jared Dudley,2007/08,73,4.77,0.4813,22.0,5.78
2407,Jared Jeffries,2007/08,73,3.7,0.4074,16.0,3.68
101127,Jarrett Jack,2007/08,82,7.56,0.4831,34.2,9.93
2260,Jarron Collins,2007/08,70,1.17,0.439,0.0,1.69
2553,Jarvis Hayes,2007/08,82,6.15,0.503,37.6,6.73
2215,Jason Collins,2007/08,74,1.53,0.469,0.0,1.89
2078,Jason Hart,2007/08,57,3.16,0.3528,35.5,2.89
467,Jason Kidd,2007/08,80,9.91,0.4596,38.1,10.8
101131,Jason Maxiell,2007/08,82,5.44,0.5381,0.0,7.94
2202,Jason Richardson,2007/08,82,17.9,0.5242,40.6,21.8
201160,Jason Smith,2007/08,76,4.08,0.4613,28.6,4.47
1891,Jason Terry,2007/08,82,12.29,0.5347,37.5,15.48
201159,Javaris Crittenton,2007/08,50,4.66,0.4421,27.0,5.56
1902,Jeff Foster,2007/08,77,4.84,0.5496,0.0,6.44
201145,Jeff Green,2007/08,80,9.36,0.4413,27.6,10.47
976,Jeff McInnis,2007/08,54,4.61,0.4398,15.8,4.48
1741,Jelani McCoy,2007/08,6,0.17,1.0,0.0,0.5
979,Jermaine O'Neal,2007/08,42,12.19,0.4395,0.0,13.6
201176,Jermareo Davidson,2007/08,38,3.29,0.408,0.0,3.16
711,Jerry Stackhouse,2007/08,58,9.07,0.462,32.6,10.66
201149,Joakim Noah,2007/08,74,4.96,0.4823,0.0,6.59
2207,Joe Johnson,2007/08,82,18.26,0.4886,38.1,21.7
693,Joe Smith,2007/08,77,8.48,0.4778,0.0,10.1
2038,Joel Przybilla,2007/08,77,3.25,0.576,0.0,4.82
101121,Joey Graham,2007/08,38,2.97,0.4425,66.7,3.63
2422,John Salmons,2007/08,81,9.86,0.5013,32.5,12.53
2572,Josh Howard,2007/08,76,16.41,0.4816,31.9,19.91
201177,Josh McRoberts,2007/08,8,1.25,0.6,0.0,1.5
2746,Josh Smith,2007/08,81,13.99,0.4682,25.3,17.21
2434,Juan Carlos Navarro,2007/08,82,9.34,0.5039,36.1,10.93
201153,Julian Wright,2007/08,57,2.96,0.5621,41.7,3.91
200818,Justin Williams,2007/08,23,1.26,0.4483,0.0,1.48
436,Juwan Howard,2007/08,50,1.28,0.3594,0.0,1.14
2079,Kaniel Dickens,2007/08,5,0.6,0.3333,0.0,0.4
2416,Kareem Rush,2007/08,71,8.01,0.4903,38.9,8.28
2867,Kasib Powell,2007/08,11,8.64,0.4105,24.2,7.64
2586,Keith Bogans,2007/08,82,7.17,0.5357,36.2,8.67
101247,Keith Langford,2007/08,2,2.0,0.25,0.0,1.0
2570,Kendrick Perkins,2007/08,78,4.46,0.6149,0.0,6.95
1903,Kenny Thomas,2007/08,23,1.65,0.4211,0.0,1.39
2030,Kenyon Martin,2007/08,71,9.85,0.5393,18.2,12.35
201142,Kevin Durant,2007/08,80,17.07,0.4513,28.8,20.3
708,Kevin Garnett,2007/08,71,13.94,0.5394,0.0,18.83
2755,Kevin Martin,2007/08,61,14.98,0.5148,40.2,23.66
1563,Kevin Ollie,2007/08,40,1.73,0.4203,0.0,1.75
2039,Keyon Dooling,2007/08,72,5.88,0.4941,33.8,8.07
2550,Kirk Hinrich,2007/08,75,10.63,0.4668,35.0,11.49
2745,Kirk Snyder,2007/08,36,5.25,0.5212,21.7,7.25
977,Kobe Bryant,2007/08,82,20.61,0.503,36.1,28.33
2743,Kris Humphries,2007/08,70,4.76,0.4835,0.0,5.67
703,Kurt Thomas,2007/08,70,5.66,0.4924,0.0,6.33
2198,Kwame Brown,2007/08,38,3.74,0.507,0.0,4.84
2594,Kyle Korver,2007/08,75,7.67,0.54,37.5,9.87
200768,Kyle Lowry,2007/08,82,7.22,0.4628,25.7,9.65
1716,Larry Hughes,2007/08,68,11.78,0.4226,34.5,12.16
2544,LeBron James,2007/08,75,21.89,0.518,31.5,30.0
2571,Leandro Barbosa,2007/08,82,12.45,0.5426,38.9,15.65
200796,Leon Powe,2007/08,56,4.8,0.5725,0.0,7.95
283,Lindsey Hunter,2007/08,24,2.67,0.3984,26.9,2.42
953,Lorenzen Wright,2007/08,18,1.17,0.2857,0.0,0.83
101150,Lou Williams,2007/08,80,9.4,0.4608,35.9,11.5
2449,Luis Scola,2007/08,82,8.17,0.5149,0.0,10.33
2739,Luke Jackson,2007/08,14,5.71,0.3937,36.7,5.64
2557,Luke Ridnour,2007/08,61,6.03,0.428,29.6,6.44
2575,Luke Walton,2007/08,74,6.46,0.4791,33.3,7.23
2736,Luol Deng,2007/08,63,14.22,0.4833,36.4,16.98
101129,Luther Head,2007/08,73,6.53,0.5147,35.1,7.63
990,Malik Rose,2007/08,49,3.67,0.3722,28.6,3.49
1938,Manu Ginobili,2007/08,74,13.3,0.5396,40.1,19.49
201158,Marco Belinelli,2007/08,33,2.82,0.4731,39.0,2.88
948,Marcus Camby,2007/08,79,8.04,0.4551,30.0,9.13
200790,Marcus Vinicius,2007/08,13,1.54,0.575,41.7,2.15
200766,Marcus Williams,2007/08,53,5.53,0.471,38.0,5.91
201173,Marcus Williams,2007/08,11,1.82,0.25,0.0,0.91
200776,Mardy Collins,2007/08,46,3.8,0.3486,25.0,3.15
201238,Mario West,2007/08,64,0.77,0.4286,0.0,0.92
1548,Mark Blount,2007/08,69,7.46,0.4786,38.6,8.42
2058,Mark Madsen,2007/08,20,0.95,0.1579,0.0,0.45
2605,Marquis Daniels,2007/08,74,7.58,0.4537,26.5,8.19
101110,Martell Webster,2007/08,75,8.75,0.516,38.8,10.65
101107,Marvin Williams,2007/08,80,11.47,0.4624,10.0,14.81
2440,Matt Barnes,2007/08,73,6.05,0.483,29.3,6.66
2588,Matt Bonner,2007/08,68,4.28,0.4948,33.6,4.79
2679,Matt Carroll,2007/08,80,7.36,0.517,43.6,9.0
1723,Matt Harpring,2007/08,76,6.24,0.5021,20.0,8.18
2408,Melvin Ely,2007/08,52,3.46,0.4722,0.0,3.88
1897,Metta World Peace,2007/08,57,16.88,0.4969,38.0,20.49
1720,Michael Doleac,2007/08,24,2.62,0.4444,0.0,2.38
714,Michael Finley,2007/08,82,9.28,0.5007,37.0,10.07
2072,Michael Redd,2007/08,72,17.26,0.4948,36.2,22.67
1913,Michael Ruffin,2007/08,46,1.35,0.5323,0.0,1.98
1710,Mike Bibby,2007/08,48,12.56,0.4884,37.5,13.9
201144,Mike Conley,2007/08,53,8.34,0.4615,33.0,9.4
2399,Mike Dunleavy,2007/08,82,13.62,0.5501,42.4,19.09
200839,Mike Harris,2007/08,17,3.18,0.5,0.0,3.65
2229,Mike James,2007/08,54,5.37,0.4017,32.0,5.04
2034,Mike Miller,2007/08,70,11.77,0.5965,43.2,16.39
1630,Mikki Moore,2007/08,82,5.96,0.5767,0.0,8.51
2590,Mo Williams,2007/08,66,13.92,0.5283,38.5,17.23
101145,Monta Ellis,2007/08,81,15.15,0.5363,23.1,20.2
2050,Morris Peterson,2007/08,76,6.79,0.5262,39.4,8.0
200754,Mouhamed Sene,2007/08,13,1.85,0.4583,0.0,2.31
101126,Nate Robinson,2007/08,72,10.86,0.4853,33.2,12.68
1737,Nazr Mohammed,2007/08,82,6.44,0.5152,0.0,7.79
2403,Nene,2007/08,16,4.44,0.4085,0.0,5.31
2555,Nick Collison,2007/08,78,8.22,0.5023,0.0,9.83
201174,Nick Fazekas,2007/08,26,3.15,0.561,0.0,4.12
201156,Nick Young,2007/08,75,6.37,0.4812,40.0,7.48
101158,Orien Greene,2007/08,7,1.57,0.2727,0.0,0.86
970,Othella Harrington,2007/08,22,1.91,0.4286,0.0,2.09
136,P.J. Brown,2007/08,18,2.28,0.3415,0.0,2.17
1727,Pat Garrity,2007/08,31,2.58,0.3875,21.6,2.13
200753,Patrick O'Bryant,2007/08,24,1.21,0.5517,0.0,1.46
2200,Pau Gasol,2007/08,66,13.48,0.536,25.0,18.88
200794,Paul Millsap,2007/08,82,6.12,0.504,0.0,8.06
1718,Paul Pierce,2007/08,80,13.72,0.5287,39.2,19.62
978,Peja Stojakovic,2007/08,77,13.32,0.5521,44.1,16.4
2047,Quentin Richardson,2007/08,65,8.54,0.4207,32.2,8.11
200763,Quincy Douby,2007/08,74,4.53,0.4567,34.4,4.78
2624,Quinton Ross,2007/08,76,4.41,0.4045,42.9,4.09
1711,Raef LaFrentz,2007/08,39,1.56,0.4426,0.0,1.67
1952,Raja Bell,2007/08,75,10.04,0.5378,40.1,11.85
200765,Rajon Rondo,2007/08,77,9.26,0.4958,26.3,10.57
201196,Ramon Sessions,2007/08,17,6.88,0.4487,42.9,8.06
201043,Randolph Morris,2007/08,18,3.22,0.3621,0.0,3.11
200751,Randy Foye,2007/08,39,11.85,0.4946,41.2,13.08
101119,Rashad McCants,2007/08,75,12.59,0.5286,40.7,14.85
1740,Rashard Lewis,2007/08,81,14.01,0.5542,40.9,18.22
739,Rasheed Wallace,2007/08,77,11.3,0.4966,35.6,12.71
2446,Rasual Butler,2007/08,51,5.1,0.4346,33.1,4.94
101109,Raymond Felton,2007/08,79,12.62,0.4413,28.0,14.43
2501,Reggie Evans,2007/08,81,4.27,0.4408,100.0,5.25
1888,Richard Hamilton,2007/08,72,14.31,0.5146,44.0,17.28
2210,Richard Jefferson,2007/08,82,16.2,0.4951,36.2,22.65
2499,Richie Frahm,2007/08,10,5.4,0.4352,28.0,4.7
1729,Ricky Davis,2007/08,82,11.84,0.5021,40.5,13.78
109,Robert Horry,2007/08,45,2.64,0.395,25.7,2.49
2741,Robert Swift,2007/08,8,2.12,0.3529,0.0,1.75
200760,Rodney Carney,2007/08,70,5.6,0.4515,31.7,5.84
201155,Rodney Stuckey,2007/08,57,6.7,0.4045,18.8,7.65
2427,Roger Mason Jr.,2007/08,80,7.5,0.5517,39.8,9.05
2648,Ronald Dupree,2007/08,5,0.6,0.3333,0.0,0.8
200758,Ronnie Brewer,2007/08,76,8.34,0.567,22.0,12.03
101179,Ronnie Price,2007/08,61,3.34,0.4951,34.7,3.74
101142,Ronny Turiaf,2007/08,78,5.09,0.4736,0.0,6.62
2767,Royal Ivey,2007/08,75,5.04,0.4405,32.7,5.57
1739,Ruben Patterson,2007/08,20,4.3,0.4535,0.0,5.1
200752,Rudy Gay,2007/08,81,16.73,0.5107,34.6,20.15
1763,Ryan Bowen,2007/08,53,1.89,0.49,0.0,2.15
200797,Ryan Hollins,2007/08,60,1.57,0.4894,0.0,2.45
101136,Salim Stoudamire,2007/08,35,5.14,0.4417,34.1,5.71
208,Sam Cassell,2007/08,55,9.67,0.4596,30.3,11.2
2223,Samuel Dalembert,2007/08,82,8.06,0.5129,0.0,10.54
2756,Sasha Vujacic,2007/08,72,6.69,0.5768,43.7,8.78
1513,Scot Pollard,2007/08,22,1.05,0.5217,0.0,1.77
1752,Sean Marks,2007/08,19,2.26,0.5465,25.0,3.11
201157,Sean Williams,2007/08,73,4.18,0.5377,0.0,5.6
2742,Sebastian Telfair,2007/08,60,9.27,0.4299,28.1,9.27
200771,Sergio Rodriguez,2007/08,72,2.72,0.3954,29.3,2.5
2203,Shane Battier,2007/08,80,7.74,0.5404,37.7,9.3
200769,Shannon Brown,2007/08,21,6.0,0.3849,30.0,5.43
406,Shaquille O'Neal,2007/08,61,9.15,0.5932,0.0,13.64
101183,Shavlik Randolph,2007/08,9,1.56,0.2857,0.0,0.89
1890,Shawn Marion,2007/08,63,12.49,0.5502,33.3,15.43
200761,Shawne Williams,2007/08,65,5.72,0.4852,31.4,6.72
2470,Smush Parker,2007/08,28,6.57,0.3967,23.1,5.89
200780,Solomon Jones,2007/08,35,0.86,0.4,0.0,1.0
201150,Spencer Hawes,2007/08,71,4.48,0.4654,19.0,4.7
201186,Stephane Lasme,2007/08,16,4.44,0.4507,0.0,5.19
101211,Stephen Graham,2007/08,22,2.64,0.6466,50.0,3.95
1536,Stephen Jackson,2007/08,73,16.49,0.4809,36.3,20.08
950,Stephon Marbury,2007/08,24,11.04,0.4717,37.8,13.88
2581,Steve Blake,2007/08,81,7.9,0.5023,40.6,8.54
1883,Steve Francis,2007/08,10,5.7,0.3684,23.5,5.5
959,Steve Nash,2007/08,81,11.88,0.5972,47.0,16.93
200779,Steve Novak,2007/08,35,2.91,0.6471,47.9,3.86
2212,Steven Hunter,2007/08,19,1.47,0.5357,0.0,2.05
2031,Stromile Swift,2007/08,56,4.73,0.5094,0.0,6.12
2551,T.J. Ford,2007/08,51,10.27,0.4838,29.4,12.1
200814,Tarence Kinsey,2007/08,11,3.45,0.4605,42.9,3.64
201192,Taurean Green,2007/08,17,1.47,0.32,18.2,1.59
2419,Tayshaun Prince,2007/08,82,11.46,0.4761,36.3,13.17
201152,Thaddeus Young,2007/08,74,6.62,0.5449,31.6,8.24
689,Theo Ratliff,2007/08,26,3.27,0.4824,0.0,4.27
201242,Thomas Gardner,2007/08,4,5.75,0.4565,25.0,5.25
1495,Tim Duncan,2007/08,78,15.1,0.4966,0.0,19.33
1501,Tim Thomas,2007/08,63,11.19,0.4716,30.6,12.38
2225,Tony Parker,2007/08,69,15.12,0.5019,25.8,18.77
1503,Tracy McGrady,2007/08,66,19.8,0.4522,29.2,21.62
101143,Travis Diener,2007/08,66,6.52,0.4558,31.8,6.91
2566,Travis Outlaw,2007/08,82,11.76,0.4533,39.6,13.32
2239,Trenton Hassell,2007/08,63,2.14,0.4296,22.2,1.95
1607,Troy Hudson,2007/08,9,3.44,0.3548,33.3,3.11
2211,Troy Murphy,2007/08,75,9.24,0.5224,39.8,12.21
1731,Tyronn Lue,2007/08,50,5.06,0.5237,45.3,5.8
200748,Tyrus Thomas,2007/08,74,5.95,0.4239,16.7,6.78
2199,Tyson Chandler,2007/08,79,7.66,0.6231,0.0,11.76
2617,Udonis Haslem,2007/08,49,10.35,0.4675,0.0,12.02
2751,Viktor Khryapa,2007/08,9,3.44,0.3871,0.0,3.56
1713,Vince Carter,2007/08,76,16.93,0.4942,35.9,21.34
2209,Vladimir Radmanovic,2007/08,65,6.72,0.5618,40.6,8.35
1887,Wally Szczerbiak,2007/08,75,9.63,0.4931,41.3,11.48
2584,Willie Green,2007/08,74,11.76,0.4649,28.5,12.45
201163,Wilson Chandler,2007/08,35,6.91,0.4566,30.0,7.29
2397,Yao Ming,2007/08,55,15.49,0.507,0.0,21.98
201146,Yi Jianlian,2007/08,66,7.88,0.4269,28.6,8.58
2216,Zach Randolph,2007/08,69,15.33,0.4698,27.5,17.64
980,Zydrunas Ilgauskas,2007/08,73,12.04,0.4744,0.0,14.1
201166,Aaron Brooks,2008/09,80,9.79,0.4757,36.6,11.18
201189,Aaron Gray,2008/09,56,2.98,0.485,0.0,3.5
200747,Adam Morrison,2008/09,52,4.29,0.4305,33.3,4.02
1502,Adonal Foyle,2008/09,10,1.1,0.6364,0.0,1.7
1733,Al Harrington,2008/09,73,16.6,0.5095,36.4,20.12
201143,Al Horford,2008/09,67,8.87,0.5253,0.0,11.54
2744,Al Jefferson,2008/09,50,19.5,0.4974,0.0,23.12
201154,Al Thornton,2008/09,71,14.8,0.4558,25.3,16.82
201169,Alando Tucker,2008/09,30,4.03,0.4628,34.8,4.6
947,Allen Iverson,2008/09,57,14.63,0.4341,28.3,17.46
2405,Amar'e Stoudemire,2008/09,53,14.13,0.5414,42.9,21.4
101161,Amir Johnson,2008/09,62,2.63,0.5951,0.0,3.5
101154,Andray Blatche,2008/09,71,8.87,0.4754,23.8,10.04
2810,Andre Brown,2008/09,4,1.75,0.1429,0.0,1.0
2738,Andre Iguodala,2008/09,82,13.99,0.5074,30.7,18.79
1889,Andre Miller,2008/09,82,12.7,0.4798,28.3,16.3
2804,Andres Nocioni,2008/09,76,9.22,0.515,39.9,11.41
101106,Andrew Bogut,2008/09,36,8.81,0.5773,0.0,11.72
101115,Andrew Bynum,2008/09,50,10.04,0.5598,0.0,14.28
2740,Andris Biedrins,2008/09,62,8.6,0.5779,0.0,11.85
1712,Antawn Jamison,2008/09,81,17.79,0.5066,35.1,22.23
1853,Anthony Carter,2008/09,78,4.95,0.4598,23.9,5.28
1533,Anthony Johnson,2008/09,80,4.76,0.4724,39.1,5.26
201627,Anthony Morrow,2008/09,67,7.97,0.5581,46.7,10.09
201576,Anthony Randolph,2008/09,63,6.84,0.4617,0.0,7.92
101194,Anthony Roberson,2008/09,29,4.14,0.475,32.1,4.1
201229,Anthony Tolliver,2008/09,19,3.42,0.3615,22.0,2.74
101120,Antoine Wright,2008/09,65,6.63,0.4675,30.2,7.29
1498,Antonio Daniels,2008/09,74,3.19,0.4661,36.7,4.05
686,Antonio McDyess,2008/09,62,8.47,0.5105,0.0,9.61
1506,Austin Croshere,2008/09,14,2.79,0.4231,33.3,2.86
1884,Baron Davis,2008/09,65,14.75,0.4218,30.2,14.89
2732,Ben Gordon,2008/09,82,16.04,0.5205,41.0,20.72
1112,Ben Wallace,2008/09,56,2.77,0.4452,0.0,2.95
201628,Bobby Brown,2008/09,68,5.29,0.4542,34.6,5.31
1517,Bobby Jackson,2008/09,71,6.83,0.4598,30.5,7.49
2250,Bobby Simmons,2008/09,71,6.21,0.5816,44.7,7.83
1802,Brad Miller,2008/09,70,8.77,0.4943,41.1,11.87
201148,Brandan Wright,2008/09,39,6.31,0.5285,0.0,8.28
101138,Brandon Bass,2008/09,81,6.27,0.4961,0.0,8.47
200750,Brandon Roy,2008/09,78,16.9,0.5118,37.7,22.63
201575,Brandon Rush,2008/09,75,7.67,0.4904,37.3,8.13
2217,Brendan Haywood,2008/09,6,8.33,0.48,0.0,9.67
699,Brent Barry,2008/09,56,3.07,0.5494,37.4,3.71
1510,Brevin Knight,2008/09,74,2.55,0.3492,0.0,2.43
2073,Brian Cardinal,2008/09,64,2.64,0.4734,32.6,2.97
2567,Brian Cook,2008/09,30,2.53,0.4539,43.3,2.47
2243,Brian Scalabrine,2008/09,39,2.92,0.5263,39.3,3.49
1730,Brian Skinner,2008/09,51,4.02,0.4488,0.0,4.2
201572,Brook Lopez,2008/09,82,10.29,0.5308,0.0,13.02
1477,Bruce Bowen,2008/09,80,2.34,0.5348,42.9,2.67
201228,C.J. Watson,2008/09,77,7.3,0.5,40.0,9.48
101139,CJ Miles,2008/09,72,7.81,0.5151,35.2,9.12
1916,Calvin Booth,2008/09,8,1.25,0.5,0.0,2.0
201171,Carl Landry,2008/09,69,6.06,0.5754,33.3,9.25
2430,Carlos Boozer,2008/09,37,13.84,0.4902,0.0,16.19
2406,Caron Butler,2008/09,67,16.19,0.4825,31.0,20.78
201858,Cartier Martin,2008/09,33,2.33,0.4286,30.3,2.61
101112,Channing Frye,2008/09,63,4.24,0.4438,33.3,4.17
101111,Charlie Villanueva,2008/09,78,13.96,0.4881,34.5,16.21
1497,Chauncey Billups,2008/09,79,12.41,0.501,40.8,17.72
200798,Cheikh Samb,2008/09,18,1.78,0.1875,0.0,0.83
2547,Chris Bosh,2008/09,77,16.4,0.4917,24.5,22.68
201604,Chris Douglas-Roberts,2008/09,44,4.0,0.4688,25.0,4.91
2768,Chris Duhon,2008/09,79,8.62,0.5147,39.1,11.14
2549,Chris Kaman,2008/09,31,9.84,0.5279,0.0,12.03
2036,Chris Mihm,2008/09,18,2.22,0.375,0.0,2.0
101108,Chris Paul,2008/09,78,16.09,0.5283,36.4,22.83
200809,Chris Quinn,2008/09,66,4.38,0.5052,40.9,5.14
2404,Chris Wilcox,2008/09,62,5.97,0.4973,0.0,7.21
101236,Chuck Hayes,2008/09,71,1.59,0.3717,0.0,1.28
201147,Corey Brewer,2008/09,15,6.0,0.4389,41.7,6.2
1894,Corey Maggette,2008/09,51,12.43,0.4795,25.3,18.63
201584,Courtney Lee,2008/09,77,7.01,0.5259,40.4,8.39
200783,Craig Smith,2008/09,74,6.95,0.5623,0.0,10.08
1749,Cuttino Mobley,2008/09,11,13.27,0.4726,34.3,13.73
2788,DJ Mbenga,2008/09,23,2.48,0.4737,0.0,2.65
201591,DJ White,2008/09,7,7.14,0.52,0.0,8.86
2563,Dahntay Jones,2008/09,79,4.25,0.4747,64.7,5.43
2863,Damien Wilkins,2008/09,41,5.2,0.4249,37.5,5.32
1800,Damon Jones,2008/09,18,1.89,0.4853,39.3,1.83
2429,Dan Gadzuric,2008/09,67,3.64,0.4795,0.0,4.04
200789,Daniel Gibson,2008/09,75,7.03,0.4934,38.2,7.81
101122,Danny Granger,2008/09,67,19.06,0.5184,40.4,25.79
2032,Darius Miles,2008/09,34,2.91,0.4899,16.7,3.53
2545,Darko Milicic,2008/09,61,4.36,0.515,0.0,5.46
201616,Darnell Jackson,2008/09,51,1.69,0.4302,0.0,1.92
101135,David Lee,2008/09,81,11.74,0.5489,0.0,15.96
2561,David West,2008/09,76,17.0,0.4745,24.0,20.96
201599,DeAndre Jordan,2008/09,53,2.77,0.6327,0.0,4.3
201634,DeMarcus Nelson,2008/09,13,4.15,0.4444,0.0,4.08
2205,DeSagana Diop,2008/09,75,2.28,0.4327,0.0,2.27
2052,DeShawn Stevenson,2008/09,32,7.22,0.3874,27.1,6.59
2753,Delonte West,2008/09,64,9.75,0.5296,39.9,11.73
201193,Demetris Nichols,2008/09,4,2.25,0.3333,0.0,1.75
965,Derek Fisher,2008/09,82,8.39,0.5116,39.7,9.93
101114,Deron Williams,2008/09,68,14.47,0.5061,31.0,19.44
201565,Derrick Rose,2008/09,81,14.91,0.4818,22.2,16.8
2046,Desmond Mason,2008/09,39,7.31,0.4351,0.0,7.54
1904,Devean George,2008/09,43,3.3,0.4577,28.9,3.42
2734,Devin Harris,2008/09,69,15.06,0.4687,29.1,21.3
87,Dikembe Mutombo,2008/09,9,1.44,0.3846,0.0,1.78
1717,Dirk Nowitzki,2008/09,81,19.95,0.4978,35.9,25.85
201187,Dominic McGuire,2008/09,79,4.1,0.4352,50.0,4.51
201590,Donte Greene,2008/09,55,4.29,0.3814,26.0,3.8
200971,Dontell Jefferson,2008/09,6,3.67,0.5227,50.0,4.83
923,Donyell Marshall,2008/09,25,2.92,0.6233,45.5,3.76
2748,Dorell Wright,2008/09,6,3.33,0.4,0.0,3.0
2400,Drew Gooden,2008/09,51,9.92,0.4684,0.0,11.86
2730,Dwight Howard,2008/09,79,12.39,0.572,0.0,20.56
2548,Dwyane Wade,2008/09,79,22.01,0.5164,31.7,30.2
2248,Earl Watson,2008/09,68,6.66,0.4062,23.5,6.59
2067,Eddie House,2008/09,81,6.91,0.5795,44.4,8.53
2201,Eddy Curry,2008/09,3,0.67,1.0,0.0,1.67
2059,Eduardo Najera,2008/09,27,2.74,0.4797,20.0,2.93
1882,Elton Brand,2008/09,29,12.59,0.4466,0.0,13.76
2731,Emeka Okafor,2008/09,82,9.41,0.5609,0.0,13.23
201569,Eric Gordon,2008/09,78,11.55,0.5289,38.9,16.05
956,Erick Dampier,2008/09,80,3.5,0.65,0.0,5.67
2041,Etan Thomas,2008/09,26,2.54,0.4848,0.0,3.08
101128,Francisco Garcia,2008/09,65,10.23,0.5098,39.8,12.68
2410,Fred Jones,2008/09,52,6.1,0.4921,36.7,7.27
201172,Gabe Pruitt,2008/09,47,2.15,0.3762,29.2,1.98
201588,George Hill,2008/09,77,4.83,0.4355,32.9,5.69
101123,Gerald Green,2008/09,38,4.74,0.4778,30.4,5.24
2222,Gerald Wallace,2008/09,71,11.42,0.5037,29.8,16.65
201175,Glen Davis,2008/09,76,5.92,0.4444,40.0,6.97
255,Grant Hill,2008/09,82,9.09,0.5396,31.6,12.01
1761,Greg Buckner,2008/09,63,2.52,0.4245,25.5,2.46
201141,Greg Oden,2008/09,61,5.75,0.5641,0.0,8.85
201632,Hamed Haddadi,2008/09,19,1.63,0.4839,0.0,2.53
2045,Hedo Turkoglu,2008/09,77,13.31,0.478,35.6,16.81
201611,Henry Walker,2008/09,29,2.0,0.6207,0.0,3.03
101113,Ike Diogu,2008/09,29,2.55,0.5338,50.0,4.1
2137,Ime Udoka,2008/09,67,4.28,0.4547,32.8,4.31
200826,J.J. Barea,2008/09,79,7.05,0.491,35.7,7.81
201592,J.R. Giddens,2008/09,6,0.5,0.6667,0.0,0.67
201581,JJ Hickson,2008/09,62,3.13,0.5155,0.0,3.95
200755,JJ Redick,2008/09,64,4.67,0.5033,37.4,5.97
2747,JR Smith,2008/09,81,11.73,0.5411,39.7,15.22
201580,JaVale McGee,2008/09,75,5.16,0.4935,0.0,6.52
1521,Jacque Vaughn,2008/09,30,2.5,0.3267,100.0,2.17
2063,Jake Voskuhl,2008/09,38,1.18,0.2667,0.0,0.92
2048,Jamaal Magloire,2008/09,55,2.38,0.4962,0.0,2.89
2037,Jamal Crawford,2008/09,65,15.72,0.4795,36.0,19.69
2749,Jameer Nelson,2008/09,42,12.64,0.58,45.3,16.71
2592,James Jones,2008/09,40,3.73,0.4799,34.4,4.22
1899,James Posey,2008/09,75,6.99,0.5229,36.9,8.91
200778,James White,2008/09,4,1.25,0.7,50.0,1.75
201162,Jared Dudley,2008/09,68,4.19,0.5281,39.2,5.47
2407,Jared Jeffries,2008/09,56,4.88,0.4414,8.3,5.29
101127,Jarrett Jack,2008/09,82,10.4,0.4982,35.3,13.1
2260,Jarron Collins,2008/09,26,1.35,0.4571,0.0,1.54
2553,Jarvis Hayes,2008/09,74,7.8,0.5269,38.5,8.7
2215,Jason Collins,2008/09,31,2.26,0.3143,0.0,1.84
2078,Jason Hart,2008/09,39,2.41,0.3191,0.0,2.0
467,Jason Kidd,2008/09,81,7.63,0.5218,40.6,9.02
101131,Jason Maxiell,2008/09,78,4.1,0.575,0.0,5.79
2202,Jason Richardson,2008/09,72,13.53,0.5436,39.7,16.83
1891,Jason Terry,2008/09,74,15.78,0.5347,36.6,19.55
201574,Jason Thompson,2008/09,82,8.74,0.4965,0.0,11.1
201159,Javaris Crittenton,2008/09,63,4.52,0.4632,13.3,5.03
101214,Jawad Williams,2008/09,10,1.2,0.5,33.3,1.2
1902,Jeff Foster,2008/09,74,4.77,0.5042,28.6,6.11
201145,Jeff Green,2008/09,78,13.69,0.4906,38.9,16.54
979,Jermaine O'Neal,2008/09,68,11.32,0.474,0.0,13.31
201176,Jermareo Davidson,2008/09,14,2.5,0.4857,0.0,3.0
711,Jerry Stackhouse,2008/09,10,6.0,0.2917,15.8,4.2
201573,Jerryd Bayless,2008/09,53,3.57,0.3836,25.9,4.3
201149,Joakim Noah,2008/09,80,4.65,0.5565,0.0,6.71
201621,Joe Crawford,2008/09,2,5.0,0.35,25.0,4.5
2207,Joe Johnson,2008/09,79,17.97,0.4891,36.0,21.37
693,Joe Smith,2008/09,57,5.84,0.473,42.9,6.56
2038,Joel Przybilla,2008/09,82,3.28,0.6245,0.0,5.46
201595,Joey Dorsey,2008/09,3,0.67,0.5,0.0,0.67
101121,Joey Graham,2008/09,78,6.15,0.4844,18.8,7.65
2422,John Salmons,2008/09,79,13.84,0.5297,41.7,18.3
2572,Josh Howard,2008/09,52,15.06,0.4879,34.5,18.0
201177,Josh McRoberts,2008/09,33,2.52,0.4217,0.0,2.42
2746,Josh Smith,2008/09,69,12.3,0.5077,29.9,15.55
201153,Julian Wright,2008/09,54,4.33,0.4701,9.5,4.39
436,Juwan Howard,2008/09,42,3.5,0.5102,0.0,4.12
2416,Kareem Rush,2008/09,25,2.32,0.431,30.3,2.16
2586,Keith Bogans,2008/09,65,4.98,0.4815,33.9,5.6
2570,Kendrick Perkins,2008/09,76,6.29,0.5774,0.0,8.53
1903,Kenny Thomas,2008/09,8,1.0,0.375,0.0,0.75
2030,Kenyon Martin,2008/09,66,9.82,0.5015,36.8,11.65
201142,Kevin Durant,2008/09,74,18.78,0.5104,42.2,25.28
708,Kevin Garnett,2008/09,57,12.98,0.5324,25.0,15.77
201567,Kevin Love,2008/09,81,8.49,0.4608,10.5,11.1
2755,Kevin Martin,2008/09,51,15.9,0.4914,41.5,24.59
1563,Kevin Ollie,2008/09,50,3.0,0.4067,0.0,4.04
2039,Keyon Dooling,2008/09,77,7.77,0.5192,42.1,9.71
2550,Kirk Hinrich,2008/09,51,8.22,0.5191,40.8,9.86
977,Kobe Bryant,2008/09,82,20.88,0.5018,35.1,26.84
201585,Kosta Koufos,2008/09,48,3.85,0.5081,0.0,4.67
2743,Kris Humphries,2008/09,29,3.1,0.4222,0.0,3.93
703,Kurt Thomas,2008/09,79,3.85,0.5033,0.0,4.34
2198,Kwame Brown,2008/09,58,2.91,0.5325,0.0,4.19
2594,Kyle Korver,2008/09,78,7.18,0.5295,38.6,9.04
200768,Kyle Lowry,2008/09,77,5.64,0.4643,25.5,7.58
201602,Kyle Weaver,2008/09,56,4.39,0.5244,34.4,5.34
1716,Larry Hughes,2008/09,55,10.13,0.4695,38.9,11.64
2544,LeBron James,2008/09,81,19.91,0.5301,34.4,28.44
2571,Leandro Barbosa,2008/09,70,10.84,0.5415,37.5,14.19
200796,Leon Powe,2008/09,70,4.83,0.5237,0.0,7.69
283,Lindsey Hunter,2008/09,28,2.93,0.4268,33.3,2.61
953,Lorenzen Wright,2008/09,17,1.59,0.3704,0.0,1.35
101150,Lou Williams,2008/09,81,10.42,0.4354,28.6,12.83
201601,Luc Mbah a Moute,2008/09,82,5.99,0.4623,0.0,7.24
2449,Luis Scola,2008/09,82,9.74,0.5307,0.0,12.73
2557,Luke Ridnour,2008/09,72,8.62,0.4469,35.0,9.56
2575,Luke Walton,2008/09,65,4.72,0.4642,29.8,5.02
2736,Luol Deng,2008/09,49,12.06,0.4552,40.0,14.08
101129,Luther Head,2008/09,32,4.5,0.4514,37.0,4.66
201612,Malik Hairston,2008/09,15,3.27,0.4898,0.0,3.33
990,Malik Rose,2008/09,38,3.45,0.3435,0.0,3.42
1938,Manu Ginobili,2008/09,44,11.16,0.5244,33.0,15.52
201158,Marco Belinelli,2008/09,42,7.55,0.5237,39.7,8.86
948,Marcus Camby,2008/09,62,8.0,0.5131,25.0,10.34
200766,Marcus Williams,2008/09,9,1.89,0.2941,33.3,1.33
201173,Marcus Williams,2008/09,2,1.0,1.0,0.0,2.0
200776,Mardy Collins,2008/09,48,5.15,0.4514,41.9,5.23
201596,Mario Chalmers,2008/09,82,8.07,0.506,36.7,9.98
201238,Mario West,2008/09,53,0.64,0.4265,100.0,0.81
1548,Mark Blount,2008/09,20,3.9,0.4551,40.7,3.95
2058,Mark Madsen,2008/09,19,0.74,0.2143,0.0,0.32
2605,Marquis Daniels,2008/09,54,12.76,0.4644,20.0,13.57
201578,Marreese Speights,2008/09,79,6.35,0.504,25.0,7.7
101110,Martell Webster,2008/09,1,1.0,0.0,0.0,0.0
101107,Marvin Williams,2008/09,61,10.2,0.5024,35.5,13.85
2440,Matt Barnes,2008/09,77,8.75,0.5096,34.3,10.23
2588,Matt Bonner,2008/09,81,6.62,0.6063,44.0,8.23
2679,Matt Carroll,2008/09,55,3.11,0.4181,24.5,2.98
1723,Matt Harpring,2008/09,63,3.83,0.4606,0.0,4.4
2408,Melvin Ely,2008/09,31,3.06,0.3895,0.0,3.13
1897,Metta World Peace,2008/09,69,15.03,0.4749,39.9,17.12
201563,Michael Beasley,2008/09,81,11.81,0.4896,40.7,13.86
714,Michael Finley,2008/09,81,8.51,0.5319,41.1,9.68
2072,Michael Redd,2008/09,33,16.58,0.5192,36.6,21.18
1913,Michael Ruffin,2008/09,11,0.64,0.2857,0.0,0.55
1710,Mike Bibby,2008/09,79,12.72,0.5179,39.0,14.89
201144,Mike Conley,2008/09,82,8.9,0.5027,40.6,10.91
2399,Mike Dunleavy,2008/09,18,12.89,0.4698,35.6,15.06
2229,Mike James,2008/09,61,8.43,0.4504,37.5,8.7
2034,Mike Miller,2008/09,73,7.51,0.5593,37.8,9.89
201446,Mike Taylor,2008/09,51,5.24,0.4363,32.5,5.67
1630,Mikki Moore,2008/09,70,2.94,0.5534,0.0,3.94
2590,Mo Williams,2008/09,81,13.9,0.5484,43.6,17.81
101145,Monta Ellis,2008/09,25,17.2,0.4605,30.8,18.96
2050,Morris Peterson,2008/09,43,4.26,0.4891,38.8,4.44
200754,Mouhamed Sene,2008/09,6,1.5,0.6667,0.0,3.33
101126,Nate Robinson,2008/09,74,13.89,0.4976,32.5,17.19
201605,Nathan Jawai,2008/09,6,0.67,0.25,0.0,0.33
1737,Nazr Mohammed,2008/09,39,2.59,0.4059,0.0,2.67
2403,Nene,2008/09,77,9.21,0.6044,20.0,14.58
2555,Nick Collison,2008/09,71,6.03,0.5678,0.0,8.23
201156,Nick Young,2008/09,82,9.22,0.4815,34.1,10.88
201564,O.J. Mayo,2008/09,82,15.65,0.4945,38.4,18.49
201629,Othello Hunter,2008/09,16,1.25,0.55,0.0,1.38
200753,Patrick O'Bryant,2008/09,39,2.15,0.5357,0.0,2.59
2200,Pau Gasol,2008/09,81,12.9,0.567,50.0,18.86
200794,Paul Millsap,2008/09,76,9.86,0.534,0.0,13.53
1718,Paul Pierce,2008/09,81,14.58,0.5076,39.1,20.47
978,Peja Stojakovic,2008/09,61,11.79,0.5,37.8,13.31
2047,Quentin Richardson,2008/09,72,9.26,0.4828,36.5,10.18
200763,Quincy Douby,2008/09,27,4.07,0.4455,30.4,4.26
2624,Quinton Ross,2008/09,68,3.81,0.4459,37.5,3.9
1952,Raja Bell,2008/09,67,10.21,0.5205,42.1,11.93
200765,Rajon Rondo,2008/09,80,9.49,0.5145,31.3,11.91
201196,Ramon Sessions,2008/09,79,9.81,0.449,17.6,12.37
201043,Randolph Morris,2008/09,23,0.74,0.4118,0.0,0.78
200751,Randy Foye,2008/09,70,14.01,0.4633,36.0,16.27
101119,Rashad McCants,2008/09,58,8.41,0.458,33.3,9.55
1740,Rashard Lewis,2008/09,79,13.78,0.5399,39.7,17.73
739,Rasheed Wallace,2008/09,66,10.91,0.4979,35.4,12.05
2446,Rasual Butler,2008/09,82,9.79,0.5205,39.0,11.24
101109,Raymond Felton,2008/09,82,13.21,0.4354,28.5,14.17
2501,Reggie Evans,2008/09,79,2.25,0.4438,0.0,3.32
1888,Richard Hamilton,2008/09,67,15.57,0.4803,36.8,18.28
2210,Richard Jefferson,2008/09,82,14.9,0.4869,39.7,19.6
1729,Ricky Davis,2008/09,36,6.81,0.4102,31.5,6.44
201633,Rob Kurz,2008/09,40,3.27,0.4466,39.5,3.92
2741,Robert Swift,2008/09,26,2.73,0.5211,0.0,3.31
201577,Robin Lopez,2008/09,60,2.28,0.5182,0.0,3.15
200760,Rodney Carney,2008/09,67,6.31,0.5095,35.0,7.18
201155,Rodney Stuckey,2008/09,79,11.56,0.4518,29.5,13.39
2427,Roger Mason Jr.,2008/09,82,10.02,0.5255,42.1,11.82
101146,Roko Ukic,2008/09,72,4.5,0.3966,17.7,4.18
200758,Ronnie Brewer,2008/09,81,10.22,0.5217,25.9,13.72
101179,Ronnie Price,2008/09,52,3.9,0.4261,31.1,3.98
101142,Ronny Turiaf,2008/09,79,4.63,0.5082,0.0,5.95
201579,Roy Hibbert,2008/09,70,6.0,0.4714,0.0,7.06
2767,Royal Ivey,2008/09,71,2.93,0.4255,34.2,2.97
201164,Rudy Fernandez,2008/09,78,8.08,0.5516,39.9,10.45
200752,Rudy Gay,2008/09,79,15.97,0.4869,35.1,18.9
201566,Russell Westbrook,2008/09,82,13.35,0.4142,27.1,15.32
1763,Ryan Bowen,2008/09,21,1.81,0.5789,0.0,2.24
200797,Ryan Hollins,2008/09,45,2.09,0.5319,0.0,3.18
2223,Samuel Dalembert,2008/09,82,5.29,0.4977,0.0,6.38
2756,Sasha Vujacic,2008/09,80,5.01,0.4875,36.3,5.76
1752,Sean Marks,2008/09,60,2.75,0.4909,20.0,3.2
201157,Sean Williams,2008/09,33,2.18,0.4167,0.0,2.42
2742,Sebastian Telfair,2008/09,75,9.29,0.4354,34.6,9.84
200771,Sergio Rodriguez,2008/09,80,4.11,0.4483,32.5,4.45
2203,Shane Battier,2008/09,60,5.9,0.5381,38.4,7.27
200769,Shannon Brown,2008/09,48,3.44,0.5152,37.8,4.21
406,Shaquille O'Neal,2008/09,75,11.21,0.6088,0.0,17.77
2733,Shaun Livingston,2008/09,12,5.0,0.5167,0.0,5.92
101183,Shavlik Randolph,2008/09,10,1.3,0.6538,100.0,1.8
1890,Shawn Marion,2008/09,69,11.42,0.4911,18.9,12.91
200761,Shawne Williams,2008/09,15,3.73,0.2946,5.9,2.8
200780,Solomon Jones,2008/09,63,1.76,0.6081,50.0,2.98
201603,Sonny Weems,2008/09,12,2.08,0.32,0.0,1.58
2049,Speedy Claxton,2008/09,2,3.5,0.2857,0.0,2.5
201150,Spencer Hawes,2008/09,77,10.39,0.4913,34.8,11.38
101211,Stephen Graham,2008/09,52,4.92,0.4531,30.3,5.42
1536,Stephen Jackson,2008/09,59,16.9,0.4659,33.8,20.73
950,Stephon Marbury,2008/09,23,4.83,0.3694,24.0,3.83
2581,Steve Blake,2008/09,69,9.38,0.5363,42.7,10.97
959,Steve Nash,2008/09,74,11.5,0.5664,43.9,15.68
200779,Steve Novak,2008/09,71,5.58,0.5947,41.6,6.93
201631,Steven Hill,2008/09,1,1.0,1.0,0.0,2.0
2031,Stromile Swift,2008/09,19,2.95,0.4375,100.0,3.26
201180,Sun Sun,2008/09,10,1.1,0.2727,0.0,0.6
2551,T.J. Ford,2008/09,74,12.34,0.4715,33.7,14.95
200814,Tarence Kinsey,2008/09,50,1.38,0.5,38.9,2.04
2419,Tayshaun Prince,2008/09,82,12.44,0.4775,39.7,14.18
201152,Thaddeus Young,2008/09,75,12.8,0.524,34.1,15.27
689,Theo Ratliff,2008/09,46,1.39,0.5312,0.0,1.93
201242,Thomas Gardner,2008/09,16,2.25,0.3056,17.4,1.5
1495,Tim Duncan,2008/09,75,14.76,0.5041,0.0,19.33
1501,Tim Thomas,2008/09,64,6.84,0.5205,41.3,8.52
1499,Tony Battie,2008/09,77,4.19,0.4923,22.2,4.83
2225,Tony Parker,2008/09,72,17.54,0.5135,29.2,21.96
1503,Tracy McGrady,2008/09,35,13.86,0.433,37.6,15.57
101143,Travis Diener,2008/09,55,3.25,0.5419,39.0,3.75
2566,Travis Outlaw,2008/09,81,10.49,0.5053,37.7,12.77
2239,Trenton Hassell,2008/09,53,3.6,0.4555,25.0,3.66
201234,Trey Johnson,2008/09,4,1.25,0.0,0.0,1.0
2211,Troy Murphy,2008/09,73,10.51,0.5795,45.0,14.26
1731,Tyronn Lue,2008/09,44,3.68,0.5216,43.5,4.16
200748,Tyrus Thomas,2008/09,79,8.65,0.4531,33.3,10.85
2199,Tyson Chandler,2008/09,45,6.29,0.5654,0.0,8.82
2617,Udonis Haslem,2008/09,75,8.57,0.5179,0.0,10.59
1713,Vince Carter,2008/09,80,16.81,0.4933,38.5,20.77
2209,Vladimir Radmanovic,2008/09,78,5.97,0.5333,40.1,6.92
1887,Wally Szczerbiak,2008/09,74,5.38,0.5364,41.1,6.99
201594,Walter Sharpe,2008/09,8,1.38,0.3636,0.0,1.0
2226,Will Solomon,2008/09,53,4.62,0.4857,32.6,4.96
2584,Willie Green,2008/09,81,8.12,0.4734,31.7,8.46
201163,Wilson Chandler,2008/09,82,12.85,0.4806,32.8,14.44
2397,Yao Ming,2008/09,77,13.4,0.5489,100.0,19.66
201146,Yi Jianlian,2008/09,61,8.2,0.43,34.3,8.61
2216,Zach Randolph,2008/09,50,17.46,0.4937,33.0,20.82
980,Zydrunas Ilgauskas,2008/09,65,11.14,0.4827,38.5,12.89
201985,AJ Price,2009/10,56,6.32,0.4944,34.5,7.32
201166,Aaron Brooks,2009/10,82,16.23,0.5105,39.8,19.56
201189,Aaron Gray,2009/10,32,2.56,0.5122,0.0,3.25
200747,Adam Morrison,2009/10,31,2.74,0.4059,23.8,2.39
1733,Al Harrington,2009/10,72,14.31,0.5029,34.2,17.72
201143,Al Horford,2009/10,81,10.46,0.5519,100.0,14.17
2744,Al Jefferson,2009/10,76,14.8,0.4978,0.0,17.12
201154,Al Thornton,2009/10,75,9.01,0.4815,35.5,10.72
201169,Alando Tucker,2009/10,15,2.6,0.4487,14.3,3.4
947,Allen Iverson,2009/10,28,11.29,0.4446,36.0,13.75
2405,Amar'e Stoudemire,2009/10,82,15.41,0.5574,16.7,23.12
101161,Amir Johnson,2009/10,82,4.07,0.6228,0.0,6.23
101154,Andray Blatche,2009/10,81,12.33,0.485,29.5,14.11
2738,Andre Iguodala,2009/10,82,13.66,0.4848,31.0,17.09
1889,Andre Miller,2009/10,82,11.07,0.4537,20.0,13.98
2804,Andres Nocioni,2009/10,75,7.83,0.4804,38.6,8.47
101106,Andrew Bogut,2009/10,69,13.19,0.5198,0.0,15.87
101115,Andrew Bynum,2009/10,65,10.58,0.5698,0.0,15.03
2740,Andris Biedrins,2009/10,33,4.15,0.5912,0.0,5.03
1712,Antawn Jamison,2009/10,66,15.7,0.5024,34.4,18.71
1853,Anthony Carter,2009/10,54,3.35,0.4669,27.0,3.33
1533,Anthony Johnson,2009/10,31,3.58,0.5,33.3,4.19
201627,Anthony Morrow,2009/10,69,10.19,0.5676,45.6,13.03
201576,Anthony Randolph,2009/10,33,9.36,0.445,20.0,11.64
201229,Anthony Tolliver,2009/10,46,9.76,0.4855,32.9,11.72
101120,Antoine Wright,2009/10,67,5.96,0.4787,33.5,6.49
202079,Antonio Anderson,2009/10,1,3.0,0.3333,0.0,2.0
686,Antonio McDyess,2009/10,77,5.56,0.479,0.0,5.79
201948,Austin Daye,2009/10,69,4.28,0.5136,30.5,5.06
1884,Baron Davis,2009/10,75,13.53,0.4463,27.7,15.27
2732,Ben Gordon,2009/10,62,11.27,0.47,32.1,13.79
1112,Ben Wallace,2009/10,69,4.23,0.5411,0.0,5.52
201628,Bobby Brown,2009/10,45,5.27,0.4262,26.5,4.78
2250,Bobby Simmons,2009/10,23,5.09,0.4444,31.7,5.3
1802,Brad Miller,2009/10,82,7.09,0.4621,28.0,8.77
101138,Brandon Bass,2009/10,50,4.66,0.5107,0.0,5.8
200750,Brandon Roy,2009/10,65,15.97,0.5082,33.0,21.51
201575,Brandon Rush,2009/10,82,8.56,0.5114,41.1,9.44
2217,Brendan Haywood,2009/10,77,6.38,0.5621,0.0,9.14
2073,Brian Cardinal,2009/10,29,1.24,0.4306,33.3,1.66
2567,Brian Cook,2009/10,15,1.53,0.3478,22.2,1.4
2243,Brian Scalabrine,2009/10,52,1.63,0.4353,32.7,1.5
1730,Brian Skinner,2009/10,16,1.56,0.4,0.0,1.62
201572,Brook Lopez,2009/10,82,13.77,0.4987,0.0,18.8
201957,Byron Mullens,2009/10,13,1.46,0.3684,0.0,1.08
201228,C.J. Watson,2009/10,65,8.12,0.5104,31.0,10.26
101139,CJ Miles,2009/10,63,8.92,0.4947,34.1,9.87
201171,Carl Landry,2009/10,80,11.64,0.5365,33.3,16.79
2430,Carlos Boozer,2009/10,78,14.08,0.5619,0.0,19.47
2568,Carlos Delfino,2009/10,75,9.76,0.5,36.7,11.0
2406,Caron Butler,2009/10,74,14.2,0.4481,29.0,16.3
201858,Cartier Martin,2009/10,18,7.56,0.4301,34.7,7.83
202132,Cedric Jackson,2009/10,12,1.67,0.325,16.7,1.67
101112,Channing Frye,2009/10,81,8.68,0.5733,43.9,11.16
101111,Charlie Villanueva,2009/10,78,10.6,0.4988,35.1,11.94
201978,Chase Budinger,2009/10,74,7.64,0.5221,36.9,8.88
1497,Chauncey Billups,2009/10,73,13.18,0.4995,38.6,19.55
2547,Chris Bosh,2009/10,70,16.54,0.5216,36.4,23.97
201604,Chris Douglas-Roberts,2009/10,67,8.55,0.4572,25.9,9.81
2768,Chris Duhon,2009/10,67,6.73,0.4723,34.9,7.37
201805,Chris Hunter,2009/10,60,3.62,0.5023,0.0,4.5
2549,Chris Kaman,2009/10,76,15.82,0.49,0.0,18.53
101108,Chris Paul,2009/10,45,14.16,0.5338,40.9,18.69
200809,Chris Quinn,2009/10,25,2.24,0.4464,31.3,2.24
201181,Chris Richard,2009/10,18,1.61,0.5172,0.0,2.06
2404,Chris Wilcox,2009/10,34,3.53,0.525,0.0,4.47
101236,Chuck Hayes,2009/10,82,4.01,0.4894,0.0,4.37
201207,Coby Karl,2009/10,7,4.57,0.375,18.2,4.0
201147,Corey Brewer,2009/10,82,11.57,0.4742,34.6,13.0
1894,Corey Maggette,2009/10,70,12.66,0.5231,26.0,19.81
201584,Courtney Lee,2009/10,71,10.92,0.4852,33.8,12.46
200783,Craig Smith,2009/10,75,5.29,0.5705,20.0,7.8
2788,DJ Mbenga,2009/10,49,2.1,0.466,0.0,2.14
201591,DJ White,2009/10,12,3.42,0.6098,0.0,4.92
201969,DaJuan Summers,2009/10,44,2.95,0.4115,35.7,3.05
2563,Dahntay Jones,2009/10,76,8.2,0.4639,12.5,10.21
2863,Damien Wilkins,2009/10,80,4.76,0.4567,29.5,5.64
2429,Dan Gadzuric,2009/10,32,2.78,0.4382,0.0,2.75
200789,Daniel Gibson,2009/10,56,4.79,0.5989,47.7,6.34
101122,Danny Granger,2009/10,62,18.37,0.4978,36.1,24.15
201967,Dante Cunningham,2009/10,63,3.4,0.4953,0.0,3.86
2545,Darko Milicic,2009/10,32,6.38,0.4902,0.0,6.72
201616,Darnell Jackson,2009/10,28,1.07,0.3167,25.0,0.82
201954,Darren Collison,2009/10,76,10.38,0.5057,40.0,12.45
101135,David Lee,2009/10,81,15.53,0.5453,0.0,20.25
2561,David West,2009/10,81,15.14,0.5077,25.9,19.02
201599,DeAndre Jordan,2009/10,70,3.4,0.605,0.0,4.8
201971,DeJuan Blair,2009/10,82,6.04,0.5556,0.0,7.78
201942,DeMar DeRozan,2009/10,77,6.65,0.502,25.0,8.6
201960,DeMarre Carroll,2009/10,71,3.13,0.3964,0.0,2.94
2205,DeSagana Diop,2009/10,27,1.07,0.5172,0.0,1.19
2052,DeShawn Stevenson,2009/10,64,2.55,0.3405,21.8,2.12
2753,Delonte West,2009/10,60,7.27,0.4736,32.5,8.8
965,Derek Fisher,2009/10,82,6.8,0.4498,34.8,7.5
101114,Deron Williams,2009/10,76,13.86,0.5147,37.1,18.67
201974,Derrick Brown,2009/10,57,2.58,0.4694,28.6,3.26
201565,Derrick Rose,2009/10,78,17.6,0.4953,26.7,20.76
2046,Desmond Mason,2009/10,5,2.4,0.4167,0.0,2.6
1904,Devean George,2009/10,45,4.58,0.5485,39.0,5.38
2734,Devin Harris,2009/10,64,13.81,0.4367,27.6,16.88
1717,Dirk Nowitzki,2009/10,81,18.47,0.4983,42.1,25.02
201187,Dominic McGuire,2009/10,51,1.02,0.3654,0.0,0.75
201590,Donte Greene,2009/10,76,7.28,0.5036,37.7,8.51
2748,Dorell Wright,2009/10,72,5.82,0.5358,38.9,7.08
2400,Drew Gooden,2009/10,70,8.6,0.4792,12.5,10.9
2730,Dwight Howard,2009/10,82,10.17,0.6115,0.0,18.33
2548,Dwyane Wade,2009/10,77,19.62,0.5,30.0,26.56
2853,Earl Barron,2009/10,7,9.71,0.4412,0.0,11.71
1863,Earl Boykins,2009/10,67,6.01,0.4504,31.7,6.57
201947,Earl Clark,2009/10,51,2.96,0.3775,40.0,2.75
2248,Earl Watson,2009/10,79,6.63,0.4761,28.8,7.84
2067,Eddie House,2009/10,68,6.69,0.467,34.8,6.96
2201,Eddy Curry,2009/10,7,3.0,0.381,0.0,3.71
2059,Eduardo Najera,2009/10,46,3.17,0.4897,29.7,3.41
1882,Elton Brand,2009/10,76,11.29,0.4802,0.0,13.11
2731,Emeka Okafor,2009/10,82,8.0,0.5305,0.0,10.37
201569,Eric Gordon,2009/10,62,12.65,0.5249,37.1,16.85
201953,Eric Maynor,2009/10,81,4.54,0.4484,31.0,4.72
956,Erick Dampier,2009/10,55,3.87,0.6268,33.3,5.96
2041,Etan Thomas,2009/10,23,2.96,0.4559,0.0,3.26
101128,Francisco Garcia,2009/10,25,7.04,0.5312,39.0,8.08
202066,Garrett Temple,2009/10,27,3.74,0.5,35.1,5.04
201588,George Hill,2009/10,78,9.46,0.5291,39.9,12.36
201945,Gerald Henderson,2009/10,43,2.42,0.375,21.1,2.63
2222,Gerald Wallace,2009/10,76,12.41,0.5111,37.1,18.24
201175,Glen Davis,2009/10,54,5.17,0.4373,0.0,6.3
255,Grant Hill,2009/10,81,8.68,0.5028,43.8,11.26
201141,Greg Oden,2009/10,21,7.24,0.6053,0.0,11.1
201632,Hamed Haddadi,2009/10,36,1.72,0.3871,0.0,1.72
201934,Hasheem Thabeet,2009/10,68,1.93,0.5878,0.0,3.06
2045,Hedo Turkoglu,2009/10,74,9.11,0.4896,37.4,11.28
201611,Henry Walker,2009/10,35,6.63,0.625,43.1,9.4
2137,Ime Udoka,2009/10,69,3.49,0.4315,28.6,3.62
200826,J.J. Barea,2009/10,78,6.76,0.4934,35.7,7.64
201592,J.R. Giddens,2009/10,32,1.88,0.4667,0.0,2.16
201581,JJ Hickson,2009/10,81,6.44,0.5536,0.0,8.51
200755,JJ Redick,2009/10,82,6.74,0.5398,40.5,9.61
2747,JR Smith,2009/10,75,13.77,0.4908,33.8,15.41
201580,JaVale McGee,2009/10,60,5.12,0.5081,0.0,6.43
2048,Jamaal Magloire,2009/10,36,1.56,0.5,0.0,2.14
2224,Jamaal Tinsley,2009/10,38,3.68,0.3964,17.9,3.5
2037,Jamal Crawford,2009/10,79,13.99,0.5226,38.2,18.04
2749,Jameer Nelson,2009/10,65,10.86,0.5099,38.1,12.58
201935,James Harden,2009/10,76,7.61,0.4836,37.5,9.91
201949,James Johnson,2009/10,65,3.23,0.4881,32.6,3.94
2592,James Jones,2009/10,36,3.31,0.5168,41.1,4.06
1899,James Posey,2009/10,77,4.48,0.4826,33.5,5.18
201162,Jared Dudley,2009/10,82,5.98,0.5816,45.8,8.22
2407,Jared Jeffries,2009/10,70,4.49,0.4729,29.6,5.31
101127,Jarrett Jack,2009/10,82,8.18,0.5425,41.2,11.35
2260,Jarron Collins,2009/10,34,0.91,0.3871,0.0,1.0
2553,Jarvis Hayes,2009/10,45,7.29,0.5122,33.5,7.78
2215,Jason Collins,2009/10,24,0.96,0.3478,0.0,0.67
2078,Jason Hart,2009/10,5,0.4,0.5,0.0,0.4
467,Jason Kidd,2009/10,80,8.39,0.5544,42.5,10.3
101131,Jason Maxiell,2009/10,76,5.46,0.5108,0.0,6.75
2202,Jason Richardson,2009/10,79,12.63,0.5526,39.3,15.68
201160,Jason Smith,2009/10,56,3.11,0.4598,34.5,3.38
1891,Jason Terry,2009/10,77,13.52,0.5034,36.5,16.62
201574,Jason Thompson,2009/10,75,10.45,0.4726,10.0,12.52
101214,Jawad Williams,2009/10,54,3.81,0.466,32.3,4.15
1902,Jeff Foster,2009/10,16,2.88,0.4783,0.0,3.06
201145,Jeff Green,2009/10,82,13.05,0.5019,33.3,15.11
201952,Jeff Teague,2009/10,71,3.2,0.4119,21.9,3.21
979,Jermaine O'Neal,2009/10,70,10.64,0.5289,0.0,13.57
201966,Jermaine Taylor,2009/10,31,3.84,0.3992,22.7,4.13
711,Jerry Stackhouse,2009/10,42,7.52,0.4794,34.6,8.52
201573,Jerryd Bayless,2009/10,74,6.53,0.4441,31.5,8.51
201149,Joakim Noah,2009/10,64,8.12,0.5038,0.0,10.73
201975,Jodie Meeks,2009/10,60,4.47,0.4664,31.8,4.68
2207,Joe Johnson,2009/10,76,18.24,0.5047,36.9,21.3
693,Joe Smith,2009/10,64,3.02,0.4016,14.3,3.03
2038,Joel Przybilla,2009/10,30,2.87,0.5233,0.0,4.1
201595,Joey Dorsey,2009/10,15,1.33,0.45,0.0,1.53
101121,Joey Graham,2009/10,63,3.21,0.5248,15.4,4.22
2422,John Salmons,2009/10,81,12.23,0.5005,38.2,15.37
201972,Jon Brockman,2009/10,52,1.98,0.534,0.0,2.83
201973,Jonas Jerebko,2009/10,80,7.54,0.5108,31.3,9.26
1886,Jonathan Bender,2009/10,25,4.0,0.47,35.9,4.72
201938,Jonny Flynn,2009/10,81,11.75,0.4575,35.8,13.51
201941,Jordan Hill,2009/10,47,4.28,0.4925,0.0,5.19
2572,Josh Howard,2009/10,35,11.09,0.4343,26.7,12.74
201177,Josh McRoberts,2009/10,42,3.48,0.5479,34.8,4.26
2746,Josh Smith,2009/10,81,12.33,0.5045,0.0,15.67
201950,Jrue Holiday,2009/10,73,7.12,0.5019,39.0,8.04
201153,Julian Wright,2009/10,68,3.41,0.5043,33.3,3.81
436,Juwan Howard,2009/10,73,5.14,0.5093,0.0,5.99
2416,Kareem Rush,2009/10,7,1.57,0.4091,33.3,1.29
2586,Keith Bogans,2009/10,79,3.77,0.5201,35.7,4.39
2570,Kendrick Perkins,2009/10,78,6.69,0.6015,0.0,10.14
1903,Kenny Thomas,2009/10,26,1.35,0.4857,0.0,1.58
2030,Kenyon Martin,2009/10,58,10.69,0.4629,27.6,11.5
201142,Kevin Durant,2009/10,82,20.34,0.5144,36.5,30.15
708,Kevin Garnett,2009/10,69,11.19,0.5214,20.0,14.35
201567,Kevin Love,2009/10,60,10.77,0.4776,33.0,14.03
2755,Kevin Martin,2009/10,46,15.07,0.4675,33.3,20.57
1563,Kevin Ollie,2009/10,25,1.8,0.4,0.0,1.76
2039,Keyon Dooling,2009/10,53,6.11,0.4892,37.6,6.87
2550,Kirk Hinrich,2009/10,74,10.18,0.4781,37.1,10.88
977,Kobe Bryant,2009/10,73,21.49,0.4879,32.9,26.99
201585,Kosta Koufos,2009/10,36,1.31,0.4681,0.0,1.47
2743,Kris Humphries,2009/10,69,5.91,0.4412,0.0,7.06
703,Kurt Thomas,2009/10,70,2.97,0.476,0.0,3.0
2198,Kwame Brown,2009/10,48,2.58,0.5,0.0,3.27
2594,Kyle Korver,2009/10,52,5.38,0.5982,53.6,7.19
200768,Kyle Lowry,2009/10,68,6.82,0.4364,27.2,9.12
201602,Kyle Weaver,2009/10,12,2.75,0.4697,36.8,3.0
1716,Larry Hughes,2009/10,45,8.58,0.4106,30.9,9.13
2544,LeBron James,2009/10,76,20.11,0.5448,33.3,29.71
2571,Leandro Barbosa,2009/10,44,8.3,0.4849,32.4,9.5
200796,Leon Powe,2009/10,20,2.45,0.4286,0.0,3.95
201991,Lester Hudson,2009/10,25,2.12,0.4434,31.3,2.32
283,Lindsey Hunter,2009/10,13,2.31,0.1833,7.7,1.0
101150,Lou Williams,2009/10,64,10.58,0.5214,34.0,14.03
201601,Luc Mbah a Moute,2009/10,73,5.05,0.4878,35.3,6.21
2449,Luis Scola,2009/10,82,13.29,0.5142,20.0,16.21
2557,Luke Ridnour,2009/10,82,8.37,0.5284,38.1,10.39
2575,Luke Walton,2009/10,29,2.9,0.3988,41.2,2.38
2736,Luol Deng,2009/10,70,14.49,0.4822,38.6,17.57
101129,Luther Head,2009/10,47,6.62,0.4968,35.2,7.6
201612,Malik Hairston,2009/10,47,1.62,0.5395,18.2,2.11
1938,Manu Ginobili,2009/10,75,12.04,0.5138,37.7,16.49
201158,Marco Belinelli,2009/10,66,5.74,0.4855,38.0,7.11
948,Marcus Camby,2009/10,74,6.77,0.477,28.6,7.51
202068,Marcus Landry,2009/10,18,2.39,0.4767,32.1,2.44
201977,Marcus Thornton,2009/10,73,12.1,0.517,37.4,14.48
200766,Marcus Williams,2009/10,62,4.37,0.428,29.6,4.34
200776,Mardy Collins,2009/10,43,2.98,0.3828,23.5,2.58
201596,Mario Chalmers,2009/10,73,6.22,0.4835,31.8,7.14
201238,Mario West,2009/10,39,0.54,0.5714,0.0,0.77
2605,Marquis Daniels,2009/10,51,4.88,0.51,21.4,5.65
201578,Marreese Speights,2009/10,62,7.16,0.4775,0.0,8.58
101110,Martell Webster,2009/10,82,7.79,0.5023,37.3,9.37
101107,Marvin Williams,2009/10,81,8.2,0.4849,30.3,10.12
2440,Matt Barnes,2009/10,81,6.88,0.5458,31.9,8.84
2588,Matt Bonner,2009/10,65,5.72,0.5672,39.0,7.03
2679,Matt Carroll,2009/10,25,2.0,0.4,21.1,1.84
1897,Metta World Peace,2009/10,77,9.61,0.4845,35.5,10.97
201563,Michael Beasley,2009/10,78,13.33,0.4635,27.5,14.82
714,Michael Finley,2009/10,46,4.0,0.5272,39.0,4.39
2072,Michael Redd,2009/10,18,11.83,0.3944,30.0,11.94
1710,Mike Bibby,2009/10,80,8.05,0.514,38.9,9.12
201144,Mike Conley,2009/10,80,10.38,0.494,38.7,11.99
2399,Mike Dunleavy,2009/10,67,8.33,0.4776,31.8,9.94
200839,Mike Harris,2009/10,13,2.31,0.3667,0.0,2.23
2229,Mike James,2009/10,4,5.0,0.35,33.3,4.5
2034,Mike Miller,2009/10,54,8.02,0.5958,48.0,10.85
1630,Mikki Moore,2009/10,23,3.91,0.6,0.0,5.0
2590,Mo Williams,2009/10,69,12.39,0.5351,42.9,15.83
101145,Monta Ellis,2009/10,64,21.97,0.4762,33.8,25.48
2050,Morris Peterson,2009/10,46,6.54,0.4884,36.3,7.11
101126,Nate Robinson,2009/10,56,8.8,0.5243,39.0,10.12
201605,Nathan Jawai,2009/10,39,2.85,0.4414,0.0,3.18
1737,Nazr Mohammed,2009/10,58,5.9,0.5526,0.0,7.91
2403,Nene,2009/10,82,8.74,0.5872,0.0,13.84
2555,Nick Collison,2009/10,75,4.12,0.5906,25.0,5.85
201156,Nick Young,2009/10,74,7.54,0.4794,40.6,8.64
201564,O.J. Mayo,2009/10,82,14.43,0.5156,38.3,17.46
201802,Oliver Lafayette,2009/10,1,6.0,0.5833,50.0,7.0
201956,Omri Casspi,2009/10,77,8.73,0.5022,36.9,10.29
201629,Othello Hunter,2009/10,7,1.71,0.3333,0.0,1.57
201785,Othyus Jeffers,2009/10,14,2.07,0.4138,0.0,2.64
200753,Patrick O'Bryant,2009/10,11,1.36,0.5333,0.0,1.73
201988,Patty Mills,2009/10,10,2.4,0.4583,50.0,2.6
2200,Pau Gasol,2009/10,65,12.98,0.5355,0.0,18.31
200794,Paul Millsap,2009/10,82,8.73,0.5384,11.1,11.63
1718,Paul Pierce,2009/10,71,12.21,0.5346,41.4,18.25
978,Peja Stojakovic,2009/10,62,11.1,0.5,37.5,12.65
2047,Quentin Richardson,2009/10,76,7.38,0.5579,39.7,8.92
2624,Quinton Ross,2009/10,52,2.13,0.3784,19.0,1.77
1952,Raja Bell,2009/10,6,10.17,0.5574,44.4,11.83
200765,Rajon Rondo,2009/10,81,11.16,0.5171,21.3,13.7
201196,Ramon Sessions,2009/10,82,6.77,0.4568,6.7,8.22
201043,Randolph Morris,2009/10,28,1.46,0.561,0.0,2.21
200751,Randy Foye,2009/10,70,8.84,0.4645,34.6,10.06
1740,Rashard Lewis,2009/10,72,11.18,0.5391,39.7,14.07
739,Rasheed Wallace,2009/10,79,8.23,0.4723,28.3,8.99
2446,Rasual Butler,2009/10,82,10.61,0.4925,33.6,11.94
101109,Raymond Felton,2009/10,80,10.57,0.4941,38.5,12.1
2501,Reggie Evans,2009/10,28,2.46,0.4928,0.0,3.39
1888,Richard Hamilton,2009/10,46,15.59,0.4372,29.7,18.07
2210,Richard Jefferson,2009/10,81,9.57,0.5052,31.6,12.27
1729,Ricky Davis,2009/10,36,3.97,0.4895,38.1,4.39
201577,Robin Lopez,2009/10,51,5.71,0.5876,0.0,8.43
200760,Rodney Carney,2009/10,68,4.15,0.4734,30.4,4.69
201155,Rodney Stuckey,2009/10,73,15.19,0.413,22.8,16.64
201958,Rodrigue Beaubois,2009/10,56,5.34,0.5936,40.9,7.09
2427,Roger Mason Jr.,2009/10,79,6.28,0.4778,33.3,6.34
101146,Roko Ukic,2009/10,13,2.31,0.5167,25.0,3.08
200758,Ronnie Brewer,2009/10,58,7.4,0.4965,25.8,8.81
101179,Ronnie Price,2009/10,60,4.03,0.4421,28.6,4.25
101142,Ronny Turiaf,2009/10,42,3.48,0.5822,0.0,4.93
201579,Roy Hibbert,2009/10,81,9.65,0.4968,50.0,11.68
2767,Royal Ivey,2009/10,44,1.89,0.506,40.0,2.11
201164,Rudy Fernandez,2009/10,62,6.82,0.4941,36.8,8.11
200752,Rudy Gay,2009/10,80,16.1,0.4915,32.7,19.59
201566,Russell Westbrook,2009/10,82,14.15,0.428,22.1,16.12
1763,Ryan Bowen,2009/10,1,1.0,1.0,0.0,4.0
200797,Ryan Hollins,2009/10,73,4.15,0.5578,0.0,6.12
201970,Sam Young,2009/10,80,6.21,0.4618,19.6,7.44
2223,Samuel Dalembert,2009/10,82,6.38,0.5449,0.0,8.13
2756,Sasha Vujacic,2009/10,67,2.45,0.4787,30.9,2.76
1752,Sean Marks,2009/10,14,0.57,0.5,0.0,0.71
201157,Sean Williams,2009/10,20,2.45,0.4286,0.0,2.6
2742,Sebastian Telfair,2009/10,43,4.67,0.4453,23.2,4.84
201586,Serge Ibaka,2009/10,73,5.07,0.5446,50.0,6.32
200771,Sergio Rodriguez,2009/10,66,5.32,0.5214,35.2,6.58
2203,Shane Battier,2009/10,67,6.67,0.5112,36.2,7.97
200769,Shannon Brown,2009/10,82,7.22,0.4797,32.8,8.13
406,Shaquille O'Neal,2009/10,53,8.74,0.5659,0.0,12.0
2733,Shaun Livingston,2009/10,36,5.58,0.5174,0.0,6.94
101183,Shavlik Randolph,2009/10,6,3.0,0.3333,0.0,2.33
1890,Shawn Marion,2009/10,75,10.37,0.5096,15.8,11.97
200780,Solomon Jones,2009/10,52,3.38,0.4432,0.0,3.98
201603,Sonny Weems,2009/10,69,6.64,0.5175,13.3,7.51
201150,Spencer Hawes,2009/10,72,9.25,0.488,29.9,10.04
201939,Stephen Curry,2009/10,80,14.29,0.5346,43.7,17.49
101211,Stephen Graham,2009/10,70,3.43,0.5292,32.0,4.23
1536,Stephen Jackson,2009/10,81,17.51,0.4686,32.8,20.58
2581,Steve Blake,2009/10,80,6.53,0.5268,39.5,7.33
959,Steve Nash,2009/10,81,12.16,0.5695,42.6,16.46
200779,Steve Novak,2009/10,54,2.0,0.4907,31.0,2.09
2212,Steven Hunter,2009/10,21,2.05,0.3953,0.0,2.52
202178,Sundiata Gaines,2009/10,32,2.56,0.5061,26.9,3.31
2551,T.J. Ford,2009/10,47,8.89,0.4545,16.0,10.3
201959,Taj Gibson,2009/10,82,7.67,0.4944,0.0,8.96
201981,Taylor Griffin,2009/10,8,1.25,0.4,0.0,1.25
2419,Tayshaun Prince,2009/10,49,11.84,0.5095,37.0,13.49
201944,Terrence Williams,2009/10,78,8.35,0.4247,31.0,8.41
201152,Thaddeus Young,2009/10,67,12.13,0.4994,34.8,13.82
689,Theo Ratliff,2009/10,49,3.1,0.4605,0.0,3.63
1495,Tim Duncan,2009/10,78,13.87,0.5194,18.2,17.88
1501,Tim Thomas,2009/10,18,5.89,0.5377,37.2,7.5
201962,Toney Douglas,2009/10,56,6.98,0.5448,38.9,8.59
1499,Tony Battie,2009/10,15,2.67,0.3625,25.0,2.4
2225,Tony Parker,2009/10,56,12.79,0.4944,29.4,15.96
1503,Tracy McGrady,2009/10,30,7.83,0.4213,25.0,8.17
101143,Travis Diener,2009/10,9,1.11,0.25,14.3,0.67
2566,Travis Outlaw,2009/10,34,8.26,0.4626,38.1,9.09
2239,Trenton Hassell,2009/10,52,4.21,0.411,0.0,4.46
201821,Trey Gilder,2009/10,2,0.5,1.0,0.0,1.0
2211,Troy Murphy,2009/10,72,11.29,0.551,38.4,14.58
201946,Tyler Hansbrough,2009/10,29,7.76,0.36,0.0,8.48
201936,Tyreke Evans,2009/10,72,16.18,0.473,25.5,20.14
200748,Tyrus Thomas,2009/10,54,7.78,0.4619,0.0,9.41
2199,Tyson Chandler,2009/10,51,3.73,0.5737,0.0,6.53
2617,Udonis Haslem,2009/10,78,8.1,0.4937,0.0,9.88
1713,Vince Carter,2009/10,75,13.53,0.4862,36.7,16.59
2209,Vladimir Radmanovic,2009/10,41,6.66,0.4322,27.8,6.24
201961,Wayne Ellington,2009/10,76,5.89,0.4955,39.5,6.64
202083,Wesley Matthews,2009/10,82,6.89,0.5389,38.2,9.38
2584,Willie Green,2009/10,73,7.44,0.5,34.6,8.74
201163,Wilson Chandler,2009/10,65,13.23,0.5023,26.7,15.28
201146,Yi Jianlian,2009/10,52,10.83,0.4165,36.6,11.98
2216,Zach Randolph,2009/10,81,16.49,0.4936,28.8,20.75
980,Zydrunas Ilgauskas,2009/10,64,6.84,0.4555,47.8,7.41
201985,AJ Price,2010/11,50,6.4,0.4203,27.5,6.46
201166,Aaron Brooks,2010/11,59,9.95,0.4344,29.7,10.75
201189,Aaron Gray,2010/11,41,2.41,0.5657,0.0,3.15
1733,Al Harrington,2010/11,73,9.25,0.503,35.7,10.48
201143,Al Horford,2010/11,77,11.96,0.5581,50.0,15.3
2744,Al Jefferson,2010/11,82,16.09,0.4958,0.0,18.63
201154,Al Thornton,2010/11,71,6.07,0.4803,15.4,7.38
2405,Amar'e Stoudemire,2010/11,78,19.0,0.5054,43.5,25.27
101161,Amir Johnson,2010/11,72,6.88,0.5677,0.0,9.56
101154,Andray Blatche,2010/11,64,14.95,0.4472,22.2,16.81
2738,Andre Iguodala,2010/11,67,11.33,0.4855,33.7,14.1
1889,Andre Miller,2010/11,81,10.42,0.4621,10.8,12.7
2804,Andres Nocioni,2010/11,54,5.13,0.5018,35.6,6.06
101106,Andrew Bogut,2010/11,65,11.42,0.4946,0.0,12.77
101115,Andrew Bynum,2010/11,54,7.65,0.5738,0.0,11.33
2740,Andris Biedrins,2010/11,59,4.51,0.5338,0.0,4.98
202360,Andy Rautins,2010/11,5,1.4,0.5,25.0,1.6
1712,Antawn Jamison,2010/11,56,15.64,0.4789,34.6,18.04
1853,Anthony Carter,2010/11,33,3.21,0.4811,30.0,3.33
201627,Anthony Morrow,2010/11,58,10.69,0.5387,42.3,13.17
201576,Anthony Randolph,2010/11,40,6.6,0.4678,25.0,7.62
201229,Anthony Tolliver,2010/11,65,4.82,0.5256,40.9,6.68
101120,Antoine Wright,2010/11,7,1.14,0.125,0.0,0.29
1498,Antonio Daniels,2010/11,4,1.25,0.4,0.0,1.5
686,Antonio McDyess,2010/11,73,4.71,0.4913,0.0,5.34
202356,Armon Johnson,2010/11,38,2.66,0.4802,41.7,2.89
201948,Austin Daye,2010/11,72,6.54,0.483,40.1,7.46
202340,Avery Bradley,2010/11,31,2.16,0.3433,0.0,1.68
1884,Baron Davis,2010/11,58,11.95,0.4755,33.9,13.1
2732,Ben Gordon,2010/11,82,9.39,0.5097,40.2,11.23
202386,Ben Uzoh,2010/11,42,3.43,0.434,37.5,3.76
1112,Ben Wallace,2010/11,54,2.76,0.453,50.0,2.85
201933,Blake Griffin,2010/11,82,16.78,0.5084,29.2,22.5
2250,Bobby Simmons,2010/11,2,1.5,0.0,0.0,0.0
1802,Brad Miller,2010/11,60,4.93,0.5135,37.4,6.37
201148,Brandan Wright,2010/11,37,3.16,0.5128,0.0,3.81
101138,Brandon Bass,2010/11,76,8.49,0.5147,0.0,11.24
200750,Brandon Roy,2010/11,47,11.13,0.4359,33.3,12.19
201575,Brandon Rush,2010/11,67,7.69,0.5117,41.7,9.06
2217,Brendan Haywood,2010/11,72,3.1,0.574,0.0,4.44
2073,Brian Cardinal,2010/11,56,1.79,0.64,48.3,2.59
2567,Brian Cook,2010/11,40,4.25,0.5235,43.0,4.83
2243,Brian Scalabrine,2010/11,18,1.06,0.5263,0.0,1.11
201572,Brook Lopez,2010/11,82,15.96,0.492,0.0,20.4
201957,Byron Mullens,2010/11,13,2.15,0.3214,0.0,1.92
201228,C.J. Watson,2010/11,82,4.8,0.4264,39.3,4.94
101139,CJ Miles,2010/11,78,11.53,0.4677,32.2,12.82
201171,Carl Landry,2010/11,76,9.04,0.5022,0.0,11.88
2430,Carlos Boozer,2010/11,59,14.32,0.5101,0.0,17.51
2568,Carlos Delfino,2010/11,49,10.47,0.4922,37.0,11.53
2406,Caron Butler,2010/11,29,13.03,0.4868,43.1,15.03
201858,Cartier Martin,2010/11,52,3.5,0.4973,39.4,4.02
101112,Channing Frye,2010/11,77,10.77,0.535,39.0,12.68
101111,Charlie Villanueva,2010/11,76,9.32,0.5304,38.7,11.05
201978,Chase Budinger,2010/11,78,8.41,0.4931,32.5,9.81
1497,Chauncey Billups,2010/11,72,11.03,0.5189,40.2,16.78
2547,Chris Bosh,2010/11,77,13.71,0.4991,24.0,18.68
201604,Chris Douglas-Roberts,2010/11,44,6.2,0.456,32.6,7.34
2768,Chris Duhon,2010/11,51,2.53,0.4302,25.0,2.45
202419,Chris Johnson,2010/11,14,1.5,0.4286,0.0,2.36
2549,Chris Kaman,2010/11,32,11.75,0.4707,0.0,12.41
101108,Chris Paul,2010/11,80,11.6,0.5016,38.8,15.85
200809,Chris Quinn,2010/11,41,2.22,0.4231,29.7,1.98
2404,Chris Wilcox,2010/11,57,5.65,0.5807,0.0,7.44
101236,Chuck Hayes,2010/11,74,6.26,0.527,0.0,7.86
201147,Corey Brewer,2010/11,69,7.07,0.4262,26.8,8.0
1894,Corey Maggette,2010/11,67,8.34,0.4776,35.9,12.01
201584,Courtney Lee,2010/11,81,7.11,0.5009,40.8,8.3
200783,Craig Smith,2010/11,48,3.92,0.5532,0.0,5.38
2788,DJ Mbenga,2010/11,41,1.2,0.4694,0.0,1.44
201591,DJ White,2010/11,47,4.66,0.5068,0.0,5.7
201969,DaJuan Summers,2010/11,22,3.14,0.471,42.9,3.36
2563,Dahntay Jones,2010/11,45,4.76,0.5,35.9,6.29
2863,Damien Wilkins,2010/11,52,2.63,0.5109,20.0,3.46
202345,Damion James,2010/11,25,4.12,0.4466,0.0,4.4
2429,Dan Gadzuric,2010/11,42,3.07,0.4186,0.0,2.81
200789,Daniel Gibson,2010/11,67,9.85,0.4894,40.3,11.64
101122,Danny Granger,2010/11,79,15.95,0.4869,38.6,20.53
201967,Dante Cunningham,2010/11,78,6.05,0.4629,7.7,6.18
2545,Darko Milicic,2010/11,69,8.38,0.4689,0.0,8.78
201616,Darnell Jackson,2010/11,59,2.68,0.4968,27.3,3.17
201954,Darren Collison,2010/11,79,11.01,0.481,33.1,13.15
101135,David Lee,2010/11,73,13.4,0.5077,33.3,16.48
2561,David West,2010/11,70,14.86,0.5087,22.2,18.89
201599,DeAndre Jordan,2010/11,80,4.26,0.6862,0.0,7.08
201971,DeJuan Blair,2010/11,81,7.2,0.5009,0.0,8.32
201942,DeMar DeRozan,2010/11,82,14.07,0.4692,9.6,17.2
202326,DeMarcus Cousins,2010/11,81,12.4,0.4318,16.7,14.11
201960,DeMarre Carroll,2010/11,12,1.0,0.3333,0.0,0.83
2205,DeSagana Diop,2010/11,16,1.5,0.3333,0.0,1.25
2052,DeShawn Stevenson,2010/11,72,4.58,0.5303,37.8,5.32
2753,Delonte West,2010/11,24,5.0,0.5083,36.4,5.62
965,Derek Fisher,2010/11,82,6.45,0.449,39.6,6.8
101114,Deron Williams,2010/11,65,15.0,0.4928,33.1,20.14
201974,Derrick Brown,2010/11,49,2.67,0.584,50.0,3.78
202382,Derrick Caracter,2010/11,41,1.61,0.4848,0.0,1.98
202324,Derrick Favors,2010/11,78,5.33,0.5168,0.0,6.83
201565,Derrick Rose,2010/11,81,19.72,0.4853,33.2,25.01
202365,Devin Ebanks,2010/11,20,2.55,0.4314,40.0,3.1
2734,Devin Harris,2010/11,71,11.45,0.4576,32.2,15.2
202354,Dexter Pittman,2010/11,2,1.5,0.3333,0.0,1.0
1717,Dirk Nowitzki,2010/11,73,16.15,0.5454,39.3,23.03
201187,Dominic McGuire,2010/11,52,3.5,0.3956,0.0,3.35
202346,Dominique Jones,2010/11,18,2.5,0.3111,0.0,2.33
201590,Donte Greene,2010/11,69,5.59,0.4624,29.2,5.8
2748,Dorell Wright,2010/11,82,13.98,0.5079,37.6,16.39
2400,Drew Gooden,2010/11,35,10.34,0.4351,15.0,11.31
2730,Dwight Howard,2010/11,78,13.38,0.5929,0.0,22.87
2548,Dwyane Wade,2010/11,76,18.21,0.5228,30.6,25.54
2853,Earl Barron,2010/11,21,4.71,0.3232,0.0,3.76
1863,Earl Boykins,2010/11,57,6.18,0.4815,38.0,7.16
201947,Earl Clark,2010/11,42,3.76,0.4304,0.0,3.88
2248,Earl Watson,2010/11,80,3.84,0.4691,33.6,4.29
202334,Ed Davis,2010/11,65,5.74,0.5764,0.0,7.71
2067,Eddie House,2010/11,56,5.73,0.5047,38.9,6.46
2059,Eduardo Najera,2010/11,31,2.32,0.4375,32.4,2.23
202327,Ekpe Udoh,2010/11,58,3.83,0.4369,0.0,4.07
1882,Elton Brand,2010/11,81,12.11,0.5117,0.0,15.02
2731,Emeka Okafor,2010/11,72,7.28,0.5725,0.0,10.35
202339,Eric Bledsoe,2010/11,81,6.0,0.4568,27.6,6.7
201569,Eric Gordon,2010/11,56,16.95,0.5058,36.4,22.27
201953,Eric Maynor,2010/11,82,4.06,0.458,38.5,4.24
956,Erick Dampier,2010/11,51,1.75,0.5843,0.0,2.51
2041,Etan Thomas,2010/11,13,1.62,0.4762,0.0,2.46
202323,Evan Turner,2010/11,78,6.78,0.4386,31.8,7.24
101128,Francisco Garcia,2010/11,58,8.19,0.5211,36.2,9.66
202081,Garret Siler,2010/11,21,1.48,0.5484,0.0,2.14
202066,Garrett Temple,2010/11,24,2.83,0.3676,27.0,2.38
201814,Gary Forbes,2010/11,63,4.33,0.489,32.8,5.17
201588,George Hill,2010/11,76,8.33,0.5142,37.7,11.63
201945,Gerald Henderson,2010/11,68,8.38,0.4605,19.4,9.6
2222,Gerald Wallace,2010/11,71,11.99,0.49,33.3,15.68
201175,Glen Davis,2010/11,78,10.27,0.4494,13.3,11.73
202330,Gordon Hayward,2010/11,72,4.07,0.5444,47.3,5.39
255,Grant Hill,2010/11,80,10.31,0.5109,39.5,13.2
202328,Greg Monroe,2010/11,80,6.88,0.5509,0.0,9.39
202349,Greivis Vasquez,2010/11,70,3.33,0.4614,29.1,3.56
202380,Hamady Ndiaye,2010/11,16,0.31,0.8,0.0,0.88
201632,Hamed Haddadi,2010/11,31,1.87,0.5172,0.0,2.42
201934,Hasheem Thabeet,2010/11,47,0.85,0.425,0.0,1.13
2045,Hedo Turkoglu,2010/11,81,8.91,0.5339,41.0,10.83
201611,Henry Walker,2010/11,61,3.87,0.5657,38.6,4.89
101113,Ike Diogu,2010/11,36,4.11,0.5608,0.0,5.75
2137,Ime Udoka,2010/11,20,1.05,0.2381,0.0,0.7
202397,Ish Smith,2010/11,43,2.67,0.387,30.0,2.35
200826,J.J. Barea,2010/11,81,8.01,0.49,34.9,9.49
201581,JJ Hickson,2010/11,80,11.7,0.4583,0.0,13.81
200755,JJ Redick,2010/11,59,7.58,0.538,39.7,10.05
2747,JR Smith,2010/11,79,9.92,0.514,39.0,12.27
201580,JaVale McGee,2010/11,79,7.65,0.5497,0.0,10.1
2048,Jamaal Magloire,2010/11,18,1.22,0.5909,0.0,1.94
2037,Jamal Crawford,2010/11,76,11.5,0.4891,34.1,14.17
2749,Jameer Nelson,2010/11,76,11.03,0.5173,40.1,13.12
201935,James Harden,2010/11,82,8.34,0.5183,34.9,12.17
201949,James Johnson,2010/11,38,6.24,0.4726,23.5,7.13
2592,James Jones,2010/11,81,4.27,0.5997,42.9,5.86
1899,James Posey,2010/11,49,4.92,0.4751,31.6,4.9
201162,Jared Dudley,2010/11,82,7.67,0.5604,41.5,10.57
2407,Jared Jeffries,2010/11,42,2.05,0.3605,22.2,1.76
101127,Jarrett Jack,2010/11,83,7.67,0.4341,30.6,8.86
2260,Jarron Collins,2010/11,28,0.75,0.2857,0.0,0.68
2215,Jason Collins,2010/11,49,1.45,0.4859,100.0,1.96
467,Jason Kidd,2010/11,80,7.45,0.4723,34.0,7.88
101131,Jason Maxiell,2010/11,57,3.32,0.4921,0.0,4.16
2202,Jason Richardson,2010/11,80,13.2,0.5365,39.5,15.61
201160,Jason Smith,2010/11,77,3.99,0.443,0.0,4.3
1891,Jason Terry,2010/11,82,13.3,0.5092,36.2,15.77
201574,Jason Thompson,2010/11,75,7.12,0.5075,0.0,8.84
101214,Jawad Williams,2010/11,26,4.85,0.377,28.9,4.0
1902,Jeff Foster,2010/11,56,2.98,0.479,0.0,3.34
201145,Jeff Green,2010/11,75,10.93,0.4878,30.3,13.31
201952,Jeff Teague,2010/11,70,4.34,0.4671,37.5,5.16
202379,Jeremy Evans,2010/11,49,2.35,0.6609,0.0,3.63
202391,Jeremy Lin,2010/11,29,2.48,0.3958,20.0,2.62
979,Jermaine O'Neal,2010/11,24,4.54,0.4587,0.0,5.38
201966,Jermaine Taylor,2010/11,34,5.76,0.5153,31.1,6.56
711,Jerry Stackhouse,2010/11,7,1.71,0.2917,25.0,1.71
201573,Jerryd Bayless,2010/11,71,7.28,0.4691,33.6,9.17
201149,Joakim Noah,2010/11,48,8.38,0.5249,0.0,11.69
201975,Jodie Meeks,2010/11,74,7.7,0.5456,39.7,10.46
2207,Joe Johnson,2010/11,72,16.12,0.4811,29.7,18.22
693,Joe Smith,2010/11,16,1.0,0.1875,0.0,0.5
2038,Joel Przybilla,2010/11,36,1.22,0.5682,0.0,1.78
201595,Joey Dorsey,2010/11,43,2.3,0.5253,0.0,3.14
101121,Joey Graham,2010/11,39,4.59,0.4832,30.0,5.18
101249,John Lucas III,2010/11,2,1.5,0.3333,0.0,1.0
2422,John Salmons,2010/11,73,12.3,0.4616,37.9,14.03
202322,John Wall,2010/11,69,14.09,0.427,29.6,16.39
201972,Jon Brockman,2010/11,63,1.49,0.5106,0.0,2.16
201938,Jonny Flynn,2010/11,53,5.58,0.4172,31.0,5.26
202348,Jordan Crawford,2010/11,42,11.9,0.417,25.8,11.67
201941,Jordan Hill,2010/11,72,4.89,0.4915,0.0,5.64
2572,Josh Howard,2010/11,18,9.0,0.3796,24.1,8.44
201177,Josh McRoberts,2010/11,72,5.36,0.5764,38.3,7.4
2746,Josh Smith,2010/11,77,13.52,0.5019,33.1,16.55
201950,Jrue Holiday,2010/11,82,12.18,0.487,36.5,13.96
201153,Julian Wright,2010/11,52,3.08,0.5188,20.0,3.62
436,Juwan Howard,2010/11,57,2.19,0.44,0.0,2.44
2586,Keith Bogans,2010/11,82,3.74,0.5505,38.0,4.38
2570,Kendrick Perkins,2010/11,29,4.48,0.5154,0.0,6.0
2030,Kenyon Martin,2010/11,48,7.54,0.5138,22.2,8.62
201142,Kevin Durant,2010/11,78,19.72,0.5094,35.0,27.71
708,Kevin Garnett,2010/11,71,11.58,0.5286,20.0,14.87
201567,Kevin Love,2010/11,73,14.05,0.5127,41.7,20.22
2755,Kevin Martin,2010/11,80,15.84,0.5059,38.3,23.45
202338,Kevin Seraphin,2010/11,58,2.53,0.449,0.0,2.66
2039,Keyon Dooling,2010/11,80,6.49,0.475,34.6,7.14
2550,Kirk Hinrich,2010/11,72,8.65,0.5064,39.9,10.24
977,Kobe Bryant,2010/11,82,19.99,0.4866,32.3,25.34
201585,Kosta Koufos,2010/11,50,3.0,0.4533,0.0,3.2
2743,Kris Humphries,2010/11,74,7.88,0.5266,0.0,10.01
703,Kurt Thomas,2010/11,52,3.58,0.5134,100.0,4.06
2198,Kwame Brown,2010/11,66,5.68,0.5173,0.0,7.94
2594,Kyle Korver,2010/11,82,6.79,0.5422,41.5,8.3
200768,Kyle Lowry,2010/11,75,10.79,0.5062,37.6,13.48
201602,Kyle Weaver,2010/11,5,5.0,0.42,42.9,5.6
202362,Lance Stephenson,2010/11,12,3.25,0.3333,0.0,3.08
202361,Landry Fields,2010/11,82,7.34,0.5681,39.3,9.72
202082,Larry Owens,2010/11,12,2.67,0.5625,46.2,3.33
202336,Larry Sanders,2010/11,60,4.47,0.4328,0.0,4.33
202351,Lazar Hayward,2010/11,42,3.67,0.4123,28.3,3.81
2544,LeBron James,2010/11,79,18.8,0.5414,33.0,26.72
2571,Leandro Barbosa,2010/11,58,11.26,0.5054,33.8,13.26
200796,Leon Powe,2010/11,30,3.97,0.4958,0.0,5.27
201991,Lester Hudson,2010/11,11,2.18,0.3333,26.7,1.64
101150,Lou Williams,2010/11,75,10.6,0.4616,34.8,13.69
201601,Luc Mbah a Moute,2010/11,79,5.42,0.4626,0.0,6.7
2449,Luis Scola,2010/11,74,15.26,0.504,0.0,18.27
202376,Luke Harangody,2010/11,49,4.2,0.4223,24.2,3.94
2557,Luke Ridnour,2010/11,71,9.59,0.5279,44.0,11.83
2575,Luke Walton,2010/11,54,2.15,0.3621,23.5,1.69
2736,Luol Deng,2010/11,82,14.09,0.5095,34.5,17.44
101129,Luther Head,2010/11,36,4.56,0.4909,39.1,5.56
202412,Manny Harris,2010/11,54,5.35,0.4325,37.0,5.94
1938,Manu Ginobili,2010/11,80,12.72,0.5088,34.9,17.41
201158,Marco Belinelli,2010/11,80,8.64,0.534,41.4,10.45
948,Marcus Camby,2010/11,59,4.98,0.398,0.0,4.69
202408,Marcus Cousin,2010/11,4,0.75,0.6667,0.0,1.0
201977,Marcus Thornton,2010/11,73,11.05,0.4882,36.7,12.78
201596,Mario Chalmers,2010/11,70,5.54,0.5064,35.9,6.39
201238,Mario West,2010/11,6,3.5,0.4524,25.0,3.67
2605,Marquis Daniels,2010/11,49,4.73,0.5,19.0,5.53
201578,Marreese Speights,2010/11,64,4.55,0.4966,25.0,5.38
101110,Martell Webster,2010/11,46,7.39,0.5279,41.7,9.85
101107,Marvin Williams,2010/11,65,8.26,0.4926,33.6,10.4
2440,Matt Barnes,2010/11,53,5.26,0.5305,31.8,6.72
2588,Matt Bonner,2010/11,66,5.62,0.6051,45.7,7.29
2679,Matt Carroll,2010/11,54,3.69,0.4899,37.0,4.35
2408,Melvin Ely,2010/11,30,1.7,0.549,0.0,2.3
1897,Metta World Peace,2010/11,82,8.02,0.4597,35.6,8.5
201563,Michael Beasley,2010/11,73,17.07,0.4743,36.6,19.19
2072,Michael Redd,2010/11,10,4.5,0.4444,23.5,4.4
1710,Mike Bibby,2010/11,80,7.2,0.5634,44.0,8.6
201144,Mike Conley,2010/11,81,11.77,0.4858,36.9,13.67
2399,Mike Dunleavy,2010/11,61,8.52,0.5596,40.2,11.18
200839,Mike Harris,2010/11,4,1.5,0.5,0.0,2.0
2034,Mike Miller,2010/11,41,4.93,0.5074,36.4,5.56
2590,Mo Williams,2010/11,58,12.59,0.4527,32.4,14.0
101145,Monta Ellis,2010/11,80,20.14,0.4932,36.1,24.11
2050,Morris Peterson,2010/11,4,1.25,0.4,0.0,1.0
101126,Nate Robinson,2010/11,59,6.37,0.4854,32.5,6.8
1737,Nazr Mohammed,2010/11,75,5.97,0.5223,0.0,7.13
2403,Nene,2010/11,75,8.72,0.6154,20.0,14.55
2555,Nick Collison,2010/11,71,3.41,0.5661,0.0,4.63
201156,Nick Young,2010/11,64,14.61,0.4968,38.7,17.42
201564,O.J. Mayo,2010/11,71,10.52,0.4712,36.4,11.31
201956,Omri Casspi,2010/11,71,7.69,0.4963,37.2,8.59
101158,Orien Greene,2010/11,3,0.67,0.5,0.0,1.0
201785,Othyus Jeffers,2010/11,17,3.82,0.4846,25.0,5.47
202377,Pape Sy,2010/11,3,2.0,0.3333,0.0,2.33
201607,Patrick Ewing,2010/11,7,0.71,0.0,0.0,0.43
202335,Patrick Patterson,2010/11,52,5.13,0.5581,0.0,6.31
201988,Patty Mills,2010/11,64,5.12,0.4832,35.3,5.52
2200,Pau Gasol,2010/11,82,13.66,0.5299,33.3,18.79
202331,Paul George,2010/11,61,6.48,0.5051,29.7,7.8
200794,Paul Millsap,2010/11,76,13.0,0.5359,39.1,17.3
1718,Paul Pierce,2010/11,80,12.76,0.5509,37.4,18.89
978,Peja Stojakovic,2010/11,33,6.88,0.5661,41.9,8.48
2047,Quentin Richardson,2010/11,57,4.47,0.4235,28.8,4.37
202347,Quincy Pondexter,2010/11,66,2.73,0.4556,36.0,2.85
2624,Quinton Ross,2010/11,36,1.64,0.4407,0.0,1.58
1952,Raja Bell,2010/11,68,6.87,0.4818,35.2,7.96
200765,Rajon Rondo,2010/11,68,9.85,0.4821,23.3,10.6
201196,Ramon Sessions,2010/11,81,9.58,0.4684,20.0,13.27
200751,Randy Foye,2010/11,63,8.43,0.4548,32.7,9.78
1740,Rashard Lewis,2010/11,57,10.21,0.5077,35.7,11.72
2446,Rasual Butler,2010/11,47,5.04,0.4304,33.8,4.72
101109,Raymond Felton,2010/11,75,13.4,0.4826,35.3,15.52
2501,Reggie Evans,2010/11,30,3.43,0.4078,0.0,4.4
1888,Richard Hamilton,2010/11,55,12.2,0.4702,38.2,14.13
2210,Richard Jefferson,2010/11,81,7.93,0.5787,44.0,11.0
201577,Robin Lopez,2010/11,67,5.33,0.5014,0.0,6.45
200760,Rodney Carney,2010/11,27,4.07,0.4955,44.7,4.7
201155,Rodney Stuckey,2010/11,70,11.81,0.4547,28.9,15.46
201958,Rodrigue Beaubois,2010/11,28,7.96,0.4776,30.1,8.43
2427,Roger Mason Jr.,2010/11,26,2.96,0.4416,36.4,2.88
2648,Ronald Dupree,2010/11,3,1.33,0.25,0.0,0.67
200758,Ronnie Brewer,2010/11,81,5.27,0.4871,22.2,6.21
101179,Ronnie Price,2010/11,59,3.56,0.4,29.0,3.34
101142,Ronny Turiaf,2010/11,64,2.55,0.6319,0.0,4.17
201579,Roy Hibbert,2010/11,81,10.99,0.4607,0.0,12.65
2767,Royal Ivey,2010/11,25,1.52,0.5132,43.8,1.64
201164,Rudy Fernandez,2010/11,78,7.37,0.4713,32.1,8.56
200752,Rudy Gay,2010/11,54,16.09,0.5035,39.6,19.8
201566,Russell Westbrook,2010/11,82,16.95,0.454,33.0,21.87
200797,Ryan Hollins,2010/11,70,3.13,0.5982,0.0,5.33
201970,Sam Young,2010/11,78,6.33,0.4889,34.0,7.33
202396,Samardo Samuels,2010/11,37,6.51,0.4564,0.0,7.78
2223,Samuel Dalembert,2010/11,80,7.09,0.4727,0.0,8.05
2756,Sasha Vujacic,2010/11,67,8.88,0.4832,37.0,9.79
1752,Sean Marks,2010/11,29,1.52,0.4545,100.0,1.55
2742,Sebastian Telfair,2010/11,37,6.51,0.4606,35.9,7.19
201586,Serge Ibaka,2010/11,82,7.52,0.5429,0.0,9.85
2203,Shane Battier,2010/11,82,6.21,0.5501,38.2,7.61
200769,Shannon Brown,2010/11,82,7.84,0.4821,34.9,8.68
406,Shaquille O'Neal,2010/11,37,5.43,0.6667,0.0,9.22
2733,Shaun Livingston,2010/11,73,5.44,0.4673,25.0,6.56
1890,Shawn Marion,2010/11,80,10.43,0.5234,15.2,12.49
200761,Shawne Williams,2010/11,64,6.02,0.5364,40.1,7.09
202395,Sherron Collins,2010/11,20,1.25,0.32,20.0,0.85
200780,Solomon Jones,2010/11,39,3.1,0.405,0.0,3.56
201603,Sonny Weems,2010/11,59,8.69,0.461,27.9,9.24
201150,Spencer Hawes,2010/11,81,7.01,0.4727,24.3,7.21
201939,Stephen Curry,2010/11,74,14.23,0.5513,44.2,18.55
101211,Stephen Graham,2010/11,59,3.39,0.4175,23.8,3.36
1536,Stephen Jackson,2010/11,67,15.81,0.4679,33.7,18.51
2581,Steve Blake,2010/11,79,3.87,0.4788,37.8,4.04
959,Steve Nash,2010/11,75,10.81,0.5419,39.5,14.75
200779,Steve Novak,2010/11,30,2.23,0.7164,56.5,3.47
202178,Sundiata Gaines,2010/11,24,4.38,0.4429,23.7,4.62
2551,T.J. Ford,2010/11,41,5.76,0.3983,18.8,5.44
201959,Taj Gibson,2010/11,80,6.28,0.4671,12.5,7.11
2419,Tayshaun Prince,2010/11,78,12.83,0.4895,34.7,14.08
201944,Terrence Williams,2010/11,21,5.48,0.4,27.3,5.05
201152,Thaddeus Young,2010/11,82,10.33,0.5443,27.3,12.74
689,Theo Ratliff,2010/11,10,0.6,0.1667,0.0,0.2
1495,Tim Duncan,2010/11,76,11.03,0.5,0.0,13.45
201962,Toney Douglas,2010/11,81,9.32,0.5106,37.3,10.57
1499,Tony Battie,2010/11,38,2.53,0.4792,66.7,2.63
2225,Tony Parker,2010/11,78,13.71,0.5309,35.7,17.54
1503,Tracy McGrady,2010/11,72,7.14,0.4708,34.1,7.97
2566,Travis Outlaw,2010/11,82,8.91,0.4268,30.2,9.22
202344,Trevor Booker,2010/11,65,3.89,0.5494,0.0,5.32
201234,Trey Johnson,2010/11,8,4.12,0.3788,33.3,4.25
2211,Troy Murphy,2010/11,35,3.26,0.3904,15.2,3.11
201946,Tyler Hansbrough,2010/11,70,8.76,0.4649,0.0,10.96
201936,Tyreke Evans,2010/11,57,16.37,0.4325,29.1,17.75
200748,Tyrus Thomas,2010/11,41,8.07,0.4713,0.0,10.22
2199,Tyson Chandler,2010/11,74,5.5,0.6536,0.0,10.11
2617,Udonis Haslem,2010/11,13,6.62,0.5116,0.0,8.0
1713,Vince Carter,2010/11,73,12.21,0.5017,36.1,14.0
2209,Vladimir Radmanovic,2010/11,74,4.3,0.5409,40.5,5.05
201961,Wayne Ellington,2010/11,62,6.4,0.4635,39.7,6.61
202325,Wesley Johnson,2010/11,79,8.63,0.4729,35.6,8.97
202083,Wesley Matthews,2010/11,82,11.94,0.5281,40.7,15.85
2584,Willie Green,2010/11,77,7.91,0.4877,34.8,8.73
202378,Willie Warren,2010/11,19,1.84,0.4429,33.3,1.95
201163,Wilson Chandler,2010/11,72,13.24,0.5089,35.0,15.28
202333,Xavier Henry,2010/11,38,4.21,0.4125,11.8,4.34
2397,Yao Ming,2010/11,5,7.4,0.4865,0.0,10.2
201146,Yi Jianlian,2010/11,63,5.51,0.4222,23.1,5.63
2216,Zach Randolph,2010/11,75,15.84,0.5067,18.6,20.05
980,Zydrunas Ilgauskas,2010/11,72,4.43,0.5078,0.0,5.0
201985,AJ Price,2011/12,44,3.95,0.4138,29.5,3.91
201189,Aaron Gray,2011/12,49,3.29,0.5155,0.0,3.9
1733,Al Harrington,2011/12,64,12.08,0.5116,33.3,14.22
201143,Al Horford,2011/12,11,9.36,0.5534,0.0,12.36
2744,Al Jefferson,2011/12,61,17.18,0.4928,25.0,19.18
202692,Alec Burks,2011/12,59,6.05,0.4496,33.3,7.2
2405,Amar'e Stoudemire,2011/12,47,13.91,0.487,23.8,17.51
101161,Amir Johnson,2011/12,64,5.31,0.5794,40.0,7.06
101154,Andray Blatche,2011/12,26,9.42,0.3837,28.6,8.5
2765,Andre Emmett,2011/12,6,1.17,0.5714,0.0,2.17
2738,Andre Iguodala,2011/12,62,10.19,0.5142,39.4,12.44
1889,Andre Miller,2011/12,66,8.36,0.4547,21.7,9.68
2804,Andres Nocioni,2011/12,11,1.82,0.275,16.7,1.55
101106,Andrew Bogut,2011/12,12,11.33,0.4485,0.0,11.33
101115,Andrew Bynum,2011/12,60,13.27,0.5584,20.0,18.72
202726,Andrew Goudelock,2011/12,40,4.35,0.4713,37.3,4.38
2740,Andris Biedrins,2011/12,47,1.36,0.6094,0.0,1.68
1712,Antawn Jamison,2011/12,65,16.06,0.4468,34.1,17.2
1853,Anthony Carter,2011/12,24,2.21,0.3679,29.4,1.96
201627,Anthony Morrow,2011/12,62,10.61,0.4939,37.1,12.05
201576,Anthony Randolph,2011/12,34,5.88,0.47,0.0,7.41
201229,Anthony Tolliver,2011/12,51,3.57,0.4588,24.8,4.08
202356,Armon Johnson,2011/12,9,4.78,0.4767,33.3,5.22
201948,Austin Daye,2011/12,41,5.54,0.3502,21.0,4.73
202340,Avery Bradley,2011/12,64,6.28,0.5249,40.7,7.56
1884,Baron Davis,2011/12,29,6.34,0.4402,30.6,6.14
2732,Ben Gordon,2011/12,52,10.19,0.5009,42.9,12.46
202386,Ben Uzoh,2011/12,18,5.5,0.3535,0.0,4.5
1112,Ben Wallace,2011/12,62,1.39,0.4012,25.0,1.37
202687,Bismack Biyombo,2011/12,63,4.41,0.464,0.0,5.19
201933,Blake Griffin,2011/12,66,15.48,0.5499,12.5,20.73
2250,Bobby Simmons,2011/12,28,3.21,0.4222,33.3,2.86
1802,Brad Miller,2011/12,15,1.8,0.463,46.7,2.33
201148,Brandan Wright,2011/12,49,4.76,0.618,0.0,6.94
101138,Brandon Bass,2011/12,59,10.71,0.4794,0.0,12.51
202688,Brandon Knight,2011/12,66,11.65,0.4831,38.0,12.83
201575,Brandon Rush,2011/12,65,7.22,0.6066,45.2,9.75
2217,Brendan Haywood,2011/12,54,4.22,0.5175,0.0,5.2
2073,Brian Cardinal,2011/12,44,1.25,0.3455,20.4,0.98
2567,Brian Cook,2011/12,32,3.06,0.3673,20.0,2.53
2243,Brian Scalabrine,2011/12,28,1.07,0.4833,14.3,1.14
1730,Brian Skinner,2011/12,1,1.0,0.0,0.0,0.0
201572,Brook Lopez,2011/12,5,15.4,0.4935,0.0,19.2
201957,Byron Mullens,2011/12,65,9.09,0.4349,23.5,9.32
201228,C.J. Watson,2011/12,49,8.92,0.4462,39.3,9.67
101139,CJ Miles,2011/12,56,8.3,0.4301,30.7,9.07
201171,Carl Landry,2011/12,41,8.83,0.5028,0.0,12.46
201291,Carldell Johnson,2011/12,15,2.33,0.3714,26.7,1.8
2430,Carlos Boozer,2011/12,66,12.76,0.5321,0.0,15.02
2568,Carlos Delfino,2011/12,54,8.39,0.4967,36.0,9.04
2406,Caron Butler,2011/12,63,11.19,0.4723,35.8,11.95
201858,Cartier Martin,2011/12,17,7.88,0.5485,38.7,9.29
202718,Chandler Parsons,2011/12,63,8.71,0.5064,33.7,9.51
101112,Channing Frye,2011/12,64,9.58,0.4902,34.6,10.53
101111,Charlie Villanueva,2011/12,13,7.0,0.467,33.3,7.0
201978,Chase Budinger,2011/12,58,8.12,0.535,40.2,9.62
1497,Chauncey Billups,2011/12,20,11.4,0.4693,38.4,14.95
2547,Chris Bosh,2011/12,57,14.16,0.4932,28.6,17.98
2768,Chris Duhon,2011/12,63,3.22,0.5419,42.0,3.76
202419,Chris Johnson,2011/12,27,1.52,0.4878,0.0,2.04
2549,Chris Kaman,2011/12,47,12.7,0.4456,0.0,13.11
101108,Chris Paul,2011/12,60,14.83,0.5219,37.1,19.82
202698,Chris Singleton,2011/12,66,4.73,0.4423,34.6,4.64
2404,Chris Wilcox,2011/12,28,3.82,0.5981,0.0,5.43
101236,Chuck Hayes,2011/12,54,3.15,0.4294,0.0,3.19
201147,Corey Brewer,2011/12,59,7.85,0.4698,26.0,8.9
1894,Corey Maggette,2011/12,32,11.66,0.4048,36.4,15.0
202809,Cory Higgins,2011/12,38,4.21,0.3375,20.0,3.95
202709,Cory Joseph,2011/12,29,2.41,0.3357,20.0,2.0
202622,Courtney Fortson,2011/12,10,3.2,0.3906,23.1,3.5
201584,Courtney Lee,2011/12,58,10.0,0.5078,40.1,11.38
200783,Craig Smith,2011/12,47,2.49,0.5043,0.0,3.32
202810,D.J. Kennedy,2011/12,2,6.0,0.5,50.0,6.0
201591,DJ White,2011/12,58,6.09,0.4943,100.0,6.76
201969,DaJuan Summers,2011/12,15,4.33,0.4692,31.3,4.53
2563,Dahntay Jones,2011/12,65,4.32,0.468,42.9,5.32
2863,Damien Wilkins,2011/12,60,3.22,0.4119,30.4,3.22
202345,Damion James,2011/12,7,5.0,0.3714,0.0,4.86
2429,Dan Gadzuric,2011/12,2,1.0,0.0,0.0,0.0
200789,Daniel Gibson,2011/12,35,7.09,0.4617,39.6,7.51
202350,Daniel Orton,2011/12,16,1.88,0.5667,0.0,2.81
101122,Danny Granger,2011/12,62,15.18,0.4809,38.1,18.69
201967,Dante Cunningham,2011/12,64,4.36,0.5161,0.0,5.2
202359,Darington Hobson,2011/12,5,2.6,0.1538,0.0,0.8
202721,Darius Morris,2011/12,19,2.21,0.4762,44.4,2.42
2545,Darko Milicic,2011/12,29,4.48,0.4538,0.0,4.62
201954,Darren Collison,2011/12,60,8.72,0.4723,36.2,10.35
201208,Darryl Watkins,2011/12,5,2.8,0.5,0.0,4.6
101135,David Lee,2011/12,57,16.18,0.5033,0.0,20.12
2561,David West,2011/12,66,10.85,0.4888,22.2,12.76
201599,DeAndre Jordan,2011/12,66,4.94,0.6319,0.0,7.36
202732,DeAndre Liggins,2011/12,17,1.47,0.48,0.0,1.94
201971,DeJuan Blair,2011/12,64,7.88,0.5337,0.0,9.55
201942,DeMar DeRozan,2011/12,63,14.33,0.4352,26.1,16.73
202326,DeMarcus Cousins,2011/12,64,15.61,0.4494,14.3,18.12
201960,DeMarre Carroll,2011/12,24,4.38,0.4429,36.8,4.46
2205,DeSagana Diop,2011/12,27,1.56,0.3571,0.0,1.15
2052,DeShawn Stevenson,2011/12,51,3.37,0.4041,28.3,2.9
2753,Delonte West,2011/12,44,8.18,0.4986,35.5,9.57
202862,Dennis Horner,2011/12,8,0.5,0.25,0.0,0.62
965,Derek Fisher,2011/12,63,5.52,0.421,32.1,5.56
101114,Deron Williams,2011/12,55,17.47,0.4667,33.6,20.98
201974,Derrick Brown,2011/12,65,6.29,0.5257,25.0,8.06
202324,Derrick Favors,2011/12,65,6.85,0.4989,0.0,8.77
201565,Derrick Rose,2011/12,39,17.82,0.4734,31.2,21.85
202682,Derrick Williams,2011/12,66,7.55,0.4488,26.8,8.83
202365,Devin Ebanks,2011/12,24,3.71,0.4157,0.0,4.04
2734,Devin Harris,2011/12,63,8.6,0.5157,36.2,11.35
202354,Dexter Pittman,2011/12,35,2.69,0.4681,0.0,3.03
1717,Dirk Nowitzki,2011/12,62,16.68,0.4952,36.8,21.65
201187,Dominic McGuire,2011/12,64,3.28,0.4476,0.0,3.55
202346,Dominique Jones,2011/12,33,2.21,0.4041,12.5,2.67
202388,Donald Sloan,2011/12,33,6.0,0.404,8.0,5.55
201590,Donte Greene,2011/12,53,5.02,0.453,23.8,5.38
2748,Dorell Wright,2011/12,61,8.62,0.5219,36.0,10.31
2400,Drew Gooden,2011/12,56,11.73,0.449,29.1,13.68
2730,Dwight Howard,2011/12,54,13.44,0.573,0.0,20.61
2548,Dwyane Wade,2011/12,49,17.08,0.506,26.8,22.08
202734,E'Twaun Moore,2011/12,38,2.97,0.4558,37.8,2.89
2853,Earl Barron,2011/12,2,2.0,0.5,0.0,2.0
1863,Earl Boykins,2011/12,8,4.5,0.3611,22.2,4.88
201947,Earl Clark,2011/12,45,3.09,0.3669,0.0,2.73
2248,Earl Watson,2011/12,50,3.2,0.3688,19.2,2.98
202334,Ed Davis,2011/12,66,5.08,0.5134,0.0,6.29
2201,Eddy Curry,2011/12,14,1.86,0.4615,0.0,2.14
2059,Eduardo Najera,2011/12,22,2.91,0.4375,27.6,2.64
202775,Edwin Ubiles,2011/12,4,4.5,0.3056,20.0,3.5
202327,Ekpe Udoh,2011/12,61,4.84,0.4305,0.0,5.57
1882,Elton Brand,2011/12,60,9.68,0.494,0.0,10.98
2731,Emeka Okafor,2011/12,27,7.93,0.5327,0.0,9.85
202683,Enes Freedom,2011/12,66,3.58,0.4958,0.0,4.61
202339,Eric Bledsoe,2011/12,40,3.15,0.4127,20.0,3.3
201286,Eric Dawson,2011/12,4,3.0,0.5833,0.0,3.75
201569,Eric Gordon,2011/12,9,15.56,0.4857,25.0,20.56
201953,Eric Maynor,2011/12,9,4.33,0.4359,35.3,4.22
956,Erick Dampier,2011/12,15,0.53,0.125,0.0,0.13
202323,Evan Turner,2011/12,65,9.08,0.4551,22.4,9.38
101128,Francisco Garcia,2011/12,49,4.67,0.4585,29.0,4.78
201814,Gary Forbes,2011/12,48,5.65,0.4668,34.9,6.65
201588,George Hill,2011/12,50,7.6,0.5132,36.7,9.62
101123,Gerald Green,2011/12,31,10.32,0.5484,39.1,12.9
201945,Gerald Henderson,2011/12,55,13.15,0.4668,23.4,15.09
2222,Gerald Wallace,2011/12,58,10.9,0.4905,30.7,13.79
201175,Glen Davis,2011/12,61,8.75,0.4232,14.3,9.28
202330,Gordon Hayward,2011/12,66,8.88,0.5026,34.6,11.85
255,Grant Hill,2011/12,49,9.2,0.4612,26.4,10.18
202328,Greg Monroe,2011/12,66,11.83,0.5211,0.0,15.38
202962,Greg Smith,2011/12,8,1.38,0.6364,0.0,1.75
201880,Greg Stiemsma,2011/12,55,2.2,0.5455,0.0,2.93
202349,Greivis Vasquez,2011/12,66,7.92,0.4713,31.9,8.92
202380,Hamady Ndiaye,2011/12,3,0.33,0.0,0.0,0.0
201632,Hamed Haddadi,2011/12,35,1.37,0.5417,0.0,2.0
201934,Hasheem Thabeet,2011/12,20,1.05,0.5238,0.0,1.75
202355,Hassan Whiteside,2011/12,18,1.5,0.4444,0.0,1.61
2045,Hedo Turkoglu,2011/12,53,9.51,0.505,35.3,10.87
201611,Henry Walker,2011/12,32,5.34,0.5029,31.9,5.91
101113,Ike Diogu,2011/12,2,1.0,0.0,0.0,1.0
202697,Iman Shumpert,2011/12,59,9.05,0.4457,30.6,9.54
202738,Isaiah Thomas,2011/12,65,8.78,0.521,37.9,11.52
202397,Ish Smith,2011/12,26,3.12,0.4012,33.3,2.77
201274,Ivan Johnson,2011/12,56,4.91,0.5164,33.3,6.36
200826,J.J. Barea,2011/12,41,10.2,0.4629,37.1,11.29
201581,JJ Hickson,2011/12,54,7.26,0.4668,0.0,8.37
200755,JJ Redick,2011/12,65,8.98,0.5205,41.8,11.55
2747,JR Smith,2011/12,35,11.57,0.4901,34.7,12.46
202707,JaJuan Johnson,2011/12,36,3.36,0.4463,0.0,3.17
201580,JaVale McGee,2011/12,61,9.05,0.5562,0.0,11.33
2048,Jamaal Magloire,2011/12,34,1.32,0.3778,0.0,1.21
2224,Jamaal Tinsley,2011/12,37,3.81,0.4397,27.0,3.7
2037,Jamal Crawford,2011/12,60,12.28,0.4383,30.8,13.95
2749,Jameer Nelson,2011/12,57,10.63,0.4992,37.7,11.86
201935,James Harden,2011/12,62,10.15,0.5819,39.0,16.84
201949,James Johnson,2011/12,62,8.35,0.4681,31.7,9.13
2592,James Jones,2011/12,51,2.94,0.5333,40.4,3.63
201162,Jared Dudley,2011/12,65,9.89,0.5474,38.3,12.66
2407,Jared Jeffries,2011/12,39,3.69,0.4201,18.8,4.36
101127,Jarrett Jack,2011/12,45,12.96,0.4897,34.8,15.56
2215,Jason Collins,2011/12,30,1.33,0.4,0.0,1.3
467,Jason Kidd,2011/12,48,5.69,0.5073,35.4,6.23
101131,Jason Maxiell,2011/12,65,5.89,0.4778,0.0,6.52
2202,Jason Richardson,2011/12,54,11.04,0.4933,36.8,11.65
201160,Jason Smith,2011/12,40,8.7,0.5216,11.1,9.9
1891,Jason Terry,2011/12,63,13.17,0.5133,37.8,15.08
201574,Jason Thompson,2011/12,64,6.92,0.535,0.0,9.11
1902,Jeff Foster,2011/12,11,1.64,0.5278,100.0,2.27
201952,Jeff Teague,2011/12,66,10.18,0.5141,34.2,12.59
202379,Jeremy Evans,2011/12,29,1.45,0.6429,0.0,2.14
202391,Jeremy Lin,2011/12,35,10.94,0.4778,32.0,14.63
202951,Jeremy Pargo,2011/12,44,3.41,0.3667,26.3,2.86
202719,Jeremy Tyler,2011/12,42,4.98,0.4211,0.0,4.88
979,Jermaine O'Neal,2011/12,25,4.8,0.4333,0.0,5.0
202406,Jerome Dyson,2011/12,9,5.33,0.4062,12.5,7.44
202366,Jerome Jordan,2011/12,21,1.57,0.5152,0.0,2.0
711,Jerry Stackhouse,2011/12,30,3.33,0.435,34.2,3.6
201573,Jerryd Bayless,2011/12,31,8.9,0.5036,42.3,11.39
202690,Jimmer Fredette,2011/12,61,7.31,0.4731,36.1,7.57
202710,Jimmy Butler III,2011/12,42,1.88,0.4177,18.2,2.6
201149,Joakim Noah,2011/12,64,7.66,0.5082,0.0,10.19
201975,Jodie Meeks,2011/12,66,7.08,0.5128,36.5,8.42
2207,Joe Johnson,2011/12,60,15.52,0.5215,38.8,18.82
2038,Joel Przybilla,2011/12,27,1.78,0.4583,0.0,2.04
101249,John Lucas III,2011/12,49,7.31,0.4763,39.3,7.53
2422,John Salmons,2011/12,46,7.5,0.4565,29.5,7.48
202322,John Wall,2011/12,66,13.55,0.4245,7.1,16.3
201972,Jon Brockman,2011/12,35,1.29,0.3333,0.0,1.06
202720,Jon Leuer,2011/12,46,4.15,0.5157,33.3,4.74
201973,Jonas Jerebko,2011/12,64,7.08,0.5033,30.2,8.69
201938,Jonny Flynn,2011/12,29,4.52,0.3893,29.4,4.52
202348,Jordan Crawford,2011/12,64,13.62,0.4455,28.9,14.66
202706,Jordan Hamilton,2011/12,26,4.27,0.509,36.2,4.42
201941,Jordan Hill,2011/12,39,4.23,0.497,0.0,4.97
202716,Jordan Williams,2011/12,43,3.53,0.5066,0.0,4.58
2668,Josh Davis,2011/12,15,1.8,0.4444,30.8,1.87
202725,Josh Harrellson,2011/12,37,4.03,0.4899,33.9,4.38
2572,Josh Howard,2011/12,43,8.4,0.4114,24.3,8.65
201177,Josh McRoberts,2011/12,50,2.36,0.4873,42.9,2.76
202729,Josh Selby,2011/12,28,2.57,0.3611,13.3,2.25
2746,Josh Smith,2011/12,66,16.68,0.4705,25.7,18.77
201950,Jrue Holiday,2011/12,65,12.83,0.4706,38.0,13.52
202933,Julyan Stone,2011/12,22,1.41,0.4516,18.2,1.64
202458,Justin Dentmon,2011/12,6,4.67,0.3929,14.3,4.33
202712,Justin Harper,2011/12,14,2.21,0.3226,15.4,1.43
436,Juwan Howard,2011/12,28,1.96,0.3091,0.0,1.5
202695,Kawhi Leonard,2011/12,64,6.31,0.5433,37.6,7.92
2586,Keith Bogans,2011/12,5,4.2,0.4524,25.0,4.2
202689,Kemba Walker,2011/12,66,11.62,0.4113,30.5,12.11
2570,Kendrick Perkins,2011/12,65,4.03,0.4885,0.0,5.06
202702,Kenneth Faried,2011/12,46,6.72,0.5858,0.0,10.24
2030,Kenyon Martin,2011/12,42,5.24,0.4477,23.1,5.17
201142,Kevin Durant,2011/12,66,19.65,0.547,38.7,28.03
708,Kevin Garnett,2011/12,60,12.95,0.5051,33.3,15.78
201567,Kevin Love,2011/12,55,19.25,0.4972,37.2,26.04
2755,Kevin Martin,2011/12,40,13.43,0.486,34.7,17.05
202338,Kevin Seraphin,2011/12,57,6.7,0.5314,0.0,7.95
2039,Keyon Dooling,2011/12,46,3.54,0.4877,33.3,3.96
2550,Kirk Hinrich,2011/12,48,6.15,0.4932,34.6,6.58
202691,Klay Thompson,2011/12,66,10.88,0.5202,41.4,12.52
977,Kobe Bryant,2011/12,58,23.03,0.4622,30.3,27.86
201585,Kosta Koufos,2011/12,48,4.0,0.599,0.0,5.48
2743,Kris Humphries,2011/12,62,10.82,0.4814,0.0,13.79
703,Kurt Thomas,2011/12,53,2.96,0.465,0.0,3.02
2198,Kwame Brown,2011/12,9,4.44,0.525,0.0,6.33
2594,Kyle Korver,2011/12,65,6.34,0.5752,43.5,8.14
200768,Kyle Lowry,2011/12,47,10.91,0.4864,37.4,14.26
202681,Kyrie Irving,2011/12,51,14.65,0.5174,39.9,18.51
202362,Lance Stephenson,2011/12,42,2.98,0.392,13.3,2.52
202498,Lance Thomas,2011/12,42,3.0,0.4524,0.0,3.95
202361,Landry Fields,2011/12,66,7.77,0.4903,25.6,8.79
1716,Larry Hughes,2011/12,9,2.44,0.25,14.3,1.33
202082,Larry Owens,2011/12,7,1.57,0.4545,40.0,1.86
202336,Larry Sanders,2011/12,52,3.54,0.4565,0.0,3.58
202351,Lazar Hayward,2011/12,26,1.46,0.3947,28.6,1.42
2544,LeBron James,2011/12,62,18.85,0.5543,36.2,27.15
2571,Leandro Barbosa,2011/12,64,9.95,0.4765,38.2,11.06
201991,Lester Hudson,2011/12,16,10.12,0.4321,25.0,10.88
101150,Lou Williams,2011/12,64,12.22,0.4597,36.2,14.94
201601,Luc Mbah a Moute,2011/12,43,6.07,0.5115,25.0,7.74
2449,Luis Scola,2011/12,66,13.45,0.491,0.0,15.53
202376,Luke Harangody,2011/12,21,3.1,0.3923,23.8,2.86
2557,Luke Ridnour,2011/12,53,10.38,0.4845,32.2,12.06
2575,Luke Walton,2011/12,30,2.17,0.4231,35.0,1.83
2736,Luol Deng,2011/12,54,13.98,0.4642,36.7,15.33
202723,Malcolm Lee,2011/12,19,3.11,0.4068,20.0,3.26
202952,Malcolm Thomas,2011/12,3,1.0,0.0,0.0,0.33
202412,Manny Harris,2011/12,26,5.77,0.44,33.3,6.65
1938,Manu Ginobili,2011/12,34,8.38,0.6175,41.3,12.94
201158,Marco Belinelli,2011/12,66,10.39,0.4949,37.7,11.82
948,Marcus Camby,2011/12,59,4.86,0.4495,40.0,4.86
202694,Marcus Morris Sr.,2011/12,17,3.18,0.3148,11.8,2.35
201977,Marcus Thornton,2011/12,51,15.75,0.505,34.5,18.67
201596,Mario Chalmers,2011/12,64,7.78,0.5492,38.8,9.8
202693,Markieff Morris,2011/12,63,6.92,0.4484,34.7,7.41
2605,Marquis Daniels,2011/12,38,3.76,0.3636,0.0,3.18
201578,Marreese Speights,2011/12,60,8.13,0.4529,0.0,8.77
101110,Martell Webster,2011/12,47,5.79,0.4908,33.9,6.89
101107,Marvin Williams,2011/12,57,8.25,0.4936,38.9,10.16
2440,Matt Barnes,2011/12,63,6.14,0.5116,33.3,7.79
2588,Matt Bonner,2011/12,65,5.38,0.59,42.0,6.6
2679,Matt Carroll,2011/12,53,2.96,0.3567,18.6,2.68
1897,Metta World Peace,2011/12,64,7.27,0.4538,29.6,7.7
201563,Michael Beasley,2011/12,47,10.57,0.4829,37.6,11.51
2072,Michael Redd,2011/12,51,7.06,0.4583,31.8,8.2
202148,Mickell Gladness,2011/12,26,2.27,0.4237,0.0,2.15
1710,Mike Bibby,2011/12,39,3.18,0.3911,31.8,2.64
201144,Mike Conley,2011/12,62,11.03,0.4766,37.7,12.71
2399,Mike Dunleavy,2011/12,55,9.16,0.5565,39.9,12.31
2229,Mike James,2011/12,11,4.45,0.4694,60.0,4.82
2034,Mike Miller,2011/12,39,5.36,0.5622,45.3,6.08
1630,Mikki Moore,2011/12,7,2.86,0.45,0.0,3.43
2590,Mo Williams,2011/12,52,11.75,0.5016,38.9,13.17
101145,Monta Ellis,2011/12,58,17.93,0.4625,30.8,20.36
202814,Mychel Thompson,2011/12,5,4.8,0.375,36.4,3.6
101126,Nate Robinson,2011/12,51,9.49,0.4917,36.5,11.18
1737,Nazr Mohammed,2011/12,63,2.68,0.4675,0.0,2.71
2403,Nene,2011/12,39,10.08,0.5369,0.0,13.72
2555,Nick Collison,2011/12,63,3.19,0.597,0.0,4.51
201156,Nick Young,2011/12,62,12.65,0.4688,36.5,14.18
202696,Nikola Vučević,2011/12,51,5.71,0.4553,37.5,5.55
202708,Norris Cole,2011/12,65,6.92,0.4167,27.6,6.78
201564,O.J. Mayo,2011/12,66,11.15,0.4755,36.4,12.62
201956,Omri Casspi,2011/12,65,6.34,0.4672,31.5,7.06
202335,Patrick Patterson,2011/12,64,7.98,0.4403,0.0,7.66
201988,Patty Mills,2011/12,16,8.12,0.5769,42.9,10.31
2200,Pau Gasol,2011/12,65,14.11,0.5044,25.9,17.37
202331,Paul George,2011/12,66,9.68,0.5102,38.5,12.09
200794,Paul Millsap,2011/12,64,13.45,0.4988,22.6,16.58
1718,Paul Pierce,2011/12,61,14.59,0.4989,36.6,19.36
2047,Quentin Richardson,2011/12,48,4.1,0.4822,34.7,4.48
202347,Quincy Pondexter,2011/12,64,3.73,0.4979,30.1,4.23
1952,Raja Bell,2011/12,34,5.12,0.5632,39.1,6.38
200765,Rajon Rondo,2011/12,53,10.79,0.4563,23.8,11.89
201196,Ramon Sessions,2011/12,64,8.83,0.4664,44.3,11.27
200751,Randy Foye,2011/12,65,9.91,0.4961,38.6,10.95
1740,Rashard Lewis,2011/12,28,7.89,0.4208,23.9,7.75
2446,Rasual Butler,2011/12,34,3.91,0.3872,27.3,3.24
101109,Raymond Felton,2011/12,60,10.7,0.4548,30.5,11.4
2501,Reggie Evans,2011/12,56,1.29,0.4722,0.0,1.86
202704,Reggie Jackson,2011/12,45,3.53,0.3616,21.0,3.11
1888,Richard Hamilton,2011/12,28,11.07,0.479,37.0,11.64
2210,Richard Jefferson,2011/12,63,7.75,0.5318,42.0,9.17
201937,Ricky Rubio,2011/12,41,9.49,0.3985,34.0,10.63
201577,Robin Lopez,2011/12,64,4.2,0.461,0.0,5.44
201155,Rodney Stuckey,2011/12,55,10.85,0.4564,31.7,14.76
201958,Rodrigue Beaubois,2011/12,53,8.4,0.4652,28.8,8.91
2427,Roger Mason Jr.,2011/12,52,4.96,0.5136,38.3,5.5
200758,Ronnie Brewer,2011/12,66,6.74,0.4483,27.5,6.89
101179,Ronnie Price,2011/12,36,3.61,0.4269,29.5,3.64
101142,Ronny Turiaf,2011/12,17,1.94,0.5758,0.0,3.0
201579,Roy Hibbert,2011/12,65,10.28,0.497,0.0,12.83
2767,Royal Ivey,2011/12,34,2.15,0.4795,34.0,2.09
201164,Rudy Fernandez,2011/12,31,7.26,0.5289,32.8,8.65
200752,Rudy Gay,2011/12,65,16.42,0.4799,31.2,18.95
201566,Russell Westbrook,2011/12,66,19.18,0.481,31.6,23.61
200797,Ryan Hollins,2011/12,39,2.15,0.5476,0.0,3.36
202385,Ryan Reid,2011/12,5,1.0,0.8,0.0,1.6
201970,Sam Young,2011/12,35,3.63,0.374,29.4,3.26
202396,Samardo Samuels,2011/12,54,4.28,0.4545,0.0,5.41
2223,Samuel Dalembert,2011/12,65,6.08,0.5063,0.0,7.54
201157,Sean Williams,2011/12,11,2.0,0.6364,0.0,3.64
2742,Sebastian Telfair,2011/12,60,5.7,0.4605,31.4,6.13
201586,Serge Ibaka,2011/12,66,7.42,0.5357,33.3,9.14
2203,Shane Battier,2011/12,65,4.49,0.4932,33.9,4.78
200769,Shannon Brown,2011/12,59,10.14,0.4766,36.2,11.02
2733,Shaun Livingston,2011/12,58,4.67,0.4723,66.7,5.48
1890,Shawn Marion,2011/12,63,10.25,0.4613,29.4,10.63
200761,Shawne Williams,2011/12,25,5.88,0.3571,24.1,4.52
202714,Shelvin Mack,2011/12,64,3.44,0.4273,28.6,3.59
200780,Solomon Jones,2011/12,21,2.9,0.3934,0.0,3.19
201150,Spencer Hawes,2011/12,37,8.62,0.4937,25.0,9.59
201939,Stephen Curry,2011/12,26,11.38,0.5828,45.5,14.73
1536,Stephen Jackson,2011/12,47,9.04,0.4318,28.8,9.81
2581,Steve Blake,2011/12,53,5.06,0.4757,33.5,5.21
959,Steve Nash,2011/12,62,8.95,0.5811,39.0,12.45
200779,Steve Novak,2011/12,54,6.24,0.6751,47.2,8.83
202178,Sundiata Gaines,2011/12,57,4.75,0.428,34.1,5.11
2551,T.J. Ford,2011/12,14,3.07,0.4651,25.0,3.64
201959,Taj Gibson,2011/12,63,6.41,0.495,0.0,7.68
2419,Tayshaun Prince,2011/12,63,12.67,0.4442,35.6,12.67
202227,Terrel Harris,2011/12,22,3.77,0.3976,20.5,3.64
201944,Terrence Williams,2011/12,30,6.6,0.4697,34.8,7.1
201152,Thaddeus Young,2011/12,63,10.9,0.5073,25.0,12.83
1495,Tim Duncan,2011/12,58,12.64,0.4925,0.0,15.43
202699,Tobias Harris,2011/12,42,4.02,0.4852,26.1,4.95
201962,Toney Douglas,2011/12,38,7.63,0.3707,23.1,6.24
1499,Tony Battie,2011/12,27,1.89,0.3725,0.0,1.56
2225,Tony Parker,2011/12,60,14.83,0.4876,23.0,18.25
1503,Tracy McGrady,2011/12,52,4.44,0.4697,45.5,5.25
202727,Travis Leslie,2011/12,10,1.4,0.3571,0.0,1.4
2566,Travis Outlaw,2011/12,39,4.49,0.3886,26.7,4.28
202344,Trevor Booker,2011/12,50,6.82,0.5323,50.0,8.38
201234,Trey Johnson,2011/12,11,1.27,0.5714,0.0,1.91
202717,Trey Thompkins,2011/12,24,2.54,0.4262,30.8,2.38
202684,Tristan Thompson,2011/12,60,7.37,0.4389,0.0,8.23
2211,Troy Murphy,2011/12,59,2.9,0.5322,41.8,3.19
201946,Tyler Hansbrough,2011/12,66,7.26,0.405,0.0,9.3
202715,Tyler Honeycutt,2011/12,15,1.6,0.3542,33.3,1.33
201936,Tyreke Evans,2011/12,63,14.29,0.4644,20.2,16.46
200748,Tyrus Thomas,2011/12,54,6.06,0.3685,33.3,5.63
2199,Tyson Chandler,2011/12,62,5.73,0.6789,0.0,11.27
2617,Udonis Haslem,2011/12,64,5.58,0.423,0.0,6.02
202731,Vernon Macklin,2011/12,23,1.52,0.5429,0.0,2.0
1713,Vince Carter,2011/12,61,8.89,0.4797,36.1,10.08
2209,Vladimir Radmanovic,2011/12,49,4.02,0.5025,37.0,4.49
201041,Walker Russell,2011/12,28,3.39,0.3684,30.8,3.0
201961,Wayne Ellington,2011/12,51,5.92,0.4619,32.4,6.1
202325,Wesley Johnson,2011/12,65,6.11,0.4647,31.4,6.05
202083,Wesley Matthews,2011/12,66,11.56,0.4961,38.3,13.7
2584,Willie Green,2011/12,53,6.13,0.5477,44.2,7.62
201163,Wilson Chandler,2011/12,8,9.88,0.4114,25.0,9.38
202333,Xavier Henry,2011/12,45,5.07,0.4101,41.2,5.31
202918,Xavier Silas,2011/12,2,7.5,0.3,16.7,5.5
201146,Yi Jianlian,2011/12,30,2.73,0.3963,30.0,2.63
2216,Zach Randolph,2011/12,28,10.18,0.4667,25.0,11.57
201985,AJ Price,2012/13,57,7.25,0.4746,35.0,7.74
201166,Aaron Brooks,2012/13,53,5.96,0.5316,37.3,7.09
201189,Aaron Gray,2012/13,42,2.14,0.5333,0.0,2.83
1733,Al Harrington,2012/13,10,5.7,0.4211,26.7,5.1
201143,Al Horford,2012/13,74,14.32,0.5448,50.0,17.42
2744,Al Jefferson,2012/13,78,15.85,0.4951,11.8,17.83
202692,Alec Burks,2012/13,64,6.06,0.4626,35.9,7.05
203144,Alexey Shved,2012/13,77,8.25,0.4386,29.5,8.64
2405,Amar'e Stoudemire,2012/13,29,9.21,0.5768,0.0,14.24
101161,Amir Johnson,2012/13,81,7.48,0.5586,38.5,10.04
101154,Andray Blatche,2012/13,82,8.24,0.5141,13.6,10.28
203083,Andre Drummond,2012/13,60,5.7,0.6096,50.0,7.93
2738,Andre Iguodala,2012/13,80,10.99,0.5023,31.7,12.97
1889,Andre Miller,2012/13,82,7.71,0.4929,26.6,9.59
101106,Andrew Bogut,2012/13,32,5.75,0.4538,100.0,5.81
202726,Andrew Goudelock,2012/13,1,2.0,0.0,0.0,0.0
203094,Andrew Nicholson,2012/13,75,6.48,0.5267,0.0,7.83
2740,Andris Biedrins,2012/13,53,0.4,0.4762,0.0,0.45
1712,Antawn Jamison,2012/13,76,7.57,0.5374,36.1,9.37
203076,Anthony Davis,2012/13,64,10.56,0.5163,0.0,13.55
201627,Anthony Morrow,2012/13,41,3.54,0.4966,37.2,4.0
201576,Anthony Randolph,2012/13,39,2.92,0.4912,0.0,3.67
201229,Anthony Tolliver,2012/13,62,3.48,0.4838,33.8,4.08
203102,Arnett Moultrie,2012/13,47,2.85,0.5821,0.0,3.7
201948,Austin Daye,2012/13,55,3.78,0.5312,41.8,4.49
203085,Austin Rivers,2012/13,61,6.39,0.4077,32.6,6.18
202340,Avery Bradley,2012/13,50,9.56,0.4435,31.7,9.22
2732,Ben Gordon,2012/13,75,10.13,0.4822,38.7,11.2
203108,Bernard James,2012/13,46,2.24,0.5146,0.0,2.85
202687,Bismack Biyombo,2012/13,80,4.33,0.4509,0.0,4.83
201933,Blake Griffin,2012/13,80,13.4,0.5406,17.9,18.0
203078,Bradley Beal,2012/13,56,12.27,0.4767,38.6,13.93
201148,Brandan Wright,2012/13,64,6.31,0.5965,0.0,8.45
101138,Brandon Bass,2012/13,81,7.27,0.4856,0.0,8.65
202688,Brandon Knight,2012/13,75,11.71,0.4749,36.7,13.32
200750,Brandon Roy,2012/13,5,7.0,0.3143,0.0,5.8
201575,Brandon Rush,2012/13,2,4.5,0.6667,0.0,7.0
2217,Brendan Haywood,2012/13,61,3.54,0.4306,0.0,3.54
203148,Brian Roberts,2012/13,78,6.55,0.4746,38.6,7.12
201572,Brook Lopez,2012/13,74,14.78,0.521,0.0,19.42
201957,Byron Mullens,2012/13,53,10.62,0.444,31.7,10.64
201228,C.J. Watson,2012/13,80,5.74,0.5142,41.1,6.79
101139,CJ Miles,2012/13,65,9.45,0.5179,38.4,11.22
201171,Carl Landry,2012/13,81,7.43,0.5407,33.3,10.79
2430,Carlos Boozer,2012/13,79,14.43,0.4772,0.0,16.22
2568,Carlos Delfino,2012/13,67,9.25,0.5323,37.5,10.57
2406,Caron Butler,2012/13,78,9.23,0.5125,38.8,10.42
201858,Cartier Martin,2012/13,41,6.15,0.496,39.7,6.59
202718,Chandler Parsons,2012/13,76,12.36,0.5666,38.5,15.49
101111,Charlie Villanueva,2012/13,69,6.72,0.4741,34.7,6.77
201978,Chase Budinger,2012/13,23,8.3,0.4817,32.1,9.39
1497,Chauncey Billups,2012/13,22,6.0,0.5265,36.7,8.36
2547,Chris Bosh,2012/13,74,12.26,0.5463,28.4,16.65
203142,Chris Copeland,2012/13,56,6.79,0.5566,42.1,8.68
201604,Chris Douglas-Roberts,2012/13,6,2.33,0.3571,0.0,2.83
2768,Chris Duhon,2012/13,46,2.67,0.5163,36.3,2.89
202419,Chris Johnson,2012/13,30,2.5,0.64,0.0,3.9
203187,Chris Johnson,2012/13,8,3.12,0.56,33.3,3.62
2549,Chris Kaman,2012/13,66,9.35,0.5073,0.0,10.5
101108,Chris Paul,2012/13,70,12.23,0.5257,32.8,16.94
200809,Chris Quinn,2012/13,7,2.29,0.25,0.0,1.43
202698,Chris Singleton,2012/13,57,4.23,0.3963,19.4,4.05
2404,Chris Wilcox,2012/13,61,2.51,0.719,0.0,4.25
203203,Chris Wright,2012/13,3,0.67,0.5,0.0,0.67
101236,Chuck Hayes,2012/13,74,2.57,0.4421,0.0,2.68
201147,Corey Brewer,2012/13,82,10.77,0.4762,29.6,12.07
1894,Corey Maggette,2012/13,18,4.22,0.3882,23.8,5.28
202809,Cory Higgins,2012/13,6,3.17,0.3421,20.0,2.33
202709,Cory Joseph,2012/13,28,3.93,0.4909,28.6,4.5
201584,Courtney Lee,2012/13,78,6.79,0.5189,37.2,7.85
201591,DJ White,2012/13,12,1.92,0.5217,0.0,2.42
201969,DaJuan Summers,2012/13,2,2.0,0.25,0.0,1.0
2563,Dahntay Jones,2012/13,78,2.85,0.3941,22.4,3.36
203081,Damian Lillard,2012/13,82,15.71,0.5012,36.8,19.05
2863,Damien Wilkins,2012/13,61,5.18,0.4858,33.3,6.36
200789,Daniel Gibson,2012/13,46,5.37,0.4534,34.4,5.43
202350,Daniel Orton,2012/13,13,2.0,0.4615,0.0,2.54
101122,Danny Granger,2012/13,5,7.0,0.3143,20.0,5.4
201967,Dante Cunningham,2012/13,80,8.39,0.468,0.0,8.69
202721,Darius Morris,2012/13,48,3.92,0.4521,36.4,4.04
2545,Darko Milicic,2012/13,1,1.0,0.0,0.0,0.0
201954,Darren Collison,2012/13,81,8.94,0.5041,35.3,12.0
101135,David Lee,2012/13,79,14.68,0.519,0.0,18.47
2561,David West,2012/13,73,13.82,0.4995,21.1,17.12
201599,DeAndre Jordan,2012/13,82,5.95,0.6434,0.0,8.83
202732,DeAndre Liggins,2012/13,39,1.21,0.5213,36.8,1.49
201971,DeJuan Blair,2012/13,61,4.44,0.524,0.0,5.38
201942,DeMar DeRozan,2012/13,82,15.01,0.459,28.3,18.11
202326,DeMarcus Cousins,2012/13,75,13.81,0.4672,18.2,17.07
201960,DeMarre Carroll,2012/13,66,4.91,0.4907,28.6,5.95
203199,DeQuan Jones,2012/13,63,3.46,0.4564,25.7,3.7
2205,DeSagana Diop,2012/13,22,1.23,0.2963,0.0,0.73
2052,DeShawn Stevenson,2012/13,56,4.68,0.5191,36.4,5.07
965,Derek Fisher,2012/13,33,4.88,0.4348,37.5,5.3
101114,Deron Williams,2012/13,78,14.41,0.5156,37.8,18.92
202324,Derrick Favors,2012/13,77,7.38,0.4824,0.0,9.44
202682,Derrick Williams,2012/13,78,10.08,0.4714,33.2,11.96
202365,Devin Ebanks,2012/13,19,3.84,0.3699,27.3,3.42
2734,Devin Harris,2012/13,58,7.64,0.5248,33.5,9.95
202354,Dexter Pittman,2012/13,11,1.0,0.3636,0.0,0.73
203197,Diante Garrett,2012/13,19,2.58,0.3571,20.0,2.11
203079,Dion Waiters,2012/13,61,13.36,0.4509,31.0,14.66
1717,Dirk Nowitzki,2012/13,53,13.74,0.5158,41.4,17.3
201187,Dominic McGuire,2012/13,26,2.15,0.4286,0.0,1.96
202346,Dominique Jones,2012/13,29,3.76,0.3716,11.1,4.0
202388,Donald Sloan,2012/13,23,3.39,0.391,36.8,3.52
2748,Dorell Wright,2012/13,79,7.58,0.5083,37.4,9.23
203117,Doron Lamb,2012/13,47,3.47,0.411,37.8,3.28
203110,Draymond Green,2012/13,79,3.25,0.3541,20.9,2.87
2400,Drew Gooden,2012/13,16,3.81,0.3361,20.0,3.25
2730,Dwight Howard,2012/13,76,10.7,0.5787,16.7,17.05
2548,Dwyane Wade,2012/13,69,15.84,0.5284,25.8,21.2
202734,E'Twaun Moore,2012/13,75,7.97,0.4523,34.0,7.84
2853,Earl Barron,2012/13,12,4.25,0.3529,0.0,3.25
201947,Earl Clark,2012/13,59,6.54,0.4858,33.7,7.25
2248,Earl Watson,2012/13,48,2.5,0.3292,17.9,2.0
202334,Ed Davis,2012/13,81,5.95,0.5394,0.0,7.69
2201,Eddy Curry,2012/13,2,4.0,0.5,0.0,4.5
202327,Ekpe Udoh,2012/13,76,3.54,0.4349,0.0,4.25
1882,Elton Brand,2012/13,72,6.64,0.4728,0.0,7.19
2731,Emeka Okafor,2012/13,79,8.7,0.4774,0.0,9.68
202683,Enes Freedom,2012/13,70,5.41,0.5449,100.0,7.23
202339,Eric Bledsoe,2012/13,76,7.47,0.4727,39.7,8.46
201569,Eric Gordon,2012/13,42,13.9,0.4503,32.4,16.98
201953,Eric Maynor,2012/13,64,4.39,0.4377,35.4,4.55
203095,Evan Fournier,2012/13,38,4.0,0.5658,40.7,5.32
202323,Evan Turner,2012/13,82,12.84,0.4463,36.5,13.34
203097,Fab Melo,2012/13,6,1.0,0.5,0.0,1.17
203105,Festus Ezeli,2012/13,78,2.17,0.4379,0.0,2.45
101128,Francisco Garcia,2012/13,58,5.17,0.505,37.4,5.53
202066,Garrett Temple,2012/13,51,5.06,0.4574,32.5,5.14
201588,George Hill,2012/13,76,11.46,0.5178,36.8,14.16
101123,Gerald Green,2012/13,60,7.07,0.4351,31.4,7.02
201945,Gerald Henderson,2012/13,68,12.57,0.4661,33.0,15.51
2222,Gerald Wallace,2012/13,69,6.64,0.4476,28.2,7.7
201175,Glen Davis,2012/13,34,14.06,0.4477,0.0,15.06
202330,Gordon Hayward,2012/13,72,10.74,0.5006,41.5,14.12
255,Grant Hill,2012/13,29,3.38,0.4031,27.3,3.21
202328,Greg Monroe,2012/13,81,13.06,0.4858,0.0,16.02
202962,Greg Smith,2012/13,70,3.91,0.6204,0.0,6.01
201880,Greg Stiemsma,2012/13,76,3.66,0.4568,0.0,4.04
202349,Greivis Vasquez,2012/13,78,12.97,0.4738,34.2,13.88
201632,Hamed Haddadi,2012/13,30,2.73,0.4268,0.0,2.8
203084,Harrison Barnes,2012/13,81,7.75,0.4809,35.9,9.23
201934,Hasheem Thabeet,2012/13,66,1.61,0.6038,0.0,2.42
2045,Hedo Turkoglu,2012/13,11,4.82,0.2736,4.2,2.91
203156,Henry Sims,2012/13,2,1.5,0.6667,0.0,2.0
202697,Iman Shumpert,2012/13,45,6.11,0.4891,40.2,6.78
202738,Isaiah Thomas,2012/13,79,10.53,0.509,35.8,13.92
202397,Ish Smith,2012/13,52,3.06,0.3774,29.6,2.37
201274,Ivan Johnson,2012/13,69,5.16,0.5211,7.7,6.55
200826,J.J. Barea,2012/13,74,10.24,0.4809,34.6,11.27
201581,JJ Hickson,2012/13,80,9.3,0.5618,0.0,12.72
200755,JJ Redick,2012/13,78,11.28,0.5278,36.6,14.1
2747,JR Smith,2012/13,80,15.61,0.484,35.6,18.07
201580,JaVale McGee,2012/13,79,6.67,0.5759,100.0,9.08
203109,Jae Crowder,2012/13,78,4.71,0.47,32.8,5.03
2224,Jamaal Tinsley,2012/13,66,3.55,0.4509,30.7,3.47
2037,Jamal Crawford,2012/13,76,13.37,0.5113,37.6,16.51
2749,Jameer Nelson,2012/13,56,13.93,0.4699,34.1,14.68
201935,James Harden,2012/13,78,17.14,0.5045,36.8,25.94
201949,James Johnson,2012/13,54,5.24,0.417,9.5,5.11
2592,James Jones,2012/13,38,1.61,0.4754,30.2,1.58
200778,James White,2012/13,57,2.04,0.4914,34.1,2.19
203099,Jared Cunningham,2012/13,8,1.75,0.5,66.7,2.0
201162,Jared Dudley,2012/13,79,8.47,0.5471,39.1,10.9
2407,Jared Jeffries,2012/13,38,1.42,0.2963,0.0,1.16
203096,Jared Sullinger,2012/13,45,5.0,0.4956,20.0,6.0
101127,Jarrett Jack,2012/13,79,10.85,0.4994,40.4,12.95
2215,Jason Collins,2012/13,38,0.76,0.3103,0.0,1.08
467,Jason Kidd,2012/13,76,5.38,0.511,35.1,6.03
101131,Jason Maxiell,2012/13,72,6.35,0.4464,0.0,6.92
2202,Jason Richardson,2012/13,33,10.18,0.4866,34.1,10.52
201160,Jason Smith,2012/13,51,6.69,0.4897,0.0,8.24
1891,Jason Terry,2012/13,79,8.2,0.5285,37.2,10.11
201574,Jason Thompson,2012/13,82,9.09,0.502,0.0,10.87
201145,Jeff Green,2012/13,81,9.95,0.5099,38.5,12.79
201952,Jeff Teague,2012/13,80,12.18,0.4964,35.9,14.57
203106,Jeffery Taylor,2012/13,77,5.18,0.4975,34.4,6.13
202379,Jeremy Evans,2012/13,37,1.19,0.6136,0.0,2.03
203087,Jeremy Lamb,2012/13,23,2.96,0.4191,30.0,3.09
202391,Jeremy Lin,2012/13,82,10.94,0.49,33.9,13.35
202951,Jeremy Pargo,2012/13,39,6.41,0.446,33.8,6.79
202719,Jeremy Tyler,2012/13,21,1.14,0.375,0.0,1.05
979,Jermaine O'Neal,2012/13,55,6.75,0.4825,0.0,8.25
711,Jerry Stackhouse,2012/13,37,4.65,0.4709,33.7,4.92
201573,Jerryd Bayless,2012/13,80,7.76,0.4758,35.3,8.66
202690,Jimmer Fredette,2012/13,69,5.93,0.5,41.7,7.16
202710,Jimmy Butler III,2012/13,82,6.24,0.5059,38.1,8.6
201149,Joakim Noah,2012/13,66,9.55,0.481,0.0,11.88
201975,Jodie Meeks,2012/13,78,6.79,0.5019,35.7,7.92
2207,Joe Johnson,2012/13,72,14.61,0.4933,37.5,16.25
200777,Joel Freeland,2012/13,51,2.78,0.4085,0.0,2.63
2038,Joel Przybilla,2012/13,12,0.33,0.25,0.0,0.17
203089,John Henson,2012/13,63,5.33,0.4821,0.0,6.03
203098,John Jenkins,2012/13,61,4.82,0.5357,38.4,6.13
101249,John Lucas III,2012/13,63,5.3,0.4716,37.7,5.29
2422,John Salmons,2012/13,76,8.05,0.4796,37.1,8.84
202322,John Wall,2012/13,49,15.0,0.449,26.7,18.49
202720,Jon Leuer,2012/13,28,1.86,0.4808,0.0,2.0
201973,Jonas Jerebko,2012/13,49,6.45,0.4889,30.1,7.69
202348,Jordan Crawford,2012/13,70,10.36,0.4724,33.7,11.63
202706,Jordan Hamilton,2012/13,40,5.03,0.4851,37.0,5.2
201941,Jordan Hill,2012/13,29,5.34,0.4968,0.0,6.69
202725,Josh Harrellson,2012/13,6,1.5,0.5,20.0,1.67
2572,Josh Howard,2012/13,11,7.0,0.4351,31.3,6.73
201177,Josh McRoberts,2012/13,67,5.12,0.4898,28.6,5.99
202729,Josh Selby,2012/13,10,2.2,0.2955,16.7,2.0
2746,Josh Smith,2012/13,76,15.55,0.4911,30.3,17.46
201950,Jrue Holiday,2012/13,78,16.51,0.4662,36.8,17.73
202933,Julyan Stone,2012/13,4,0.5,1.0,0.0,1.75
202458,Justin Dentmon,2012/13,2,1.0,0.0,0.0,0.0
203200,Justin Holiday,2012/13,9,5.33,0.375,25.0,4.67
436,Juwan Howard,2012/13,7,2.71,0.5263,0.0,3.0
202695,Kawhi Leonard,2012/13,58,9.07,0.5561,37.4,11.88
2586,Keith Bogans,2012/13,74,3.84,0.5282,34.3,4.2
202689,Kemba Walker,2012/13,82,15.17,0.4658,32.2,17.74
203088,Kendall Marshall,2012/13,48,3.15,0.447,31.5,2.98
2570,Kendrick Perkins,2012/13,78,4.01,0.4569,0.0,4.23
202702,Kenneth Faried,2012/13,80,8.61,0.5515,0.0,11.54
203145,Kent Bazemore,2012/13,61,1.9,0.4138,29.4,2.02
2030,Kenyon Martin,2012/13,18,5.17,0.6022,0.0,7.17
201142,Kevin Durant,2012/13,81,17.69,0.5586,41.6,28.15
708,Kevin Garnett,2012/13,68,12.5,0.4976,12.5,14.76
203158,Kevin Jones,2012/13,32,3.34,0.4019,0.0,2.97
201567,Kevin Love,2012/13,18,16.56,0.3859,21.7,18.33
2755,Kevin Martin,2012/13,77,10.1,0.5514,42.6,13.99
203122,Kevin Murphy,2012/13,17,1.65,0.2679,20.0,0.88
202338,Kevin Seraphin,2012/13,79,9.06,0.4609,0.0,9.13
2039,Keyon Dooling,2012/13,7,3.0,0.5952,41.7,4.43
203114,Khris Middleton,2012/13,27,5.22,0.4894,31.1,6.11
2550,Kirk Hinrich,2012/13,60,7.03,0.4609,39.0,7.65
202691,Klay Thompson,2012/13,82,14.7,0.5091,40.1,16.57
977,Kobe Bryant,2012/13,78,20.45,0.5041,32.4,27.35
201585,Kosta Koufos,2012/13,81,6.27,0.5807,0.0,8.0
2743,Kris Humphries,2012/13,65,4.77,0.4484,0.0,5.77
203126,Kris Joseph,2012/13,10,1.4,0.1429,0.0,0.9
703,Kurt Thomas,2012/13,39,2.13,0.5482,100.0,2.49
2198,Kwame Brown,2012/13,22,1.68,0.4595,0.0,1.86
2594,Kyle Korver,2012/13,74,8.12,0.6181,45.7,10.95
200768,Kyle Lowry,2012/13,68,9.16,0.4823,36.2,11.63
203124,Kyle O'Quinn,2012/13,57,3.46,0.5127,0.0,4.07
202681,Kyrie Irving,2012/13,59,18.14,0.5033,39.1,22.46
202362,Lance Stephenson,2012/13,78,7.67,0.5117,33.0,8.81
202498,Lance Thomas,2012/13,59,1.8,0.5,0.0,2.53
202361,Landry Fields,2012/13,51,4.37,0.4619,14.3,4.71
202336,Larry Sanders,2012/13,71,8.52,0.5058,0.0,9.8
202351,Lazar Hayward,2012/13,4,2.5,0.2,0.0,2.5
2544,LeBron James,2012/13,76,17.82,0.603,40.6,26.79
2571,Leandro Barbosa,2012/13,41,4.71,0.4767,38.3,5.24
101150,Lou Williams,2012/13,39,11.36,0.5034,36.7,14.13
201601,Luc Mbah a Moute,2012/13,58,6.5,0.4178,35.1,6.67
2449,Luis Scola,2012/13,82,11.16,0.4738,18.8,12.78
2557,Luke Ridnour,2012/13,82,9.89,0.4932,31.1,11.45
2575,Luke Walton,2012/13,50,3.62,0.4475,29.9,3.44
202545,Luke Zeller,2012/13,16,1.62,0.3654,20.0,1.19
2736,Luol Deng,2012/13,75,14.57,0.4607,32.2,16.49
203146,Maalik Wayns,2012/13,27,3.26,0.3352,22.6,2.81
202723,Malcolm Lee,2012/13,16,4.75,0.4342,33.3,4.88
202952,Malcolm Thomas,2012/13,12,0.83,0.5,0.0,1.25
1938,Manu Ginobili,2012/13,60,8.98,0.5019,35.3,11.75
201158,Marco Belinelli,2012/13,73,8.36,0.4598,35.7,9.62
948,Marcus Camby,2012/13,24,2.21,0.3208,0.0,1.75
202694,Marcus Morris Sr.,2012/13,77,6.83,0.5038,36.9,7.74
201977,Marcus Thornton,2012/13,72,10.75,0.52,37.2,12.72
201596,Mario Chalmers,2012/13,77,6.87,0.5454,40.9,8.65
202693,Markieff Morris,2012/13,82,7.96,0.4418,33.6,8.17
2605,Marquis Daniels,2012/13,59,5.95,0.4046,27.8,5.49
203104,Marquis Teague,2012/13,48,2.35,0.3982,17.4,2.06
201578,Marreese Speights,2012/13,79,7.39,0.4478,30.0,8.33
101110,Martell Webster,2012/13,76,8.37,0.5511,42.2,11.43
101107,Marvin Williams,2012/13,73,6.44,0.4809,32.5,7.25
2440,Matt Barnes,2012/13,80,8.44,0.5444,34.2,10.28
2588,Matt Bonner,2012/13,68,3.38,0.6022,44.2,4.24
203090,Maurice Harkless,2012/13,76,7.42,0.4894,27.4,8.22
1897,Metta World Peace,2012/13,75,10.99,0.4885,34.2,12.39
203086,Meyers Leonard,2012/13,69,4.01,0.5505,42.9,5.46
201563,Michael Beasley,2012/13,75,10.21,0.4341,31.3,10.12
203077,Michael Kidd-Gilchrist,2012/13,78,7.86,0.46,22.2,9.03
201144,Mike Conley,2012/13,80,11.75,0.4968,36.2,14.6
2399,Mike Dunleavy,2012/13,75,8.32,0.5449,42.8,10.47
2229,Mike James,2012/13,45,6.02,0.4613,38.4,6.07
2034,Mike Miller,2012/13,59,3.92,0.5909,41.7,4.76
203118,Mike Scott,2012/13,40,3.67,0.4762,0.0,4.58
203101,Miles Plumlee,2012/13,14,1.5,0.2381,0.0,0.93
2590,Mo Williams,2012/13,46,11.59,0.485,38.3,12.87
101145,Monta Ellis,2012/13,82,17.51,0.4485,28.7,19.23
201986,Nando De Colo,2012/13,72,3.35,0.5,37.8,3.83
101126,Nate Robinson,2012/13,82,11.23,0.5098,40.5,13.1
1737,Nazr Mohammed,2012/13,63,2.86,0.3667,0.0,2.63
2403,Nene,2012/13,61,9.74,0.4798,0.0,12.56
2555,Nick Collison,2012/13,81,3.65,0.5946,0.0,5.09
201156,Nick Young,2012/13,59,9.19,0.4825,35.7,10.64
202696,Nikola Vučević,2012/13,77,11.55,0.5186,0.0,13.09
202708,Norris Cole,2012/13,80,5.31,0.4624,35.7,5.56
201564,O.J. Mayo,2012/13,82,12.51,0.5185,40.7,15.3
201956,Omri Casspi,2012/13,43,3.72,0.4719,32.9,4.02
203111,Orlando Johnson,2012/13,51,3.53,0.5,38.3,3.98
200782,P.J. Tucker,2012/13,79,5.62,0.4977,31.4,6.41
203143,Pablo Prigioni,2012/13,78,2.82,0.575,39.6,3.53
201976,Patrick Beverley,2012/13,41,4.61,0.5132,37.5,5.56
202335,Patrick Patterson,2012/13,71,8.77,0.553,38.6,10.38
201988,Patty Mills,2012/13,58,4.16,0.5768,40.0,5.07
2200,Pau Gasol,2012/13,49,11.82,0.4732,28.6,13.73
202331,Paul George,2012/13,79,14.89,0.4915,36.2,17.43
200794,Paul Millsap,2012/13,78,11.22,0.4977,33.3,14.55
1718,Paul Pierce,2012/13,77,14.18,0.5023,38.0,18.57
203103,Perry Jones III,2012/13,38,2.61,0.3939,0.0,2.32
2047,Quentin Richardson,2012/13,1,11.0,0.1364,25.0,5.0
203113,Quincy Miller,2012/13,7,1.71,0.3333,0.0,1.29
202347,Quincy Pondexter,2012/13,59,5.07,0.5284,39.5,6.36
200765,Rajon Rondo,2012/13,38,12.24,0.4968,24.0,13.74
201196,Ramon Sessions,2012/13,61,11.08,0.4327,30.8,14.36
200751,Randy Foye,2012/13,82,9.0,0.5176,41.0,10.76
1740,Rashard Lewis,2012/13,55,4.53,0.5161,38.9,5.18
739,Rasheed Wallace,2012/13,21,6.76,0.4648,31.9,6.95
101109,Raymond Felton,2012/13,68,12.97,0.4802,36.0,13.94
2501,Reggie Evans,2012/13,80,3.26,0.4789,0.0,4.54
202704,Reggie Jackson,2012/13,70,4.64,0.4954,23.1,5.34
1888,Richard Hamilton,2012/13,50,9.5,0.4463,30.8,9.8
2210,Richard Jefferson,2012/13,56,2.43,0.5074,31.1,3.14
201937,Ricky Rubio,2012/13,57,9.02,0.3862,29.3,10.67
203135,Robert Sacre,2012/13,32,1.5,0.375,0.0,1.34
201577,Robin Lopez,2012/13,82,8.77,0.5341,0.0,11.33
201155,Rodney Stuckey,2012/13,76,9.84,0.4432,30.2,11.53
201958,Rodrigue Beaubois,2012/13,45,3.91,0.429,29.2,4.02
2427,Roger Mason Jr.,2012/13,69,4.42,0.541,41.5,5.35
200758,Ronnie Brewer,2012/13,60,3.3,0.4116,30.3,2.98
101179,Ronnie Price,2012/13,39,3.08,0.3667,25.6,2.69
101142,Ronny Turiaf,2012/13,65,1.49,0.5052,0.0,1.86
201579,Roy Hibbert,2012/13,79,10.87,0.4488,25.0,11.86
2767,Royal Ivey,2012/13,53,2.72,0.559,42.0,3.21
200752,Rudy Gay,2012/13,75,16.71,0.4493,32.3,18.21
201566,Russell Westbrook,2012/13,82,18.72,0.47,32.3,23.21
200797,Ryan Hollins,2012/13,60,1.9,0.614,0.0,3.43
201970,Sam Young,2012/13,56,2.64,0.4459,30.8,2.77
202396,Samardo Samuels,2012/13,18,3.33,0.3667,0.0,3.22
2223,Samuel Dalembert,2012/13,47,5.38,0.5435,100.0,6.66
203159,Scott Machado,2012/13,6,1.0,0.5,0.0,1.33
2742,Sebastian Telfair,2012/13,59,5.24,0.4482,35.3,5.61
201586,Serge Ibaka,2012/13,80,9.72,0.5861,35.1,13.19
2203,Shane Battier,2012/13,72,5.03,0.6077,43.0,6.56
200769,Shannon Brown,2012/13,59,9.68,0.4545,27.7,10.46
2733,Shaun Livingston,2012/13,66,5.24,0.4798,0.0,6.32
101183,Shavlik Randolph,2012/13,16,3.0,0.5833,0.0,4.19
1890,Shawn Marion,2012/13,67,10.3,0.5312,31.5,12.12
202714,Shelvin Mack,2012/13,31,4.06,0.5317,36.7,4.61
200780,Solomon Jones,2012/13,2,0.5,0.0,0.0,0.0
201150,Spencer Hawes,2012/13,82,9.89,0.4827,35.6,11.04
201939,Stephen Curry,2012/13,78,17.79,0.549,45.3,22.9
1536,Stephen Jackson,2012/13,55,6.0,0.4424,27.1,6.2
2581,Steve Blake,2012/13,45,6.0,0.5556,42.1,7.27
959,Steve Nash,2012/13,50,9.5,0.5568,43.8,12.72
200779,Steve Novak,2012/13,81,5.31,0.5872,42.5,6.6
201959,Taj Gibson,2012/13,65,6.78,0.4853,0.0,7.95
2419,Tayshaun Prince,2012/13,82,10.0,0.461,40.4,10.39
202227,Terrel Harris,2012/13,20,1.35,0.1481,0.0,0.75
203093,Terrence Jones,2012/13,19,4.95,0.484,26.3,5.47
203082,Terrence Ross,2012/13,73,6.26,0.4781,33.2,6.4
201944,Terrence Williams,2012/13,24,4.04,0.5206,33.3,4.58
201152,Thaddeus Young,2012/13,76,12.61,0.5318,12.5,14.83
203080,Thomas Robinson,2012/13,70,4.59,0.4299,0.0,4.76
1495,Tim Duncan,2012/13,69,14.14,0.5031,28.6,17.78
202699,Tobias Harris,2012/13,55,9.31,0.4883,31.5,10.96
201962,Toney Douglas,2012/13,71,6.56,0.4914,38.0,7.52
2225,Tony Parker,2012/13,66,15.08,0.5337,35.3,20.32
203100,Tony Wroten,2012/13,35,2.46,0.407,25.0,2.6
2566,Travis Outlaw,2012/13,38,4.66,0.4576,28.0,5.26
202344,Trevor Booker,2012/13,48,4.58,0.4909,0.0,5.33
202684,Tristan Thompson,2012/13,82,9.74,0.4881,0.0,11.67
2211,Troy Murphy,2012/13,14,4.36,0.4508,31.4,4.64
201946,Tyler Hansbrough,2012/13,81,5.02,0.4324,0.0,7.01
202715,Tyler Honeycutt,2012/13,9,1.22,0.2727,0.0,0.89
203092,Tyler Zeller,2012/13,77,7.26,0.4383,0.0,7.92
201936,Tyreke Evans,2012/13,65,11.77,0.5078,33.8,15.18
200748,Tyrus Thomas,2012/13,26,5.23,0.364,37.5,4.81
203116,Tyshawn Taylor,2012/13,38,2.29,0.4023,46.2,2.24
2199,Tyson Chandler,2012/13,66,6.06,0.6375,0.0,10.44
2617,Udonis Haslem,2012/13,75,3.35,0.5139,0.0,3.87
201964,Victor Claver,2012/13,49,3.86,0.4577,28.7,3.82
1713,Vince Carter,2012/13,81,10.56,0.5298,40.6,13.43
2209,Vladimir Radmanovic,2012/13,25,1.72,0.3605,18.5,1.32
201961,Wayne Ellington,2012/13,78,6.78,0.5161,39.2,7.87
202325,Wesley Johnson,2012/13,50,7.92,0.4697,32.3,7.98
202083,Wesley Matthews,2012/13,69,11.71,0.5402,39.8,14.81
203115,Will Barton,2012/13,73,4.23,0.3964,13.8,4.04
2584,Willie Green,2012/13,72,5.36,0.5531,42.8,6.25
201163,Wilson Chandler,2012/13,43,10.58,0.5187,41.3,13.02
202333,Xavier Henry,2012/13,50,3.22,0.4224,36.4,3.88
2216,Zach Randolph,2012/13,76,13.47,0.4609,8.7,15.38
201985,AJ Price,2013/14,28,1.64,0.4783,27.3,1.57
201166,Aaron Brooks,2013/14,72,8.07,0.4836,38.7,8.96
201189,Aaron Gray,2013/14,37,1.65,0.4426,0.0,1.76
203519,Adonis Thomas,2013/14,6,2.33,0.4643,20.0,2.33
1733,Al Harrington,2013/14,34,6.09,0.4783,34.0,6.62
201143,Al Horford,2013/14,29,14.48,0.5714,36.4,18.55
2744,Al Jefferson,2013/14,73,18.85,0.5098,20.0,21.84
202692,Alec Burks,2013/14,78,10.65,0.4874,35.0,13.96
203458,Alex Len,2013/14,42,1.86,0.4231,0.0,2.05
203144,Alexey Shved,2013/14,63,3.76,0.384,29.4,3.97
203459,Allen Crabbe,2013/14,15,2.2,0.4545,42.9,2.2
2405,Amar'e Stoudemire,2013/14,65,8.58,0.5573,0.0,11.88
101161,Amir Johnson,2013/14,77,7.95,0.5784,30.3,10.38
101154,Andray Blatche,2013/14,73,9.23,0.4874,27.8,11.25
203083,Andre Drummond,2013/14,81,9.49,0.6229,0.0,13.52
2738,Andre Iguodala,2013/14,63,7.27,0.548,35.4,9.33
1889,Andre Miller,2013/14,58,3.98,0.4827,52.4,4.88
203460,Andre Roberson,2013/14,40,1.7,0.5,15.4,1.88
101106,Andrew Bogut,2013/14,67,5.6,0.6267,0.0,7.34
101115,Andrew Bynum,2013/14,26,8.65,0.4178,0.0,8.65
203094,Andrew Nicholson,2013/14,76,5.53,0.4619,31.5,5.72
2740,Andris Biedrins,2013/14,6,0.17,1.0,0.0,0.5
1712,Antawn Jamison,2013/14,22,4.18,0.3587,19.5,3.82
203076,Anthony Davis,2013/14,67,15.0,0.5204,22.2,20.81
201627,Anthony Morrow,2013/14,76,6.84,0.5423,45.1,8.37
201576,Anthony Randolph,2013/14,43,4.09,0.4375,29.5,4.79
201229,Anthony Tolliver,2013/14,64,4.8,0.5863,41.3,6.14
203462,Archie Goodwin,2013/14,52,3.21,0.4701,13.9,3.73
203102,Arnett Moultrie,2013/14,12,3.17,0.4211,0.0,3.0
201948,Austin Daye,2013/14,22,3.09,0.4412,32.4,3.0
203085,Austin Rivers,2013/14,69,6.87,0.443,36.4,7.68
202340,Avery Bradley,2013/14,60,13.75,0.4855,39.5,14.85
2732,Ben Gordon,2013/14,19,5.68,0.3796,27.6,5.21
203463,Ben McLemore,2013/14,82,8.28,0.4455,32.0,8.78
203108,Bernard James,2013/14,30,0.77,0.4783,0.0,0.93
202687,Bismack Biyombo,2013/14,77,1.87,0.6111,0.0,2.88
201933,Blake Griffin,2013/14,80,16.99,0.5327,27.3,24.12
203078,Bradley Beal,2013/14,73,15.74,0.4787,40.2,17.11
201148,Brandan Wright,2013/14,58,5.71,0.6767,0.0,9.05
101138,Brandon Bass,2013/14,82,8.84,0.4869,33.3,11.11
203561,Brandon Davies,2013/14,51,2.51,0.4297,20.0,2.82
202688,Brandon Knight,2013/14,72,15.17,0.4725,32.5,17.93
201575,Brandon Rush,2013/14,38,2.37,0.4222,34.0,2.08
203148,Brian Roberts,2013/14,72,8.07,0.475,36.0,9.4
201572,Brook Lopez,2013/14,17,13.47,0.5633,0.0,20.71
201957,Byron Mullens,2013/14,45,3.67,0.5424,37.1,4.2
201228,C.J. Watson,2013/14,63,5.3,0.5165,36.6,6.57
203468,CJ McCollum,2013/14,38,4.68,0.5,37.5,5.29
101139,CJ Miles,2013/14,51,8.02,0.5367,39.3,9.86
201171,Carl Landry,2013/14,18,3.33,0.5167,0.0,4.22
2430,Carlos Boozer,2013/14,76,12.89,0.4561,0.0,13.71
2406,Caron Butler,2013/14,56,9.64,0.4852,39.4,10.48
203467,Carrick Felix,2013/14,7,2.0,0.5714,40.0,2.71
201858,Cartier Martin,2013/14,59,4.47,0.5322,39.1,5.58
203810,Casper Ware,2013/14,9,4.67,0.5119,33.3,5.33
202718,Chandler Parsons,2013/14,74,13.34,0.538,37.0,16.57
101112,Channing Frye,2013/14,82,9.49,0.5347,37.0,11.1
101111,Charlie Villanueva,2013/14,20,4.6,0.4565,25.0,4.6
201978,Chase Budinger,2013/14,41,6.2,0.4764,35.0,6.68
1497,Chauncey Billups,2013/14,19,4.16,0.3924,29.2,3.79
2547,Chris Bosh,2013/14,79,12.06,0.5551,33.9,16.22
203142,Chris Copeland,2013/14,41,2.85,0.6111,41.8,3.73
201604,Chris Douglas-Roberts,2013/14,49,5.14,0.5417,38.6,6.92
203187,Chris Johnson,2013/14,40,5.35,0.4977,33.9,6.25
2549,Chris Kaman,2013/14,39,8.87,0.5087,0.0,10.36
101108,Chris Paul,2013/14,62,14.03,0.5115,36.8,19.11
202698,Chris Singleton,2013/14,25,2.68,0.4254,36.8,3.0
101236,Chuck Hayes,2013/14,61,2.13,0.4308,0.0,2.16
203469,Cody Zeller,2013/14,82,4.93,0.4257,0.0,5.98
201147,Corey Brewer,2013/14,81,9.96,0.5173,28.0,12.32
202709,Cory Joseph,2013/14,68,3.9,0.4981,31.6,5.04
201584,Courtney Lee,2013/14,79,7.77,0.5391,37.1,9.63
203474,DJ Stephens,2013/14,3,2.33,0.4286,0.0,2.33
201591,DJ White,2013/14,2,0.5,0.0,0.0,0.0
203081,Damian Lillard,2013/14,82,15.9,0.5077,39.4,20.67
202345,Damion James,2013/14,5,1.8,0.2222,0.0,1.2
202350,Daniel Orton,2013/14,22,2.14,0.4468,0.0,2.95
101122,Danny Granger,2013/14,41,7.49,0.4479,33.6,8.24
201967,Dante Cunningham,2013/14,81,6.28,0.4637,0.0,6.3
202721,Darius Morris,2013/14,27,3.56,0.4688,31.6,3.96
201954,Darren Collison,2013/14,80,8.68,0.518,37.6,11.39
101135,David Lee,2013/14,69,14.22,0.5229,0.0,18.22
2561,David West,2013/14,80,11.74,0.4899,26.7,13.97
201599,DeAndre Jordan,2013/14,82,6.28,0.6757,0.0,10.44
202732,DeAndre Liggins,2013/14,1,1.0,1.0,0.0,2.0
201971,DeJuan Blair,2013/14,78,5.04,0.5344,0.0,6.37
201942,DeMar DeRozan,2013/14,79,17.81,0.452,30.5,22.67
202326,DeMarcus Cousins,2013/14,71,16.77,0.4962,0.0,22.73
201960,DeMarre Carroll,2013/14,73,8.79,0.546,36.2,11.1
203471,Dennis Schröder,2013/14,49,3.84,0.4096,23.8,3.73
965,Derek Fisher,2013/14,81,4.46,0.5125,38.4,5.25
101114,Deron Williams,2013/14,64,11.19,0.5182,36.6,14.3
202324,Derrick Favors,2013/14,73,10.23,0.5221,0.0,13.29
201565,Derrick Rose,2013/14,10,16.4,0.4024,34.0,15.9
202682,Derrick Williams,2013/14,78,6.18,0.4544,26.3,8.0
2734,Devin Harris,2013/14,40,6.35,0.439,30.7,7.88
203473,Dewayne Dedmon,2013/14,31,2.68,0.4578,0.0,3.13
202354,Dexter Pittman,2013/14,2,0.5,0.0,0.0,0.0
203197,Diante Garrett,2013/14,71,3.73,0.4491,37.5,3.49
203079,Dion Waiters,2013/14,70,14.19,0.4794,36.8,15.9
1717,Dirk Nowitzki,2013/14,80,15.91,0.5487,39.8,21.69
202388,Donald Sloan,2013/14,48,2.44,0.4188,23.8,2.29
2748,Dorell Wright,2013/14,68,4.37,0.4899,34.2,5.04
203117,Doron Lamb,2013/14,53,3.02,0.5062,40.0,3.6
203110,Draymond Green,2013/14,82,5.6,0.4673,33.3,6.23
2400,Drew Gooden,2013/14,22,6.5,0.5559,41.2,8.32
2730,Dwight Howard,2013/14,71,11.27,0.5925,28.6,18.27
2548,Dwyane Wade,2013/14,54,14.09,0.5512,28.1,19.04
202734,E'Twaun Moore,2013/14,79,5.77,0.4901,35.4,6.32
201947,Earl Clark,2013/14,54,4.83,0.4502,33.6,4.76
2248,Earl Watson,2013/14,24,0.46,0.3636,28.6,0.5
202334,Ed Davis,2013/14,63,4.6,0.5345,0.0,5.67
202327,Ekpe Udoh,2013/14,42,3.4,0.3986,0.0,3.43
203548,Elias Harris,2013/14,2,0.5,0.0,0.0,0.0
1882,Elton Brand,2013/14,73,4.55,0.5392,0.0,5.74
202683,Enes Freedom,2013/14,80,10.66,0.4912,0.0,12.34
202339,Eric Bledsoe,2013/14,43,12.93,0.5216,35.7,17.74
201569,Eric Gordon,2013/14,64,12.77,0.4976,39.1,15.44
201953,Eric Maynor,2013/14,31,3.26,0.3762,32.4,2.65
203513,Erik Murphy,2013/14,24,0.54,0.2308,0.0,0.25
203095,Evan Fournier,2013/14,76,7.16,0.5009,37.6,8.39
202323,Evan Turner,2013/14,81,12.6,0.4496,32.1,13.96
101128,Francisco Garcia,2013/14,55,5.35,0.5187,35.8,5.73
202066,Garrett Temple,2013/14,75,1.88,0.383,20.7,1.84
201588,George Hill,2013/14,76,8.11,0.5187,36.5,10.28
101123,Gerald Green,2013/14,82,12.27,0.5467,40.0,15.79
201945,Gerald Henderson,2013/14,77,12.08,0.4548,34.8,14.04
2222,Gerald Wallace,2013/14,58,3.97,0.5457,29.7,5.14
203540,Gigi Datome,2013/14,34,2.85,0.3866,17.9,2.44
201175,Glen Davis,2013/14,68,8.72,0.4604,36.4,9.43
203318,Glen Rice,2013/14,11,3.36,0.3649,29.4,2.91
202330,Gordon Hayward,2013/14,77,13.4,0.454,30.4,16.21
203476,Gorgui Dieng,2013/14,60,3.78,0.5,100.0,4.77
202328,Greg Monroe,2013/14,82,12.38,0.4966,0.0,15.23
201141,Greg Oden,2013/14,23,2.13,0.551,0.0,2.91
202962,Greg Smith,2013/14,11,2.55,0.6429,0.0,3.45
201880,Greg Stiemsma,2013/14,55,2.22,0.5738,0.0,2.89
202349,Greivis Vasquez,2013/14,79,8.33,0.5038,37.7,9.59
202380,Hamady Ndiaye,2013/14,14,0.64,0.3333,0.0,0.43
203084,Harrison Barnes,2013/14,78,8.71,0.4477,34.7,9.46
201934,Hasheem Thabeet,2013/14,23,1.0,0.5652,0.0,1.17
2045,Hedo Turkoglu,2013/14,38,2.87,0.4862,44.0,3.03
203156,Henry Sims,2013/14,46,5.96,0.4745,0.0,7.61
203138,Hollis Thompson,2013/14,77,4.83,0.5497,40.1,5.99
203546,Ian Clark,2013/14,23,2.91,0.4701,35.5,2.96
202697,Iman Shumpert,2013/14,74,6.54,0.4566,33.3,6.69
203477,Isaiah Canaan,2013/14,22,3.95,0.4598,32.7,4.59
202738,Isaiah Thomas,2013/14,72,15.22,0.5105,34.9,20.35
202397,Ish Smith,2013/14,70,4.01,0.4253,4.3,3.73
200826,J.J. Barea,2013/14,79,8.3,0.4428,31.6,8.35
201581,JJ Hickson,2013/14,69,9.48,0.5076,0.0,11.8
200755,JJ Redick,2013/14,35,11.37,0.5465,39.5,15.2
2747,JR Smith,2013/14,74,12.91,0.5136,39.4,14.47
201580,JaVale McGee,2013/14,5,7.6,0.4474,0.0,7.0
203109,Jae Crowder,2013/14,78,3.79,0.5236,33.1,4.56
203479,Jamaal Franklin,2013/14,21,1.86,0.4744,45.5,1.86
2224,Jamaal Tinsley,2013/14,8,2.5,0.225,6.7,1.12
2037,Jamal Crawford,2013/14,69,14.65,0.496,36.1,18.58
2749,Jameer Nelson,2013/14,68,10.99,0.4846,34.8,12.06
201935,James Harden,2013/14,73,16.51,0.529,36.6,25.36
201949,James Johnson,2013/14,52,5.92,0.5,25.3,7.38
2592,James Jones,2013/14,20,3.4,0.6618,51.9,4.85
203263,James Nunnally,2013/14,13,3.54,0.413,32.0,3.38
203099,Jared Cunningham,2013/14,13,1.62,0.3095,14.3,2.0
201162,Jared Dudley,2013/14,74,6.04,0.5291,36.0,6.91
203096,Jared Sullinger,2013/14,74,12.15,0.4583,26.9,13.27
101127,Jarrett Jack,2013/14,80,8.72,0.4549,34.1,9.5
2215,Jason Collins,2013/14,22,1.09,0.4583,0.0,1.14
101131,Jason Maxiell,2013/14,34,3.09,0.4476,0.0,3.21
201160,Jason Smith,2013/14,31,9.1,0.4645,0.0,9.71
1891,Jason Terry,2013/14,35,4.34,0.4901,37.9,4.54
201574,Jason Thompson,2013/14,82,6.05,0.506,0.0,7.15
201145,Jeff Green,2013/14,82,14.28,0.4693,34.1,16.85
201952,Jeff Teague,2013/14,79,13.16,0.474,32.9,16.51
203481,Jeff Withey,2013/14,58,2.22,0.5349,0.0,3.28
203106,Jeffery Taylor,2013/14,26,8.38,0.4174,26.9,8.0
202379,Jeremy Evans,2013/14,66,5.03,0.5271,0.0,6.08
203087,Jeremy Lamb,2013/14,78,7.81,0.5041,35.6,8.53
202391,Jeremy Lin,2013/14,71,9.32,0.5076,35.8,12.54
202719,Jeremy Tyler,2013/14,41,2.83,0.5172,0.0,3.56
979,Jermaine O'Neal,2013/14,44,5.64,0.504,0.0,7.93
201573,Jerryd Bayless,2013/14,72,8.57,0.4635,35.8,9.25
202690,Jimmer Fredette,2013/14,49,4.63,0.5595,47.6,5.57
202710,Jimmy Butler III,2013/14,67,10.34,0.4459,28.3,13.1
201149,Joakim Noah,2013/14,80,10.0,0.475,0.0,12.59
201975,Jodie Meeks,2013/14,77,11.58,0.5538,40.1,15.7
2207,Joe Johnson,2013/14,79,12.89,0.5334,40.1,15.76
200777,Joel Freeland,2013/14,52,3.12,0.4753,0.0,3.35
203089,John Henson,2013/14,70,9.13,0.5383,0.0,11.13
203098,John Jenkins,2013/14,13,3.23,0.4286,22.2,3.08
101249,John Lucas III,2013/14,42,4.52,0.3921,29.8,3.79
2422,John Salmons,2013/14,78,5.29,0.4395,38.7,5.17
202322,John Wall,2013/14,82,16.3,0.4734,35.1,19.3
202720,Jon Leuer,2013/14,49,5.02,0.5386,46.9,6.16
201973,Jonas Jerebko,2013/14,64,3.25,0.5457,41.9,4.22
202348,Jordan Crawford,2013/14,81,9.73,0.4721,31.6,10.99
202706,Jordan Hamilton,2013/14,60,6.27,0.484,35.4,6.73
201941,Jordan Hill,2013/14,72,7.24,0.5489,0.0,9.67
203268,Jorge Gutierrez,2013/14,15,3.6,0.4907,25.0,4.13
202725,Josh Harrellson,2013/14,32,2.56,0.5366,38.7,2.91
201177,Josh McRoberts,2013/14,78,7.26,0.5292,36.1,8.47
2746,Josh Smith,2013/14,77,16.01,0.4477,26.4,16.42
201950,Jrue Holiday,2013/14,34,13.35,0.4802,39.0,14.32
202933,Julyan Stone,2013/14,21,0.81,0.4706,25.0,0.86
202695,Kawhi Leonard,2013/14,66,9.77,0.576,37.9,12.79
2586,Keith Bogans,2013/14,6,1.0,0.75,50.0,2.0
203482,Kelly Olynyk,2013/14,70,7.17,0.506,35.1,8.67
202689,Kemba Walker,2013/14,73,15.66,0.4405,33.3,17.66
203088,Kendall Marshall,2013/14,54,7.76,0.4905,39.9,7.96
2570,Kendrick Perkins,2013/14,62,3.11,0.4508,0.0,3.4
202702,Kenneth Faried,2013/14,80,10.25,0.5451,0.0,13.7
203145,Kent Bazemore,2013/14,67,5.12,0.4913,33.6,6.01
203484,Kentavious Caldwell-Pope,2013/14,80,5.75,0.4598,31.9,5.88
2030,Kenyon Martin,2013/14,32,3.84,0.5122,0.0,4.28
201142,Kevin Durant,2013/14,81,20.84,0.5598,39.1,32.01
708,Kevin Garnett,2013/14,54,6.59,0.441,0.0,6.52
201567,Kevin Love,2013/14,77,18.45,0.5243,37.6,26.1
2755,Kevin Martin,2013/14,68,15.04,0.4863,38.7,19.09
202338,Kevin Seraphin,2013/14,53,4.15,0.5045,0.0,4.7
203114,Khris Middleton,2013/14,82,10.41,0.5105,41.4,12.07
2550,Kirk Hinrich,2013/14,73,8.48,0.4612,35.1,9.12
202691,Klay Thompson,2013/14,81,15.54,0.5326,41.7,18.37
977,Kobe Bryant,2013/14,6,12.17,0.4452,18.8,13.83
201585,Kosta Koufos,2013/14,80,5.74,0.4946,0.0,6.42
2743,Kris Humphries,2013/14,69,6.68,0.5011,0.0,8.39
2594,Kyle Korver,2013/14,71,8.58,0.6264,47.2,11.97
200768,Kyle Lowry,2013/14,79,13.67,0.5111,38.0,17.94
203124,Kyle O'Quinn,2013/14,69,5.38,0.5013,0.0,6.22
202681,Kyrie Irving,2013/14,71,17.42,0.4798,35.8,20.82
202362,Lance Stephenson,2013/14,78,11.15,0.5402,35.2,13.85
202498,Lance Thomas,2013/14,5,1.8,0.2222,0.0,1.2
202361,Landry Fields,2013/14,30,2.23,0.403,0.0,2.27
202336,Larry Sanders,2013/14,23,7.04,0.4691,0.0,7.74
2544,LeBron James,2013/14,77,17.57,0.6098,37.9,27.13
2571,Leandro Barbosa,2013/14,20,6.55,0.4542,28.0,7.5
203485,Lorenzo Brown,2013/14,26,3.31,0.3198,10.0,2.46
101150,Lou Williams,2013/14,60,8.22,0.4797,34.2,10.42
201601,Luc Mbah a Moute,2013/14,64,3.02,0.4611,23.5,3.5
2449,Luis Scola,2013/14,82,6.83,0.4705,14.3,7.63
2557,Luke Ridnour,2013/14,61,5.36,0.4419,34.3,5.02
2736,Luol Deng,2013/14,63,13.65,0.4645,30.2,16.05
203146,Maalik Wayns,2013/14,2,1.0,0.5,0.0,1.0
202952,Malcolm Thomas,2013/14,8,2.0,0.4688,25.0,1.88
202412,Manny Harris,2013/14,9,7.78,0.45,35.0,8.11
1938,Manu Ginobili,2013/14,68,9.22,0.5407,34.9,12.32
201158,Marco Belinelli,2013/14,80,8.69,0.5755,43.0,11.39
202694,Marcus Morris Sr.,2013/14,82,7.94,0.5184,38.1,9.71
201977,Marcus Thornton,2013/14,72,8.88,0.4797,34.5,9.76
201596,Mario Chalmers,2013/14,73,7.67,0.5312,38.5,9.81
202693,Markieff Morris,2013/14,81,10.43,0.5065,31.5,13.77
203104,Marquis Teague,2013/14,40,2.98,0.3403,27.8,2.67
201578,Marreese Speights,2013/14,79,5.59,0.4502,25.8,6.43
101110,Martell Webster,2013/14,78,7.53,0.5571,39.2,9.73
101107,Marvin Williams,2013/14,66,7.97,0.519,35.9,9.14
203486,Mason Plumlee,2013/14,70,4.31,0.6589,0.0,7.43
2440,Matt Barnes,2013/14,63,8.37,0.5304,34.3,9.92
2588,Matt Bonner,2013/14,61,2.69,0.5732,42.9,3.23
203521,Matthew Dellavedova,2013/14,72,4.11,0.5084,36.8,4.71
203090,Maurice Harkless,2013/14,80,6.04,0.5248,38.3,7.4
2408,Melvin Ely,2013/14,2,3.0,0.5,0.0,3.0
1897,Metta World Peace,2013/14,29,4.86,0.4574,31.5,4.79
203086,Meyers Leonard,2013/14,40,2.27,0.4505,0.0,2.45
201563,Michael Beasley,2013/14,55,6.45,0.5282,38.9,7.93
203487,Michael Carter-Williams,2013/14,70,15.06,0.4312,26.4,16.67
203077,Michael Kidd-Gilchrist,2013/14,62,5.69,0.4745,11.1,7.23
201144,Mike Conley,2013/14,73,14.11,0.5005,36.1,17.21
2399,Mike Dunleavy,2013/14,82,9.44,0.5097,38.0,11.33
200839,Mike Harris,2013/14,20,3.05,0.4754,0.0,4.2
2229,Mike James,2013/14,11,1.91,0.2619,20.0,1.0
2034,Mike Miller,2013/14,82,5.4,0.6016,45.9,7.06
203488,Mike Muscala,2013/14,20,3.65,0.4247,0.0,3.8
203118,Mike Scott,2013/14,80,7.85,0.5287,31.0,9.59
203101,Miles Plumlee,2013/14,80,6.91,0.5172,0.0,8.07
2590,Mo Williams,2013/14,74,9.08,0.4784,36.9,9.74
101145,Monta Ellis,2013/14,82,15.59,0.4777,33.0,19.02
201986,Nando De Colo,2013/14,47,3.26,0.4771,34.0,3.77
101126,Nate Robinson,2013/14,44,8.7,0.5039,37.7,10.39
203489,Nate Wolters,2013/14,58,6.71,0.4602,29.0,7.19
1737,Nazr Mohammed,2013/14,80,1.57,0.4286,0.0,1.55
2403,Nene,2013/14,53,11.21,0.5042,20.0,14.23
201979,Nick Calathes,2013/14,71,4.38,0.4871,31.1,4.89
2555,Nick Collison,2013/14,81,2.98,0.5643,23.5,4.17
201156,Nick Young,2013/14,64,13.89,0.5112,38.6,17.88
202696,Nikola Vučević,2013/14,57,12.21,0.5072,0.0,14.23
202708,Norris Cole,2013/14,82,6.1,0.474,34.5,6.43
201564,O.J. Mayo,2013/14,52,10.58,0.4836,37.0,11.69
201956,Omri Casspi,2013/14,71,5.77,0.4963,34.7,6.9
203111,Orlando Johnson,2013/14,45,2.51,0.3584,19.1,2.22
201785,Othyus Jeffers,2013/14,6,1.0,0.5,0.0,1.5
203490,Otto Porter Jr.,2013/14,37,2.46,0.3846,19.0,2.11
200782,P.J. Tucker,2013/14,81,7.59,0.4911,38.7,9.38
203143,Pablo Prigioni,2013/14,66,2.89,0.6309,46.4,3.82
201976,Patrick Beverley,2013/14,56,8.59,0.5094,36.1,10.23
202335,Patrick Patterson,2013/14,65,7.52,0.5164,36.4,8.54
201988,Patty Mills,2013/14,81,8.22,0.5653,42.5,10.2
2200,Pau Gasol,2013/14,60,14.75,0.4825,28.6,17.35
202331,Paul George,2013/14,80,17.02,0.4905,36.4,21.71
200794,Paul Millsap,2013/14,74,14.15,0.4976,35.8,17.95
1718,Paul Pierce,2013/14,75,9.49,0.5295,37.3,13.47
203103,Perry Jones III,2013/14,62,2.92,0.5193,36.1,3.48
203491,Peyton Siva,2013/14,24,2.38,0.3772,28.0,2.25
203515,Phil Pressey,2013/14,75,3.37,0.3636,26.4,2.84
203113,Quincy Miller,2013/14,52,4.92,0.4258,31.9,4.94
202347,Quincy Pondexter,2013/14,15,5.27,0.462,32.4,6.27
200765,Rajon Rondo,2013/14,30,11.67,0.44,28.9,11.67
201196,Ramon Sessions,2013/14,83,9.27,0.4519,28.2,12.3
200751,Randy Foye,2013/14,81,10.8,0.5206,38.0,13.19
1740,Rashard Lewis,2013/14,60,3.93,0.5127,34.3,4.47
2446,Rasual Butler,2013/14,50,2.2,0.5818,41.9,2.72
203492,Ray McCallum,2013/14,45,6.67,0.4133,37.3,6.22
101109,Raymond Felton,2013/14,65,9.35,0.4457,31.8,9.69
203493,Reggie Bullock Jr.,2013/14,43,2.81,0.4463,30.1,2.67
2501,Reggie Evans,2013/14,54,2.78,0.4733,0.0,3.96
202704,Reggie Jackson,2013/14,80,11.45,0.4853,33.9,13.09
2210,Richard Jefferson,2013/14,82,7.98,0.5436,40.9,10.13
203495,Ricky Ledo,2013/14,11,1.55,0.4412,37.5,1.73
201937,Ricky Rubio,2013/14,82,8.17,0.4134,33.1,9.52
203133,Robbie Hummel,2013/14,53,3.34,0.4689,36.0,3.42
203496,Robert Covington,2013/14,7,2.0,0.5714,36.4,2.29
203135,Robert Sacre,2013/14,65,4.62,0.4767,0.0,5.38
201577,Robin Lopez,2013/14,82,7.85,0.5512,0.0,11.07
201155,Rodney Stuckey,2013/14,73,11.68,0.4502,27.3,13.86
2427,Roger Mason Jr.,2013/14,25,2.68,0.5,35.4,2.96
200758,Ronnie Brewer,2013/14,24,0.62,0.2333,12.5,0.29
101179,Ronnie Price,2013/14,31,2.97,0.3533,20.9,2.39
101142,Ronny Turiaf,2013/14,31,3.45,0.5981,0.0,4.81
201579,Roy Hibbert,2013/14,81,9.31,0.4403,40.0,10.75
2767,Royal Ivey,2013/14,2,1.0,0.0,0.0,0.0
203091,Royce White,2013/14,3,0.33,0.0,0.0,0.0
200752,Rudy Gay,2013/14,73,16.15,0.483,33.0,19.96
203497,Rudy Gobert,2013/14,45,1.64,0.4865,0.0,2.31
201566,Russell Westbrook,2013/14,46,17.2,0.4804,31.8,21.78
200797,Ryan Hollins,2013/14,61,1.18,0.7361,0.0,2.31
203527,Ryan Kelly,2013/14,59,6.29,0.4879,33.8,8.0
2223,Samuel Dalembert,2013/14,80,4.71,0.5676,0.0,6.61
2756,Sasha Vujacic,2013/14,2,2.5,0.5,50.0,2.5
203816,Scotty Hopson,2013/14,2,2.0,0.0,0.0,0.5
201586,Serge Ibaka,2013/14,81,12.07,0.5475,38.3,15.15
203508,Sergey Karasev,2013/14,22,1.59,0.4,21.1,1.68
203552,Seth Curry,2013/14,2,1.5,0.5,100.0,1.5
203498,Shabazz Muhammad,2013/14,37,3.35,0.4718,27.3,3.86
2203,Shane Battier,2013/14,73,3.77,0.5145,34.8,4.08
202197,Shane Edwards,2013/14,2,1.5,0.3333,0.0,1.0
203499,Shane Larkin,2013/14,48,2.85,0.4234,31.6,2.75
200769,Shannon Brown,2013/14,29,2.28,0.3636,0.0,2.17
2733,Shaun Livingston,2013/14,76,6.41,0.4836,16.7,8.28
101183,Shavlik Randolph,2013/14,14,1.0,0.5,0.0,1.43
1890,Shawn Marion,2013/14,76,9.32,0.5226,35.8,10.41
200761,Shawne Williams,2013/14,36,5.33,0.4896,32.6,5.61
202714,Shelvin Mack,2013/14,73,6.86,0.479,33.7,7.45
203524,Solomon Hill,2013/14,28,1.43,0.5125,30.4,1.68
200780,Solomon Jones,2013/14,11,1.55,0.3529,0.0,1.27
201150,Spencer Hawes,2013/14,80,11.04,0.5289,41.6,13.16
201939,Stephen Curry,2013/14,78,17.73,0.5658,42.4,24.01
1536,Stephen Jackson,2013/14,9,2.89,0.25,7.1,1.67
2581,Steve Blake,2013/14,55,6.42,0.4887,37.6,6.87
959,Steve Nash,2013/14,15,6.27,0.4255,33.3,6.8
200779,Steve Novak,2013/14,54,2.7,0.589,42.6,3.3
201959,Taj Gibson,2013/14,82,10.93,0.4788,0.0,13.04
2419,Tayshaun Prince,2013/14,76,6.47,0.4268,29.0,5.97
203093,Terrence Jones,2013/14,76,9.37,0.5639,30.7,12.12
203082,Terrence Ross,2013/14,81,9.27,0.5306,39.5,10.85
201152,Thaddeus Young,2013/14,79,16.24,0.4887,30.8,17.94
203080,Thomas Robinson,2013/14,70,4.19,0.4812,0.0,4.84
1495,Tim Duncan,2013/14,74,12.24,0.4901,0.0,15.12
203501,Tim Hardaway Jr.,2013/14,81,8.48,0.5226,36.3,10.17
202699,Tobias Harris,2013/14,61,11.74,0.486,25.4,14.64
201962,Toney Douglas,2013/14,51,3.73,0.4658,30.4,3.96
203502,Tony Mitchell,2013/14,21,0.57,0.4583,100.0,1.05
203183,Tony Mitchell,2013/14,3,1.67,0.6,0.0,2.0
2225,Tony Parker,2013/14,68,13.44,0.5126,37.3,16.68
203503,Tony Snell,2013/14,77,4.36,0.4688,32.0,4.49
203100,Tony Wroten,2013/14,72,11.22,0.4517,21.3,13.04
203315,Toure' Murry,2013/14,51,2.53,0.4535,41.7,2.75
2566,Travis Outlaw,2013/14,63,5.17,0.4617,35.0,5.44
202344,Trevor Booker,2013/14,72,5.6,0.5509,0.0,6.82
203504,Trey Burke,2013/14,70,12.81,0.442,33.0,12.79
202684,Tristan Thompson,2013/14,82,9.28,0.477,0.0,11.72
203584,Troy Daniels,2013/14,5,6.2,0.6774,48.0,8.4
201946,Tyler Hansbrough,2013/14,64,3.06,0.4745,0.0,4.88
203092,Tyler Zeller,2013/14,70,4.14,0.5379,0.0,5.7
201936,Tyreke Evans,2013/14,72,12.46,0.4476,22.1,14.47
203116,Tyshawn Taylor,2013/14,23,3.96,0.3571,25.0,3.87
2199,Tyson Chandler,2013/14,55,5.85,0.5932,0.0,8.73
2617,Udonis Haslem,2013/14,46,3.17,0.5068,0.0,3.76
203505,Vander Blue,2013/14,3,1.33,0.5,0.0,1.67
201964,Victor Claver,2013/14,21,2.0,0.4405,16.7,2.24
203506,Victor Oladipo,2013/14,80,11.7,0.4583,32.7,13.82
1713,Vince Carter,2013/14,81,10.01,0.4969,39.4,11.94
203543,Vitor Faverani,2013/14,37,3.97,0.4762,30.0,4.43
201961,Wayne Ellington,2013/14,45,2.8,0.5357,42.4,3.22
202325,Wesley Johnson,2013/14,79,8.24,0.5023,36.9,9.05
202083,Wesley Matthews,2013/14,82,12.3,0.5406,39.3,16.38
203115,Will Barton,2013/14,41,3.8,0.4487,30.3,4.05
2584,Willie Green,2013/14,55,4.93,0.452,33.9,4.96
201163,Wilson Chandler,2013/14,62,11.9,0.4986,34.8,13.65
202333,Xavier Henry,2013/14,43,8.02,0.458,34.6,10.05
2216,Zach Randolph,2013/14,79,15.16,0.4683,10.0,17.37
201985,AJ Price,2014/15,26,5.27,0.427,26.3,5.12
201166,Aaron Brooks,2014/15,82,9.96,0.4951,38.7,11.63
203932,Aaron Gordon,2014/15,47,4.43,0.4784,27.1,5.17
203940,Adreian Payne,2014/15,32,6.88,0.4159,11.1,6.66
201143,Al Horford,2014/15,76,12.7,0.5435,30.6,15.21
2744,Al Jefferson,2014/15,65,15.54,0.4822,40.0,16.65
202692,Alec Burks,2014/15,27,11.11,0.4467,38.2,13.85
203945,Alex Kirk,2014/15,5,0.8,0.25,0.0,0.8
203458,Alex Len,2014/15,69,5.12,0.5085,33.3,6.26
203144,Alexey Shved,2014/15,42,7.98,0.4672,33.8,10.33
203459,Allen Crabbe,2014/15,51,3.0,0.5098,35.3,3.29
2405,Amar'e Stoudemire,2014/15,59,8.31,0.5571,0.0,11.53
101161,Amir Johnson,2014/15,75,6.92,0.5925,41.3,9.25
203958,Andre Dawkins,2014/15,4,1.5,0.25,16.7,0.75
203083,Andre Drummond,2014/15,82,11.72,0.514,0.0,13.78
2738,Andre Iguodala,2014/15,77,6.44,0.5403,34.9,7.84
1889,Andre Miller,2014/15,81,3.58,0.5121,20.6,4.38
203460,Andre Roberson,2014/15,67,3.0,0.51,24.7,3.4
101106,Andrew Bogut,2014/15,67,5.3,0.5634,0.0,6.3
203094,Andrew Nicholson,2014/15,40,4.75,0.4711,31.7,4.85
203952,Andrew Wiggins,2014/15,82,13.87,0.4543,31.0,16.91
203076,Anthony Davis,2014/15,68,17.63,0.5359,8.3,24.35
201627,Anthony Morrow,2014/15,74,8.31,0.578,43.4,10.68
201229,Anthony Tolliver,2014/15,76,5.17,0.5445,36.6,6.34
203462,Archie Goodwin,2014/15,41,4.9,0.4229,29.3,5.63
201948,Austin Daye,2014/15,34,4.15,0.4397,33.8,3.79
203085,Austin Rivers,2014/15,76,6.53,0.4486,29.8,6.97
202340,Avery Bradley,2014/15,77,13.16,0.4896,35.2,13.91
2732,Ben Gordon,2014/15,56,5.27,0.4966,36.1,6.23
203463,Ben McLemore,2014/15,82,10.13,0.5211,35.8,12.15
203108,Bernard James,2014/15,16,1.69,0.4444,0.0,2.75
202687,Bismack Biyombo,2014/15,64,2.91,0.543,0.0,4.75
201933,Blake Griffin,2014/15,67,17.07,0.5061,40.0,21.93
203078,Bradley Beal,2014/15,63,13.51,0.4888,40.9,15.27
201148,Brandan Wright,2014/15,75,4.84,0.6419,0.0,7.25
101138,Brandon Bass,2014/15,82,8.33,0.5102,28.1,10.56
203561,Brandon Davies,2014/15,27,5.07,0.4307,23.5,5.26
202688,Brandon Knight,2014/15,63,14.1,0.4927,38.9,16.98
201575,Brandon Rush,2014/15,33,1.64,0.2315,11.1,0.91
2217,Brendan Haywood,2014/15,22,1.36,0.4667,0.0,1.59
203148,Brian Roberts,2014/15,72,6.28,0.458,32.1,6.67
201572,Brook Lopez,2014/15,72,13.71,0.5132,10.0,17.17
203998,Bruno Caboclo,2014/15,8,1.5,0.4167,66.7,1.25
203955,Bryce Cotton,2014/15,15,4.6,0.471,35.0,5.33
201228,C.J. Watson,2014/15,57,7.32,0.518,40.0,10.0
203912,C.J. Wilcox,2014/15,21,1.81,0.5132,36.8,1.95
203468,CJ McCollum,2014/15,62,5.89,0.511,39.6,6.84
101139,CJ Miles,2014/15,70,11.81,0.4909,34.5,13.46
201171,Carl Landry,2014/15,70,5.27,0.5149,0.0,7.19
2430,Carlos Boozer,2014/15,71,10.46,0.4993,0.0,11.77
2406,Caron Butler,2014/15,78,5.08,0.5114,37.9,5.9
201858,Cartier Martin,2014/15,23,2.3,0.3396,18.2,1.57
202718,Chandler Parsons,2014/15,66,12.56,0.5416,38.0,15.71
101112,Channing Frye,2014/15,75,6.49,0.5318,39.3,7.32
101111,Charlie Villanueva,2014/15,64,5.66,0.529,37.6,6.3
201978,Chase Budinger,2014/15,67,5.82,0.5,36.4,6.82
2547,Chris Bosh,2014/15,44,16.93,0.5027,37.5,21.09
203142,Chris Copeland,2014/15,50,6.2,0.4452,31.1,6.18
201604,Chris Douglas-Roberts,2014/15,12,1.75,0.2619,14.3,1.58
203187,Chris Johnson,2014/15,29,5.31,0.4935,29.5,5.72
2549,Chris Kaman,2014/15,74,7.42,0.5155,0.0,8.62
101108,Chris Paul,2014/15,82,14.27,0.5449,39.8,19.07
101236,Chuck Hayes,2014/15,29,1.59,0.4783,0.0,1.72
203921,Cleanthony Early,2014/15,39,5.49,0.4065,26.2,5.38
203469,Cody Zeller,2014/15,62,6.02,0.4625,100.0,7.61
201147,Corey Brewer,2014/15,80,10.06,0.4652,26.8,11.46
203928,Cory Jefferson,2014/15,50,3.34,0.4551,13.3,3.66
202709,Cory Joseph,2014/15,79,5.2,0.5231,36.4,6.77
201584,Courtney Lee,2014/15,77,8.35,0.5179,40.2,10.09
2563,Dahntay Jones,2014/15,33,0.64,0.2857,0.0,0.64
203081,Damian Lillard,2014/15,82,16.59,0.5059,34.3,20.98
101122,Danny Granger,2014/15,30,5.4,0.4938,35.7,6.27
201967,Dante Cunningham,2014/15,66,5.14,0.4587,10.0,5.15
203957,Dante Exum,2014/15,82,5.07,0.4483,31.4,4.79
202721,Darius Morris,2014/15,38,2.79,0.3726,21.2,2.18
201954,Darren Collison,2014/15,45,12.22,0.5273,37.3,16.11
101135,David Lee,2014/15,49,6.39,0.5112,0.0,7.92
204065,David Stockton,2014/15,3,2.0,0.4167,50.0,2.67
204033,David Wear,2014/15,2,1.0,0.0,0.0,0.0
2561,David West,2014/15,66,10.39,0.4738,20.0,11.65
201599,DeAndre Jordan,2014/15,82,6.51,0.7107,25.0,11.54
201971,DeJuan Blair,2014/15,29,1.97,0.4561,0.0,1.93
201942,DeMar DeRozan,2014/15,60,16.5,0.4258,28.4,20.07
202326,DeMarcus Cousins,2014/15,59,18.07,0.4681,25.0,24.08
201960,DeMarre Carroll,2014/15,70,9.33,0.5789,39.5,12.61
203471,Dennis Schröder,2014/15,77,8.64,0.4662,35.1,9.97
101114,Deron Williams,2014/15,68,11.34,0.4429,36.7,13.0
202324,Derrick Favors,2014/15,74,12.41,0.5256,16.7,16.04
201565,Derrick Rose,2014/15,51,16.37,0.4503,28.0,17.73
202682,Derrick Williams,2014/15,74,6.55,0.4979,31.4,8.34
2734,Devin Harris,2014/15,76,6.89,0.5086,35.7,8.75
203906,Devyn Marble,2014/15,16,2.75,0.3636,18.2,2.31
203473,Dewayne Dedmon,2014/15,59,2.75,0.5617,0.0,3.66
203079,Dion Waiters,2014/15,80,11.82,0.435,29.7,11.75
1717,Dirk Nowitzki,2014/15,77,13.79,0.5075,38.0,17.31
202388,Donald Sloan,2014/15,53,6.7,0.4662,31.3,7.38
2748,Dorell Wright,2014/15,48,3.96,0.4868,38.0,4.56
203926,Doug McDermott,2014/15,36,2.97,0.4626,31.7,3.03
203110,Draymond Green,2014/15,79,9.68,0.5157,33.7,11.66
2400,Drew Gooden,2014/15,51,5.41,0.4402,39.0,5.43
204079,Drew Gordon,2014/15,9,2.11,0.4211,0.0,1.89
2730,Dwight Howard,2014/15,41,10.32,0.5946,50.0,15.76
203939,Dwight Powell,2014/15,29,2.31,0.4851,27.3,3.1
2548,Dwyane Wade,2014/15,62,17.48,0.4829,28.4,21.47
202734,E'Twaun Moore,2014/15,56,2.48,0.4928,34.2,2.66
2853,Earl Barron,2014/15,16,2.44,0.3333,50.0,2.0
201947,Earl Clark,2014/15,10,3.0,0.4333,28.6,2.7
202334,Ed Davis,2014/15,79,5.94,0.6013,0.0,8.3
202327,Ekpe Udoh,2014/15,33,0.73,0.4583,0.0,0.88
203901,Elfrid Payton,2014/15,82,8.63,0.4329,26.2,8.91
202407,Elijah Millsap,2014/15,47,5.06,0.3992,31.1,5.28
1882,Elton Brand,2014/15,36,2.64,0.4421,0.0,2.67
202683,Enes Freedom,2014/15,75,12.37,0.528,35.6,15.51
202339,Eric Bledsoe,2014/15,81,12.91,0.4895,32.4,17.0
201569,Eric Gordon,2014/15,61,11.38,0.5122,44.8,13.41
203961,Eric Moreland,2014/15,3,0.33,1.0,0.0,0.67
203475,Erick Green,2014/15,43,3.77,0.4198,29.8,3.4
203095,Evan Fournier,2014/15,58,9.91,0.5139,37.8,12.03
202323,Evan Turner,2014/15,82,9.1,0.4511,27.7,9.5
203105,Festus Ezeli,2014/15,46,3.02,0.5468,0.0,4.37
101128,Francisco Garcia,2014/15,14,4.5,0.3492,22.2,3.21
202066,Garrett Temple,2014/15,52,3.27,0.4971,37.5,3.92
203914,Gary Harris,2014/15,55,3.95,0.3525,20.4,3.42
201588,George Hill,2014/15,43,12.44,0.5411,35.8,16.09
101123,Gerald Green,2014/15,74,10.51,0.5045,35.4,11.95
201945,Gerald Henderson,2014/15,80,10.59,0.4634,33.1,12.11
2222,Gerald Wallace,2014/15,32,1.06,0.4265,33.3,1.09
203540,Gigi Datome,2014/15,21,4.24,0.5843,45.0,5.0
201175,Glen Davis,2014/15,74,3.45,0.4588,0.0,3.97
203318,Glen Rice,2014/15,5,3.0,0.2333,14.3,2.2
203922,Glenn Robinson III,2014/15,35,1.91,0.4254,26.3,2.09
202330,Gordon Hayward,2014/15,76,14.3,0.5005,36.4,19.25
203476,Gorgui Dieng,2014/15,73,7.01,0.5068,16.7,9.73
203511,Grant Jerrett,2014/15,8,3.25,0.2885,6.7,2.0
202328,Greg Monroe,2014/15,69,12.36,0.4959,0.0,15.91
202962,Greg Smith,2014/15,42,1.17,0.6122,0.0,1.9
201880,Greg Stiemsma,2014/15,17,0.47,0.75,0.0,0.82
202349,Greivis Vasquez,2014/15,82,8.84,0.5,37.9,9.45
203084,Harrison Barnes,2014/15,82,8.0,0.548,40.5,10.09
202355,Hassan Whiteside,2014/15,48,8.06,0.6279,0.0,11.75
2045,Hedo Turkoglu,2014/15,62,3.03,0.6011,43.2,3.74
203156,Henry Sims,2014/15,73,6.88,0.4781,18.2,8.03
201611,Henry Walker,2014/15,24,7.0,0.4792,34.1,7.29
203138,Hollis Thompson,2014/15,71,7.65,0.5184,40.1,8.82
203546,Ian Clark,2014/15,30,1.83,0.4364,33.3,1.9
202697,Iman Shumpert,2014/15,62,7.6,0.4809,34.2,8.0
203477,Isaiah Canaan,2014/15,47,8.04,0.5066,37.0,9.19
202738,Isaiah Thomas,2014/15,67,11.88,0.5019,37.3,16.43
202397,Ish Smith,2014/15,55,6.67,0.4142,30.0,6.15
200826,J.J. Barea,2014/15,77,6.96,0.4701,32.3,7.53
201581,JJ Hickson,2014/15,73,6.29,0.4749,0.0,7.56
200755,JJ Redick,2014/15,78,12.03,0.5832,43.7,16.37
2747,JR Smith,2014/15,70,10.79,0.5252,38.3,12.1
203960,JaKarr Sampson,2014/15,74,4.68,0.4668,24.4,5.22
203210,JaMychal Green,2014/15,24,1.96,0.5745,0.0,2.58
201580,JaVale McGee,2014/15,23,3.43,0.5316,0.0,4.61
203913,Jabari Brown,2014/15,19,8.95,0.4794,37.1,11.95
203953,Jabari Parker,2014/15,25,10.52,0.4981,25.0,12.32
203109,Jae Crowder,2014/15,82,6.65,0.4761,29.3,7.66
203479,Jamaal Franklin,2014/15,3,0.67,0.75,50.0,1.0
2037,Jamal Crawford,2014/15,64,13.11,0.4666,32.7,15.78
2749,Jameer Nelson,2014/15,63,8.0,0.495,34.5,8.3
203516,James Ennis III,2014/15,62,3.98,0.4717,32.6,5.03
201935,James Harden,2014/15,81,18.15,0.5109,37.5,27.37
201949,James Johnson,2014/15,70,5.77,0.6027,21.6,7.91
2592,James Jones,2014/15,57,3.53,0.5249,36.0,4.39
203949,James Michael McAdoo,2014/15,15,2.93,0.5455,0.0,4.13
203923,James Young,2014/15,31,3.29,0.4363,25.8,3.39
203099,Jared Cunningham,2014/15,19,1.74,0.4242,30.8,1.84
201162,Jared Dudley,2014/15,72,5.88,0.5556,38.5,7.19
203096,Jared Sullinger,2014/15,58,12.21,0.476,28.3,13.28
203950,Jarnell Stokes,2014/15,19,1.95,0.5676,0.0,3.0
101127,Jarrett Jack,2014/15,80,10.21,0.4633,26.7,11.96
101131,Jason Maxiell,2014/15,61,3.15,0.4219,0.0,3.33
2202,Jason Richardson,2014/15,19,9.37,0.4354,32.3,9.05
201160,Jason Smith,2014/15,82,7.22,0.4468,35.7,8.0
1891,Jason Terry,2014/15,77,5.79,0.5628,39.0,7.03
201574,Jason Thompson,2014/15,81,5.28,0.4696,0.0,6.06
201145,Jeff Green,2014/15,78,12.4,0.4804,33.2,14.97
201952,Jeff Teague,2014/15,73,12.15,0.5,34.3,15.92
203481,Jeff Withey,2014/15,37,1.73,0.5,0.0,2.65
203106,Jeffery Taylor,2014/15,29,3.93,0.443,30.6,4.38
203924,Jerami Grant,2014/15,65,5.42,0.4219,31.4,6.32
202077,Jerel McNeal,2014/15,6,1.83,0.3182,50.0,1.5
202379,Jeremy Evans,2014/15,38,1.53,0.569,40.0,2.37
203087,Jeremy Lamb,2014/15,47,5.32,0.492,34.2,6.28
202391,Jeremy Lin,2014/15,74,8.84,0.4732,36.9,11.24
202366,Jerome Jordan,2014/15,44,2.14,0.5319,0.0,3.14
201573,Jerryd Bayless,2014/15,77,6.7,0.4622,30.8,7.77
202690,Jimmer Fredette,2014/15,50,3.32,0.4066,18.8,3.56
202710,Jimmy Butler III,2014/15,65,14.03,0.5016,37.8,20.02
201149,Joakim Noah,2014/15,67,6.37,0.445,0.0,7.24
201975,Jodie Meeks,2014/15,60,8.9,0.485,34.9,11.05
203925,Joe Harris,2014/15,51,2.35,0.5292,36.9,2.67
2207,Joe Johnson,2014/15,80,12.81,0.4941,35.9,14.43
200777,Joel Freeland,2014/15,48,3.15,0.4901,0.0,3.52
201595,Joey Dorsey,2014/15,69,2.1,0.5517,0.0,2.67
203530,Joffrey Lauvergne,2014/15,24,3.71,0.4213,18.8,3.88
203089,John Henson,2014/15,67,5.16,0.5665,0.0,7.01
203098,John Jenkins,2014/15,24,4.12,0.601,40.4,5.62
101249,John Lucas III,2014/15,21,4.95,0.4471,31.0,4.67
2422,John Salmons,2014/15,21,2.29,0.4167,30.8,2.0
202322,John Wall,2014/15,79,14.76,0.473,30.0,17.56
203948,Johnny O'Bryant III,2014/15,34,3.53,0.3667,0.0,2.94
202720,Jon Leuer,2014/15,63,4.33,0.456,24.1,4.54
201973,Jonas Jerebko,2014/15,75,5.05,0.5172,38.6,5.97
203903,Jordan Clarkson,2014/15,59,10.1,0.4799,31.4,11.92
202706,Jordan Hamilton,2014/15,14,2.5,0.5429,47.6,2.71
201941,Jordan Hill,2014/15,70,11.1,0.4614,27.3,12.01
203268,Jorge Gutierrez,2014/15,20,2.05,0.5366,0.0,2.65
201177,Josh McRoberts,2014/15,17,3.12,0.6038,42.1,4.24
2746,Josh Smith,2014/15,83,11.89,0.4559,31.6,12.37
201950,Jrue Holiday,2014/15,40,13.35,0.4934,37.8,14.8
203944,Julius Randle,2014/15,1,3.0,0.3333,0.0,2.0
203200,Justin Holiday,2014/15,59,3.98,0.4617,32.1,4.31
203909,KJ McDaniels,2014/15,62,7.0,0.4459,28.7,7.85
203564,Kalin Lucas,2014/15,1,1.0,0.0,0.0,0.0
202695,Kawhi Leonard,2014/15,64,12.84,0.5201,34.9,16.52
203482,Kelly Olynyk,2014/15,64,8.25,0.5331,34.9,10.25
202689,Kemba Walker,2014/15,62,15.82,0.4286,30.4,17.34
203088,Kendall Marshall,2014/15,28,3.61,0.5446,39.1,4.21
2570,Kendrick Perkins,2014/15,68,3.34,0.4493,0.0,3.62
202702,Kenneth Faried,2014/15,75,9.81,0.5075,12.5,12.61
203145,Kent Bazemore,2014/15,75,4.41,0.4985,36.4,5.2
203484,Kentavious Caldwell-Pope,2014/15,82,11.85,0.4799,34.5,12.72
2030,Kenyon Martin,2014/15,11,2.0,0.4091,0.0,1.82
201142,Kevin Durant,2014/15,27,17.3,0.5782,40.3,25.41
708,Kevin Garnett,2014/15,47,6.51,0.469,14.3,6.87
201567,Kevin Love,2014/15,75,12.69,0.5095,36.7,16.37
2755,Kevin Martin,2014/15,39,16.03,0.4872,39.3,19.97
202338,Kevin Seraphin,2014/15,79,5.7,0.5133,0.0,6.58
203114,Khris Middleton,2014/15,79,11.0,0.5299,40.7,13.35
2550,Kirk Hinrich,2014/15,66,5.77,0.4488,34.5,5.71
202691,Klay Thompson,2014/15,77,16.87,0.5554,43.9,21.66
977,Kobe Bryant,2014/15,35,20.37,0.4109,29.3,22.34
201585,Kosta Koufos,2014/15,81,4.42,0.5084,0.0,5.17
203123,Kostas Papanikolaou,2014/15,43,4.58,0.4289,29.2,4.23
2743,Kris Humphries,2014/15,64,6.97,0.4731,0.0,7.95
2594,Kyle Korver,2014/15,75,8.0,0.6708,49.2,12.15
200768,Kyle Lowry,2014/15,70,14.9,0.4756,33.8,17.77
203124,Kyle O'Quinn,2014/15,51,4.75,0.5165,27.9,5.76
202681,Kyrie Irving,2014/15,75,16.47,0.5316,41.5,21.71
202362,Lance Stephenson,2014/15,61,9.02,0.3927,17.1,8.21
202498,Lance Thomas,2014/15,62,7.13,0.4197,31.8,7.15
202361,Landry Fields,2014/15,26,1.58,0.5,50.0,1.77
204038,Langston Galloway,2014/15,45,11.36,0.4599,35.2,11.84
203580,Larry Drew II,2014/15,12,4.83,0.3793,15.4,3.83
202336,Larry Sanders,2014/15,27,6.37,0.5,0.0,7.26
2544,LeBron James,2014/15,69,18.54,0.5348,35.4,25.26
2571,Leandro Barbosa,2014/15,66,5.85,0.5298,38.4,7.08
201991,Lester Hudson,2014/15,5,2.8,0.5357,50.0,3.6
203485,Lorenzo Brown,2014/15,29,4.21,0.4508,21.4,4.21
101150,Lou Williams,2014/15,80,11.6,0.486,34.0,15.53
201601,Luc Mbah a Moute,2014/15,67,9.49,0.4434,30.7,9.85
203512,Lucas Nogueira,2014/15,6,1.33,0.25,0.0,1.0
2449,Luis Scola,2014/15,81,7.93,0.4712,25.0,9.42
2557,Luke Ridnour,2014/15,47,3.74,0.483,31.7,4.0
2736,Luol Deng,2014/15,72,10.93,0.5184,35.5,13.99
202723,Malcolm Lee,2014/15,1,1.0,0.0,0.0,0.0
202952,Malcolm Thomas,2014/15,17,2.35,0.45,0.0,2.65
1938,Manu Ginobili,2014/15,70,8.41,0.5017,34.5,10.54
201158,Marco Belinelli,2014/15,62,7.58,0.5149,37.4,9.16
202694,Marcus Morris Sr.,2014/15,81,9.42,0.5072,35.8,10.43
203935,Marcus Smart,2014/15,67,7.12,0.4623,33.5,7.81
201977,Marcus Thornton,2014/15,48,7.19,0.4841,37.8,7.92
201596,Mario Chalmers,2014/15,80,8.29,0.4578,29.4,10.16
203900,Markel Brown,2014/15,47,4.47,0.4024,26.6,4.6
202693,Markieff Morris,2014/15,82,13.41,0.4914,31.8,15.34
201578,Marreese Speights,2014/15,76,8.5,0.4961,27.8,10.41
101110,Martell Webster,2014/15,32,2.84,0.3187,23.3,3.31
101107,Marvin Williams,2014/15,78,6.35,0.5202,35.8,7.4
203486,Mason Plumlee,2014/15,82,5.96,0.5726,0.0,8.74
2440,Matt Barnes,2014/15,76,8.21,0.5529,36.2,10.05
2588,Matt Bonner,2014/15,72,3.19,0.5087,36.5,3.67
203521,Matthew Dellavedova,2014/15,67,4.58,0.4723,40.7,4.76
203090,Maurice Harkless,2014/15,45,3.51,0.4304,17.9,3.51
203086,Meyers Leonard,2014/15,55,4.45,0.6061,42.0,5.95
201563,Michael Beasley,2014/15,24,8.83,0.4528,23.5,8.83
203487,Michael Carter-Williams,2014/15,66,13.92,0.4157,23.5,14.64
203077,Michael Kidd-Gilchrist,2014/15,55,8.76,0.4647,0.0,10.87
201144,Mike Conley,2014/15,70,12.6,0.5062,38.6,15.81
2399,Mike Dunleavy,2014/15,63,7.63,0.5457,40.7,9.44
2034,Mike Miller,2014/15,52,2.19,0.4649,32.7,2.1
203488,Mike Muscala,2014/15,40,3.77,0.5795,40.9,4.92
203118,Mike Scott,2014/15,68,6.66,0.5166,34.4,7.78
203101,Miles Plumlee,2014/15,73,3.48,0.5354,0.0,4.03
203956,Mitch McGary,2014/15,32,5.16,0.5333,0.0,6.28
2590,Mo Williams,2014/15,68,12.65,0.4657,34.2,14.18
101145,Monta Ellis,2014/15,80,16.93,0.4745,28.5,18.91
101126,Nate Robinson,2014/15,42,6.07,0.4059,27.7,5.67
203489,Nate Wolters,2014/15,21,2.71,0.3509,0.0,2.0
1737,Nazr Mohammed,2014/15,23,1.3,0.4333,0.0,1.17
2403,Nene,2014/15,67,8.97,0.5116,20.0,11.0
203457,Nerlens Noel,2014/15,75,8.71,0.4625,0.0,9.92
201979,Nick Calathes,2014/15,58,4.26,0.4433,25.6,4.19
2555,Nick Collison,2014/15,66,3.83,0.4506,26.7,4.14
203910,Nick Johnson,2014/15,28,2.68,0.38,23.8,2.64
201156,Nick Young,2014/15,42,11.33,0.4527,36.9,13.4
203917,Nik Stauskas,2014/15,73,4.05,0.4459,32.2,4.37
202703,Nikola Mirotic,2014/15,82,7.61,0.4848,31.6,10.16
202696,Nikola Vučević,2014/15,74,16.3,0.524,33.3,19.3
203943,Noah Vonleh,2014/15,25,3.04,0.4276,38.5,3.32
202708,Norris Cole,2014/15,75,7.44,0.4615,31.3,7.64
201564,O.J. Mayo,2014/15,71,9.87,0.4929,35.7,11.35
201956,Omri Casspi,2014/15,67,6.37,0.5304,40.2,8.85
203490,Otto Porter Jr.,2014/15,74,5.28,0.4949,33.7,6.01
200782,P.J. Tucker,2014/15,78,7.64,0.5109,34.5,9.14
203798,PJ Hairston,2014/15,45,5.98,0.4145,30.1,5.64
203143,Pablo Prigioni,2014/15,67,3.4,0.5241,34.3,4.09
201976,Patrick Beverley,2014/15,56,9.5,0.4915,35.6,10.14
202335,Patrick Patterson,2014/15,81,6.6,0.5467,37.1,8.0
201988,Patty Mills,2014/15,51,6.59,0.4732,34.1,6.88
2200,Pau Gasol,2014/15,78,14.78,0.4996,46.2,18.54
202331,Paul George,2014/15,6,8.17,0.4592,40.9,8.83
200794,Paul Millsap,2014/15,73,12.74,0.5177,35.6,16.68
1718,Paul Pierce,2014/15,73,8.99,0.5366,38.9,11.89
203103,Perry Jones III,2014/15,43,4.28,0.4348,23.3,4.28
203515,Phil Pressey,2014/15,50,3.48,0.4138,24.6,3.54
203113,Quincy Miller,2014/15,10,3.8,0.2763,16.7,2.9
202347,Quincy Pondexter,2014/15,75,5.96,0.5224,37.3,7.17
200765,Rajon Rondo,2014/15,68,9.49,0.4473,31.4,8.94
201196,Ramon Sessions,2014/15,64,5.22,0.4027,31.7,6.28
200751,Randy Foye,2014/15,50,8.04,0.4851,35.7,8.7
2446,Rasual Butler,2014/15,75,6.89,0.5097,38.7,7.73
203492,Ray McCallum,2014/15,68,6.91,0.4745,30.6,7.4
101109,Raymond Felton,2014/15,29,3.66,0.4528,29.4,3.72
203493,Reggie Bullock Jr.,2014/15,36,1.94,0.45,32.6,1.92
2501,Reggie Evans,2014/15,47,2.91,0.4234,0.0,3.74
202704,Reggie Jackson,2014/15,77,12.94,0.4699,29.9,14.51
2210,Richard Jefferson,2014/15,74,4.38,0.5463,42.6,5.84
203495,Ricky Ledo,2014/15,17,5.65,0.3854,37.0,5.29
201937,Ricky Rubio,2014/15,22,9.95,0.3858,25.5,10.27
203133,Robbie Hummel,2014/15,45,3.82,0.5058,31.4,4.4
203496,Robert Covington,2014/15,70,10.8,0.506,37.4,13.47
203135,Robert Sacre,2014/15,67,4.57,0.4118,0.0,4.58
201577,Robin Lopez,2014/15,59,7.41,0.5355,0.0,9.59
203918,Rodney Hood,2014/15,50,7.48,0.4973,36.5,8.66
201155,Rodney Stuckey,2014/15,71,10.62,0.4768,39.0,12.62
101179,Ronnie Price,2014/15,43,5.19,0.4148,28.4,5.14
201579,Roy Hibbert,2014/15,76,9.34,0.4465,0.0,10.55
200752,Rudy Gay,2014/15,68,16.41,0.4906,35.9,21.06
203497,Rudy Gobert,2014/15,82,5.21,0.6042,0.0,8.37
203893,Russ Smith,2014/15,12,2.08,0.36,18.2,2.5
201566,Russell Westbrook,2014/15,67,21.96,0.4555,29.9,28.15
200797,Ryan Hollins,2014/15,46,1.78,0.6463,0.0,2.98
203527,Ryan Kelly,2014/15,52,5.94,0.4094,33.6,6.38
2223,Samuel Dalembert,2014/15,32,4.06,0.4385,0.0,4.0
203930,Sean Kilpatrick,2014/15,4,5.0,0.45,30.8,5.5
2742,Sebastian Telfair,2014/15,16,7.81,0.44,30.0,8.38
201586,Serge Ibaka,2014/15,64,12.28,0.5248,37.6,14.33
203508,Sergey Karasev,2014/15,33,4.06,0.4627,29.6,4.64
203552,Seth Curry,2014/15,2,1.5,0.0,0.0,0.0
203498,Shabazz Muhammad,2014/15,38,10.45,0.5139,39.2,13.47
203894,Shabazz Napier,2014/15,51,4.47,0.4759,36.4,5.12
203499,Shane Larkin,2014/15,76,5.68,0.4734,30.2,6.18
200769,Shannon Brown,2014/15,5,3.8,0.4474,42.9,4.0
2733,Shaun Livingston,2014/15,78,5.08,0.5,0.0,5.91
101183,Shavlik Randolph,2014/15,21,1.67,0.2571,0.0,1.14
1890,Shawn Marion,2014/15,57,4.68,0.4682,26.1,4.84
200761,Shawne Williams,2014/15,63,4.76,0.51,36.0,5.41
203963,Shayne Whittington,2014/15,20,2.1,0.4643,16.7,2.85
202714,Shelvin Mack,2014/15,55,5.31,0.4692,31.5,5.44
204021,Sim Bhullar,2014/15,3,0.67,0.5,0.0,0.67
203524,Solomon Hill,2014/15,82,7.73,0.4495,32.7,8.89
203915,Spencer Dinwiddie,2014/15,34,4.97,0.3373,18.5,4.26
201150,Spencer Hawes,2014/15,73,5.68,0.459,31.3,5.82
201939,Stephen Curry,2014/15,80,16.76,0.5936,44.3,23.75
2581,Steve Blake,2014/15,81,4.04,0.4908,35.2,4.32
200779,Steve Novak,2014/15,35,1.6,0.5625,39.6,1.8
203933,T.J. Warren,2014/15,40,5.35,0.5397,23.8,6.12
201959,Taj Gibson,2014/15,62,8.16,0.502,0.0,10.32
204028,Tarik Black,2014/15,63,4.33,0.5751,0.0,6.02
2419,Tayshaun Prince,2014/15,58,6.93,0.4789,46.3,7.48
203093,Terrence Jones,2014/15,33,9.06,0.5502,35.1,11.7
203082,Terrence Ross,2014/15,82,9.18,0.5066,37.2,9.84
201152,Thaddeus Young,2014/15,76,12.74,0.4855,33.0,14.09
203080,Thomas Robinson,2014/15,54,4.81,0.4846,0.0,5.7
1495,Tim Duncan,2014/15,77,10.64,0.5128,28.6,13.9
204025,Tim Frazier,2014/15,11,5.55,0.3852,29.4,5.18
203501,Tim Hardaway Jr.,2014/15,70,10.24,0.4735,34.2,11.49
202699,Tobias Harris,2014/15,68,13.96,0.5116,36.4,17.12
201962,Toney Douglas,2014/15,12,4.25,0.4216,27.8,4.25
2225,Tony Parker,2014/15,68,12.24,0.5084,42.7,14.35
203503,Tony Snell,2014/15,72,5.15,0.527,37.1,6.04
203100,Tony Wroten,2014/15,30,14.47,0.4459,26.1,16.9
203315,Toure' Murry,2014/15,5,1.0,0.4,0.0,1.2
204037,Travis Wear,2014/15,51,4.1,0.4282,36.7,3.9
202344,Trevor Booker,2014/15,79,5.87,0.5183,34.5,7.18
203504,Trey Burke,2014/15,76,13.22,0.4299,31.8,12.8
202684,Tristan Thompson,2014/15,82,5.95,0.5471,0.0,8.45
203584,Troy Daniels,2014/15,47,3.51,0.5,36.4,3.74
203898,Tyler Ennis,2014/15,33,4.36,0.4028,27.9,3.67
201946,Tyler Hansbrough,2014/15,74,2.23,0.5242,14.3,3.65
204020,Tyler Johnson,2014/15,32,5.22,0.4731,37.5,5.94
203092,Tyler Zeller,2014/15,82,7.55,0.5493,0.0,10.16
201936,Tyreke Evans,2014/15,79,14.75,0.4768,30.4,16.62
200748,Tyrus Thomas,2014/15,2,0.5,1.0,0.0,2.0
2199,Tyson Chandler,2014/15,75,5.87,0.6659,0.0,10.28
2617,Udonis Haslem,2014/15,62,3.85,0.4519,20.0,4.21
203505,Vander Blue,2014/15,2,15.0,0.3333,20.0,11.0
201964,Victor Claver,2014/15,10,2.0,0.6,54.5,2.4
203506,Victor Oladipo,2014/15,72,15.08,0.4742,33.9,17.94
1713,Vince Carter,2014/15,66,6.15,0.4175,29.7,5.82
201961,Wayne Ellington,2014/15,65,9.49,0.4846,37.0,10.0
202325,Wesley Johnson,2014/15,76,9.09,0.4797,35.1,9.91
202083,Wesley Matthews,2014/15,60,12.53,0.5632,38.9,15.93
203115,Will Barton,2014/15,58,6.09,0.4575,27.1,6.84
203805,Will Cherry,2014/15,8,2.38,0.3158,22.2,1.88
2584,Willie Green,2014/15,52,5.88,0.4542,34.7,5.88
201163,Wilson Chandler,2014/15,78,12.5,0.5,34.2,13.91
202333,Xavier Henry,2014/15,9,1.44,0.2308,0.0,2.22
203897,Zach LaVine,2014/15,77,8.79,0.4645,34.1,10.1
2216,Zach Randolph,2014/15,71,13.13,0.4909,35.0,16.1
201166,Aaron Brooks,2015/16,69,6.8,0.4712,35.7,7.12
203932,Aaron Gordon,2015/16,78,7.42,0.5095,29.6,9.22
1626151,Aaron Harrison,2015/16,21,0.9,0.3421,30.0,0.86
203940,Adreian Payne,2015/16,52,2.79,0.3966,28.1,2.54
201143,Al Horford,2015/16,82,12.78,0.5468,34.4,15.23
2744,Al Jefferson,2015/16,47,10.74,0.4851,0.0,11.96
1626210,Alan Williams,2015/16,10,2.4,0.4167,0.0,2.9
202692,Alec Burks,2015/16,31,10.77,0.4581,40.5,13.29
203458,Alex Len,2015/16,78,8.0,0.4239,14.3,9.01
1627293,Alex Stepheson,2015/16,8,3.38,0.3333,0.0,2.75
203459,Allen Crabbe,2015/16,81,8.37,0.5413,39.3,10.27
2405,Amar'e Stoudemire,2015/16,52,4.25,0.5656,0.0,5.77
101161,Amir Johnson,2015/16,79,5.39,0.5962,23.3,7.3
203083,Andre Drummond,2015/16,81,13.09,0.5217,33.3,16.22
2738,Andre Iguodala,2015/16,65,5.66,0.5516,35.1,7.03
1889,Andre Miller,2015/16,39,2.72,0.566,25.0,3.69
203460,Andre Roberson,2015/16,70,3.91,0.5547,31.1,4.81
101106,Andrew Bogut,2015/16,70,3.99,0.629,100.0,5.36
202726,Andrew Goudelock,2015/16,8,2.5,0.475,11.1,2.75
203094,Andrew Nicholson,2015/16,56,5.54,0.5371,36.0,6.86
203952,Andrew Wiggins,2015/16,81,15.98,0.4811,30.0,20.68
1626148,Anthony Brown,2015/16,29,4.34,0.3889,28.6,3.97
203076,Anthony Davis,2015/16,61,18.62,0.5084,32.4,24.28
201627,Anthony Morrow,2015/16,68,4.9,0.527,38.7,5.59
201229,Anthony Tolliver,2015/16,72,4.61,0.5331,36.0,5.32
203462,Archie Goodwin,2015/16,57,7.4,0.4443,23.2,8.86
203085,Austin Rivers,2015/16,67,7.7,0.4981,33.5,8.85
202340,Avery Bradley,2015/16,76,13.41,0.5196,36.1,15.2
1626253,Axel Toupane,2015/16,21,3.33,0.45,32.5,3.62
203463,Ben McLemore,2015/16,68,6.69,0.5022,36.2,7.81
202687,Bismack Biyombo,2015/16,82,3.51,0.5417,0.0,5.54
201933,Blake Griffin,2015/16,35,17.23,0.5041,33.3,21.4
1626171,Bobby Portis,2015/16,62,7.03,0.445,30.8,7.03
203078,Bradley Beal,2015/16,55,14.53,0.515,38.7,17.42
201148,Brandan Wright,2015/16,12,4.33,0.6731,0.0,6.92
1626183,Branden Dawson,2015/16,6,0.83,0.4,0.0,0.83
101138,Brandon Bass,2015/16,66,4.8,0.5489,0.0,7.17
202688,Brandon Knight,2015/16,52,17.21,0.4816,34.2,19.58
201575,Brandon Rush,2015/16,72,3.61,0.5519,41.4,4.24
203148,Brian Roberts,2015/16,51,3.24,0.4939,35.7,4.02
1627362,Briante Weber,2015/16,7,5.57,0.359,0.0,4.43
201572,Brook Lopez,2015/16,73,15.85,0.5117,14.3,20.56
203998,Bruno Caboclo,2015/16,6,2.0,0.125,14.3,0.5
203955,Bryce Cotton,2015/16,8,1.25,0.4,0.0,1.0
1626214,Bryce Dejean-Jones,2015/16,14,4.93,0.4928,37.5,5.64
201228,C.J. Watson,2015/16,33,4.15,0.3942,29.2,4.3
203912,C.J. Wilcox,2015/16,23,2.87,0.4621,39.1,3.04
203468,CJ McCollum,2015/16,80,17.89,0.5168,41.7,20.82
101139,CJ Miles,2015/16,64,9.91,0.5205,36.7,11.77
201171,Carl Landry,2015/16,36,6.94,0.568,46.2,9.75
2406,Caron Butler,2015/16,17,3.47,0.4492,16.7,3.71
202718,Chandler Parsons,2015/16,61,10.67,0.5714,41.4,13.72
101112,Channing Frye,2015/16,70,4.96,0.5692,38.7,6.07
101111,Charlie Villanueva,2015/16,62,5.27,0.4541,27.3,5.15
201978,Chase Budinger,2015/16,66,3.62,0.4854,27.9,4.11
2547,Chris Bosh,2015/16,53,14.47,0.5196,36.5,19.06
203142,Chris Copeland,2015/16,24,2.12,0.4314,27.8,2.08
203187,Chris Johnson,2015/16,70,2.77,0.4407,27.3,2.93
2549,Chris Kaman,2015/16,16,2.69,0.4767,25.0,2.75
1626191,Chris McCullough,2015/16,24,4.54,0.4633,38.2,4.67
101108,Chris Paul,2015/16,74,15.05,0.5171,37.1,19.54
1626174,Christian Wood,2015/16,17,3.12,0.4528,36.4,3.59
101236,Chuck Hayes,2015/16,2,1.0,0.5,0.0,2.0
203921,Cleanthony Early,2015/16,17,2.35,0.35,26.7,1.82
203469,Cody Zeller,2015/16,73,5.99,0.5297,10.0,8.74
201147,Corey Brewer,2015/16,82,6.73,0.4393,27.2,7.2
203928,Cory Jefferson,2015/16,8,2.75,0.4091,0.0,2.75
202709,Cory Joseph,2015/16,80,7.31,0.465,27.3,8.46
1626262,Coty Clarke,2015/16,3,1.33,0.75,100.0,2.0
201584,Courtney Lee,2015/16,79,8.09,0.518,37.8,9.63
1626245,Cristiano Felicio,2015/16,31,2.32,0.5556,0.0,3.39
1626156,D'Angelo Russell,2015/16,80,11.95,0.478,35.1,13.18
2563,Dahntay Jones,2015/16,1,14.0,0.4643,50.0,13.0
203081,Damian Lillard,2015/16,75,19.65,0.4969,37.5,25.05
203996,Damien Inglis,2015/16,20,1.85,0.3919,23.1,1.8
201967,Dante Cunningham,2015/16,80,5.15,0.5182,31.6,6.05
201954,Darren Collison,2015/16,74,10.49,0.5419,40.1,13.99
1626199,Darrun Hilliard,2015/16,38,3.45,0.4695,38.0,4.0
101135,David Lee,2015/16,55,6.09,0.5313,0.0,7.76
2561,David West,2015/16,78,5.74,0.548,42.9,7.1
201599,DeAndre Jordan,2015/16,77,6.6,0.7028,0.0,12.73
201971,DeJuan Blair,2015/16,29,2.34,0.4118,0.0,2.1
201942,DeMar DeRozan,2015/16,78,17.65,0.463,33.8,23.46
202326,DeMarcus Cousins,2015/16,65,20.49,0.4775,33.3,26.89
201960,DeMarre Carroll,2015/16,26,10.38,0.4741,39.0,11.0
1626153,Delon Wright,2015/16,27,2.96,0.4813,38.5,3.81
203471,Dennis Schröder,2015/16,80,9.76,0.4706,32.2,10.99
101114,Deron Williams,2015/16,65,11.92,0.4768,34.4,14.12
202324,Derrick Favors,2015/16,62,13.08,0.5154,0.0,16.39
201565,Derrick Rose,2015/16,66,15.88,0.4475,29.3,16.36
202682,Derrick Williams,2015/16,80,7.06,0.4885,29.3,9.32
1626164,Devin Booker,2015/16,76,11.41,0.4804,34.3,13.79
2734,Devin Harris,2015/16,64,5.84,0.516,32.9,7.61
203906,Devyn Marble,2015/16,28,2.54,0.3521,25.0,2.14
203473,Dewayne Dedmon,2015/16,58,3.05,0.5593,0.0,4.4
203079,Dion Waiters,2015/16,78,9.05,0.4603,35.8,9.77
1717,Dirk Nowitzki,2015/16,75,14.83,0.5045,36.8,18.29
202388,Donald Sloan,2015/16,61,5.74,0.4943,38.4,6.95
203926,Doug McDermott,2015/16,81,7.95,0.5373,42.5,9.43
203110,Draymond Green,2015/16,81,10.11,0.5507,38.8,13.96
2400,Drew Gooden,2015/16,30,3.43,0.3544,17.1,2.73
1626251,Duje Dukan,2015/16,1,10.0,0.3,40.0,6.0
2730,Dwight Howard,2015/16,71,8.45,0.62,0.0,13.75
203939,Dwight Powell,2015/16,69,4.29,0.4966,12.5,5.78
2548,Dwyane Wade,2015/16,74,15.99,0.4594,15.9,19.04
202734,E'Twaun Moore,2015/16,59,6.59,0.5411,45.2,7.51
202334,Ed Davis,2015/16,81,4.16,0.6113,0.0,6.49
204002,Edy Tavares,2015/16,11,1.73,0.5789,0.0,2.27
203901,Elfrid Payton,2015/16,73,10.0,0.4562,32.6,10.66
202407,Elijah Millsap,2015/16,20,1.95,0.2949,8.3,1.8
1882,Elton Brand,2015/16,17,4.24,0.4306,0.0,4.12
1626144,Emmanuel Mudiay,2015/16,68,13.31,0.4044,31.9,12.82
202683,Enes Freedom,2015/16,82,8.77,0.5828,47.6,12.66
202339,Eric Bledsoe,2015/16,31,15.87,0.502,37.2,20.39
201569,Eric Gordon,2015/16,45,12.27,0.5208,38.4,15.24
203961,Eric Moreland,2015/16,8,0.75,0.5,0.0,1.0
203475,Erick Green,2015/16,9,1.44,0.4231,20.0,1.44
203095,Evan Fournier,2015/16,79,11.76,0.5457,40.0,15.35
202323,Evan Turner,2015/16,81,9.3,0.4688,24.1,10.54
203105,Festus Ezeli,2015/16,46,4.96,0.5482,0.0,6.96
1626163,Frank Kaminsky,2015/16,81,6.48,0.4743,33.7,7.48
202066,Garrett Temple,2015/16,80,6.31,0.4861,34.5,7.28
203914,Gary Harris,2015/16,76,10.07,0.5379,35.4,12.26
201588,George Hill,2015/16,74,9.99,0.5277,40.8,12.08
101123,Gerald Green,2015/16,69,8.51,0.4634,32.3,8.93
201945,Gerald Henderson,2015/16,72,7.35,0.4839,35.3,8.67
203922,Glenn Robinson III,2015/16,45,3.36,0.4768,37.8,3.8
202330,Gordon Hayward,2015/16,80,15.03,0.4929,34.9,19.73
203476,Gorgui Dieng,2015/16,82,7.06,0.5371,30.0,10.09
202328,Greg Monroe,2015/16,79,11.91,0.5218,0.0,15.32
202962,Greg Smith,2015/16,18,1.78,0.5625,0.0,2.39
202349,Greivis Vasquez,2015/16,23,6.0,0.3913,24.7,5.65
203084,Harrison Barnes,2015/16,66,9.59,0.5308,38.3,11.73
202355,Hassan Whiteside,2015/16,73,9.34,0.6056,0.0,14.25
203156,Henry Sims,2015/16,14,5.5,0.4286,0.0,6.5
203138,Hollis Thompson,2015/16,77,8.83,0.5066,38.0,9.84
203546,Ian Clark,2015/16,66,3.06,0.5149,35.7,3.58
202697,Iman Shumpert,2015/16,54,5.65,0.4443,29.5,5.76
203477,Isaiah Canaan,2015/16,77,9.38,0.482,36.3,10.99
202738,Isaiah Thomas,2015/16,82,16.85,0.4881,35.9,22.23
202397,Ish Smith,2015/16,77,12.56,0.4395,32.9,12.62
200826,J.J. Barea,2015/16,74,9.61,0.5162,38.5,10.92
201581,JJ Hickson,2015/16,35,4.43,0.5161,0.0,5.89
1626266,JJ O'Brien,2015/16,2,0.5,0.0,0.0,0.0
200755,JJ Redick,2015/16,75,11.73,0.5932,47.5,16.35
2747,JR Smith,2015/16,77,11.04,0.5353,40.0,12.4
203960,JaKarr Sampson,2015/16,73,4.34,0.4637,22.2,5.12
203210,JaMychal Green,2015/16,78,6.35,0.4798,33.3,7.41
201580,JaVale McGee,2015/16,34,3.94,0.5746,0.0,5.06
203953,Jabari Parker,2015/16,76,11.83,0.4978,25.7,14.08
203109,Jae Crowder,2015/16,73,11.14,0.5178,33.6,14.22
1626143,Jahlil Okafor,2015/16,53,14.74,0.509,16.7,17.51
2037,Jamal Crawford,2015/16,79,11.89,0.4659,34.0,14.18
2749,Jameer Nelson,2015/16,39,7.87,0.4381,29.9,7.67
203516,James Ennis III,2015/16,22,5.14,0.5929,44.8,7.23
201935,James Harden,2015/16,82,19.72,0.5121,35.9,28.98
201949,James Johnson,2015/16,57,4.21,0.5167,30.3,5.04
2592,James Jones,2015/16,48,2.96,0.5528,39.4,3.71
203949,James Michael McAdoo,2015/16,41,2.05,0.5417,50.0,2.85
203923,James Young,2015/16,29,1.24,0.3889,23.1,1.0
203099,Jared Cunningham,2015/16,44,2.39,0.4,30.8,2.73
201162,Jared Dudley,2015/16,81,6.01,0.5811,42.0,7.88
203096,Jared Sullinger,2015/16,81,9.95,0.4535,28.2,10.3
204067,Jarell Eddie,2015/16,26,2.5,0.4231,31.9,2.42
1626185,Jarell Martin,2015/16,27,4.3,0.4655,0.0,5.67
203950,Jarnell Stokes,2015/16,7,0.71,0.6,0.0,1.0
101127,Jarrett Jack,2015/16,32,11.19,0.4344,30.4,12.84
201160,Jason Smith,2015/16,76,6.62,0.4891,25.0,7.18
1891,Jason Terry,2015/16,72,5.22,0.5253,35.6,5.86
201574,Jason Thompson,2015/16,47,2.3,0.5046,33.3,3.13
201145,Jeff Green,2015/16,80,10.3,0.4703,31.5,11.74
201952,Jeff Teague,2015/16,79,12.51,0.4949,40.1,15.68
203481,Jeff Withey,2015/16,51,3.18,0.537,0.0,4.25
203924,Jerami Grant,2015/16,77,7.78,0.4482,24.0,9.73
202379,Jeremy Evans,2015/16,30,1.6,0.5833,25.0,2.37
203087,Jeremy Lamb,2015/16,66,7.73,0.5059,30.9,8.79
202391,Jeremy Lin,2015/16,78,9.33,0.4643,33.6,11.72
1626170,Jerian Grant,2015/16,76,5.14,0.422,22.0,5.61
201573,Jerryd Bayless,2015/16,52,8.4,0.5389,43.7,10.4
202690,Jimmer Fredette,2015/16,6,0.83,0.5,50.0,1.5
202710,Jimmy Butler III,2015/16,67,15.45,0.485,31.2,20.88
201149,Joakim Noah,2015/16,29,4.59,0.3835,0.0,4.28
201975,Jodie Meeks,2015/16,3,6.67,0.45,44.4,7.33
203925,Joe Harris,2015/16,5,0.8,0.375,25.0,0.6
2207,Joe Johnson,2015/16,81,10.6,0.5087,38.3,12.25
1626202,Joe Young,2015/16,41,4.12,0.3964,21.7,3.76
203530,Joffrey Lauvergne,2015/16,59,6.44,0.5303,24.5,7.88
203089,John Henson,2015/16,57,5.11,0.5636,0.0,6.96
203098,John Jenkins,2015/16,43,3.72,0.4938,31.4,4.14
202322,John Wall,2015/16,77,17.52,0.4666,35.1,19.88
203948,Johnny O'Bryant III,2015/16,66,3.17,0.4139,100.0,3.03
202720,Jon Leuer,2015/16,67,6.96,0.5258,38.2,8.46
201973,Jonas Jerebko,2015/16,78,3.67,0.4878,39.8,4.36
203613,Jonathon Simmons,2015/16,55,4.4,0.5413,38.3,6.02
203903,Jordan Clarkson,2015/16,79,13.9,0.4832,34.7,15.51
202706,Jordan Hamilton,2015/16,11,10.55,0.4784,28.9,11.36
201941,Jordan Hill,2015/16,73,7.52,0.5064,0.0,8.84
1626175,Jordan Mickey,2015/16,16,1.38,0.3636,0.0,1.31
203268,Jorge Gutierrez,2015/16,12,0.92,0.5455,0.0,1.83
203962,Josh Huestis,2015/16,5,2.4,0.5833,66.7,2.8
201177,Josh McRoberts,2015/16,42,3.52,0.4122,24.5,3.57
1626196,Josh Richardson,2015/16,52,5.23,0.5496,46.1,6.56
2746,Josh Smith,2015/16,55,6.35,0.4226,28.7,6.04
201950,Jrue Holiday,2015/16,65,14.38,0.485,33.6,16.75
203944,Julius Randle,2015/16,81,10.31,0.4347,27.8,11.35
202712,Justin Harper,2015/16,5,2.0,0.6,44.4,2.6
203200,Justin Holiday,2015/16,53,4.3,0.4649,34.3,4.51
1626159,Justise Winslow,2015/16,78,5.92,0.4567,27.6,6.44
203909,KJ McDaniels,2015/16,37,1.95,0.4514,28.0,2.41
1626157,Karl-Anthony Towns,2015/16,82,14.06,0.5551,34.1,18.33
202695,Kawhi Leonard,2015/16,72,15.14,0.5647,44.3,21.15
203951,Keith Appling,2015/16,5,1.6,0.25,0.0,1.2
203482,Kelly Olynyk,2015/16,69,8.06,0.5315,40.5,9.96
1626162,Kelly Oubre Jr.,2015/16,63,3.35,0.4858,31.6,3.75
202689,Kemba Walker,2015/16,81,16.43,0.4951,37.1,20.85
203088,Kendall Marshall,2015/16,30,3.93,0.4322,32.7,3.7
2570,Kendrick Perkins,2015/16,37,2.03,0.5333,0.0,2.46
202702,Kenneth Faried,2015/16,67,9.34,0.5583,50.0,12.46
203145,Kent Bazemore,2015/16,75,9.67,0.5166,35.7,11.63
203484,Kentavious Caldwell-Pope,2015/16,76,12.63,0.4792,30.9,14.54
201142,Kevin Durant,2015/16,72,19.18,0.5728,38.7,28.18
708,Kevin Garnett,2015/16,38,3.03,0.4696,0.0,3.21
201567,Kevin Love,2015/16,77,12.69,0.4995,36.0,16.03
2755,Kevin Martin,2015/16,55,7.62,0.4308,36.0,9.35
202338,Kevin Seraphin,2015/16,48,4.27,0.4098,0.0,3.9
1626172,Kevon Looney,2015/16,5,1.4,0.6429,50.0,1.8
203114,Khris Middleton,2015/16,79,14.46,0.5066,39.6,18.15
2550,Kirk Hinrich,2015/16,46,2.8,0.4729,38.7,2.98
202691,Klay Thompson,2015/16,80,17.32,0.5693,42.5,22.14
977,Kobe Bryant,2015/16,66,16.86,0.4173,28.5,17.59
201585,Kosta Koufos,2015/16,78,5.69,0.5315,0.0,6.78
203123,Kostas Papanikolaou,2015/16,26,2.54,0.4394,31.3,2.58
2743,Kris Humphries,2015/16,53,5.57,0.4678,31.5,6.47
204001,Kristaps Porziņģis,2015/16,72,12.31,0.4667,33.3,14.28
2594,Kyle Korver,2015/16,80,7.71,0.5624,39.8,9.24
200768,Kyle Lowry,2015/16,77,15.56,0.5159,38.8,21.22
203124,Kyle O'Quinn,2015/16,65,4.17,0.4852,22.7,4.75
202681,Kyrie Irving,2015/16,53,16.58,0.496,32.1,19.64
203934,Lamar Patterson,2015/16,35,2.29,0.425,24.5,2.4
202362,Lance Stephenson,2015/16,69,6.87,0.5127,38.5,8.3
202498,Lance Thomas,2015/16,59,6.47,0.5,40.4,8.2
204038,Langston Galloway,2015/16,82,7.17,0.4583,34.4,7.62
1626204,Larry Nance Jr.,2015/16,63,4.76,0.5283,10.0,5.54
2544,LeBron James,2015/16,76,18.63,0.5512,30.9,25.26
2571,Leandro Barbosa,2015/16,68,5.44,0.5149,35.5,6.37
203485,Lorenzo Brown,2015/16,8,3.12,0.34,12.5,2.5
101150,Lou Williams,2015/16,67,10.34,0.4877,34.4,15.34
201601,Luc Mbah a Moute,2015/16,75,2.76,0.4855,32.5,3.08
203512,Lucas Nogueira,2015/16,29,1.52,0.6477,33.3,2.24
1626242,Luis Montero,2015/16,12,1.58,0.2895,11.1,1.17
2449,Luis Scola,2015/16,76,7.87,0.5042,40.4,8.74
2736,Luol Deng,2015/16,74,10.07,0.5141,34.4,12.31
1938,Manu Ginobili,2015/16,58,7.5,0.5333,39.1,9.57
201158,Marco Belinelli,2015/16,68,9.34,0.4575,30.6,10.24
202694,Marcus Morris Sr.,2015/16,80,11.81,0.491,36.2,14.14
203935,Marcus Smart,2015/16,61,8.67,0.4055,25.3,9.15
201977,Marcus Thornton,2015/16,61,8.89,0.4825,33.7,9.67
201596,Mario Chalmers,2015/16,61,7.28,0.4617,30.9,10.3
203900,Markel Brown,2015/16,62,5.19,0.4534,31.4,5.85
202693,Markieff Morris,2015/16,64,11.22,0.4575,30.3,11.95
201578,Marreese Speights,2015/16,72,6.33,0.4583,38.7,7.11
101107,Marvin Williams,2015/16,81,9.22,0.5542,40.2,11.7
203486,Mason Plumlee,2015/16,82,6.3,0.5164,0.0,9.13
2440,Matt Barnes,2015/16,76,9.12,0.4668,32.2,9.97
2588,Matt Bonner,2015/16,30,1.9,0.6404,44.1,2.53
203521,Matthew Dellavedova,2015/16,76,6.72,0.501,41.0,7.49
203090,Maurice Harkless,2015/16,78,5.27,0.5219,27.9,6.38
1897,Metta World Peace,2015/16,35,5.06,0.3842,31.0,5.03
203086,Meyers Leonard,2015/16,61,7.13,0.5471,37.7,8.38
201563,Michael Beasley,2015/16,20,10.25,0.5293,33.3,12.75
203487,Michael Carter-Williams,2015/16,54,10.28,0.4658,27.3,11.54
203077,Michael Kidd-Gilchrist,2015/16,7,8.71,0.5656,42.9,12.71
201144,Mike Conley,2015/16,56,12.43,0.4784,36.3,15.3
2399,Mike Dunleavy,2015/16,31,6.06,0.5133,39.4,7.16
2034,Mike Miller,2015/16,47,1.32,0.5081,36.5,1.34
203488,Mike Muscala,2015/16,60,2.53,0.5395,30.8,3.25
203118,Mike Scott,2015/16,75,5.01,0.5505,39.2,6.19
203101,Miles Plumlee,2015/16,61,3.82,0.6009,0.0,5.15
203956,Mitch McGary,2015/16,20,1.15,0.4783,0.0,1.3
2590,Mo Williams,2015/16,41,7.37,0.4967,35.3,8.24
101145,Monta Ellis,2015/16,81,12.6,0.4696,30.9,13.84
1626149,Montrezl Harrell,2015/16,39,2.31,0.6444,0.0,3.59
1626167,Myles Turner,2015/16,60,8.83,0.5009,21.4,10.32
101126,Nate Robinson,2015/16,2,0.5,0.0,0.0,0.0
1737,Nazr Mohammed,2015/16,5,1.0,0.6,0.0,1.6
2403,Nene,2015/16,57,6.74,0.5443,0.0,9.21
203457,Nerlens Noel,2015/16,67,8.76,0.5221,50.0,11.15
2555,Nick Collison,2015/16,59,1.85,0.4587,0.0,2.08
201156,Nick Young,2015/16,54,6.89,0.4422,32.5,7.26
203917,Nik Stauskas,2015/16,73,7.47,0.4826,32.6,8.45
203999,Nikola Jokić,2015/16,80,7.5,0.535,33.3,9.95
202703,Nikola Mirotic,2015/16,66,9.23,0.5181,39.0,11.77
202696,Nikola Vučević,2015/16,65,16.09,0.5105,22.2,18.17
203943,Noah Vonleh,2015/16,78,3.56,0.4406,23.9,3.63
1626181,Norman Powell,2015/16,49,4.67,0.5022,40.4,5.57
202708,Norris Cole,2015/16,45,10.76,0.439,32.4,10.6
201564,O.J. Mayo,2015/16,41,7.83,0.4517,32.1,7.83
201956,Omri Casspi,2015/16,69,9.01,0.5707,40.9,11.78
203111,Orlando Johnson,2015/16,7,4.86,0.2941,20.0,3.71
203490,Otto Porter Jr.,2015/16,75,9.56,0.5411,36.7,11.61
200782,P.J. Tucker,2015/16,82,7.1,0.4691,33.0,7.95
203798,PJ Hairston,2015/16,66,6.18,0.4412,29.0,6.21
203143,Pablo Prigioni,2015/16,59,2.49,0.4694,29.5,2.46
1626192,Pat Connaughton,2015/16,34,1.44,0.3163,23.8,1.06
201976,Patrick Beverley,2015/16,71,8.37,0.5387,40.0,9.86
202335,Patrick Patterson,2015/16,79,6.24,0.5213,36.2,6.87
201988,Patty Mills,2015/16,81,7.56,0.5253,38.4,8.52
2200,Pau Gasol,2015/16,72,13.82,0.4814,34.8,16.49
202331,Paul George,2015/16,81,17.89,0.49,37.1,23.14
200794,Paul Millsap,2015/16,81,13.16,0.5047,31.9,17.1
1718,Paul Pierce,2015/16,68,5.84,0.4572,31.0,6.13
203515,Phil Pressey,2015/16,23,3.39,0.4103,22.2,3.35
1626154,RJ Hunter,2015/16,36,2.72,0.4643,30.2,2.69
200765,Rajon Rondo,2015/16,72,10.86,0.4936,36.5,11.93
1626176,Rakeem Christmas,2015/16,1,2.0,1.0,0.0,4.0
201196,Ramon Sessions,2015/16,82,7.22,0.5034,32.4,9.88
200751,Randy Foye,2015/16,81,5.95,0.4284,30.0,5.85
1626173,Rashad Vaughn,2015/16,70,3.8,0.3853,29.3,3.1
2446,Rasual Butler,2015/16,46,2.26,0.5433,30.6,2.7
203526,Raul Neto,2015/16,81,5.16,0.5072,39.5,5.88
203492,Ray McCallum,2015/16,41,3.56,0.4281,35.7,3.34
101109,Raymond Felton,2015/16,80,8.53,0.4501,28.2,9.54
203493,Reggie Bullock Jr.,2015/16,37,2.65,0.551,41.5,3.3
202704,Reggie Jackson,2015/16,79,15.75,0.4815,35.3,18.85
2210,Richard Jefferson,2015/16,74,4.22,0.5641,38.2,5.54
1626158,Richaun Holmes,2015/16,51,4.35,0.5315,18.2,5.63
201937,Ricky Rubio,2015/16,76,7.71,0.4266,32.6,10.08
203496,Robert Covington,2015/16,67,10.63,0.5042,35.3,12.81
203135,Robert Sacre,2015/16,25,3.0,0.4133,0.0,3.48
201577,Robin Lopez,2015/16,82,8.07,0.5393,0.0,10.27
203918,Rodney Hood,2015/16,79,12.3,0.5026,35.9,14.54
201155,Rodney Stuckey,2015/16,58,7.64,0.4357,24.1,8.91
1626178,Rondae Hollis-Jefferson,2015/16,29,4.76,0.471,28.6,5.76
101179,Ronnie Price,2015/16,62,4.87,0.4967,34.7,5.34
201579,Roy Hibbert,2015/16,81,5.07,0.4428,0.0,5.94
200752,Rudy Gay,2015/16,70,14.39,0.4995,34.4,17.2
203497,Rudy Gobert,2015/16,61,5.8,0.5593,0.0,9.13
203893,Russ Smith,2015/16,15,1.47,0.3409,20.0,1.53
201566,Russell Westbrook,2015/16,80,18.05,0.4893,29.6,23.48
200797,Ryan Hollins,2015/16,37,2.14,0.6203,0.0,3.35
203527,Ryan Kelly,2015/16,36,4.14,0.3859,13.5,4.22
2756,Sasha Vujacic,2015/16,61,4.54,0.4765,36.4,4.85
203930,Sean Kilpatrick,2015/16,31,8.71,0.5278,34.2,11.13
201586,Serge Ibaka,2015/16,78,11.14,0.5132,32.6,12.6
203508,Sergey Karasev,2015/16,40,1.85,0.4797,29.7,2.42
203552,Seth Curry,2015/16,44,5.09,0.567,45.0,6.8
203498,Shabazz Muhammad,2015/16,82,8.3,0.4978,28.9,10.52
203894,Shabazz Napier,2015/16,55,3.65,0.4229,32.7,3.69
203499,Shane Larkin,2015/16,78,6.44,0.4811,36.1,7.26
2733,Shaun Livingston,2015/16,78,4.86,0.5383,16.7,6.26
203963,Shayne Whittington,2015/16,7,1.57,0.4545,0.0,1.57
202714,Shelvin Mack,2015/16,52,7.98,0.4855,31.2,8.62
203524,Solomon Hill,2015/16,59,3.53,0.5048,32.4,4.17
201603,Sonny Weems,2015/16,43,2.56,0.45,36.6,2.49
203915,Spencer Dinwiddie,2015/16,12,4.5,0.3611,10.0,4.83
201150,Spencer Hawes,2015/16,57,5.37,0.4673,37.3,5.96
1626169,Stanley Johnson,2015/16,73,8.22,0.4275,30.7,8.12
201939,Stephen Curry,2015/16,79,20.23,0.6295,45.4,30.06
2581,Steve Blake,2015/16,58,4.14,0.4958,34.4,4.38
200779,Steve Novak,2015/16,10,1.8,0.6389,46.7,2.4
204456,T.J. McConnell,2015/16,81,5.73,0.5032,34.8,6.09
203933,T.J. Warren,2015/16,47,9.38,0.5329,40.0,10.96
201959,Taj Gibson,2015/16,73,6.85,0.526,0.0,8.59
204028,Tarik Black,2015/16,39,2.67,0.5481,0.0,3.41
2419,Tayshaun Prince,2015/16,77,2.97,0.4541,17.4,2.87
203093,Terrence Jones,2015/16,50,7.34,0.4864,31.6,8.68
203082,Terrence Ross,2015/16,73,8.58,0.5359,38.6,9.86
1626179,Terry Rozier,2015/16,39,2.72,0.3019,22.2,1.85
201152,Thaddeus Young,2015/16,73,13.19,0.5177,23.3,15.1
203080,Thomas Robinson,2015/16,71,4.1,0.4467,0.0,4.32
1495,Tim Duncan,2015/16,61,7.23,0.4875,0.0,8.56
204025,Tim Frazier,2015/16,51,4.49,0.4541,33.3,5.12
203501,Tim Hardaway Jr.,2015/16,51,5.2,0.5208,33.6,6.39
202699,Tobias Harris,2015/16,76,11.7,0.5141,33.5,14.68
201962,Toney Douglas,2015/16,61,7.3,0.5022,39.9,8.7
2225,Tony Parker,2015/16,72,9.86,0.512,41.5,11.9
203503,Tony Snell,2015/16,64,5.3,0.4543,36.1,5.28
203100,Tony Wroten,2015/16,8,8.12,0.3615,17.6,8.38
202344,Trevor Booker,2015/16,79,4.91,0.5052,29.3,5.86
203504,Trey Burke,2015/16,64,9.91,0.4826,34.4,10.61
202684,Tristan Thompson,2015/16,82,5.12,0.5881,0.0,7.84
203584,Troy Daniels,2015/16,43,4.35,0.6337,48.4,5.63
203898,Tyler Ennis,2015/16,46,4.07,0.484,33.3,4.48
201946,Tyler Hansbrough,2015/16,44,1.61,0.4648,66.7,2.36
204020,Tyler Johnson,2015/16,36,6.75,0.5412,38.0,8.72
203092,Tyler Zeller,2015/16,60,4.83,0.4759,0.0,6.07
201936,Tyreke Evans,2015/16,25,12.56,0.4857,38.8,15.16
2199,Tyson Chandler,2015/16,66,4.76,0.5828,0.0,7.15
1626145,Tyus Jones,2015/16,37,4.22,0.4103,30.2,4.22
2617,Udonis Haslem,2015/16,37,1.65,0.3852,11.1,1.59
203506,Victor Oladipo,2015/16,72,13.47,0.4887,34.8,16.01
1713,Vince Carter,2015/16,60,5.72,0.4738,34.9,6.58
201961,Wayne Ellington,2015/16,76,7.38,0.4742,35.8,7.71
202325,Wesley Johnson,2015/16,80,6.44,0.5039,33.3,6.86
202083,Wesley Matthews,2015/16,78,10.95,0.4982,36.0,12.53
203115,Will Barton,2015/16,82,11.99,0.4893,34.5,14.37
1626161,Willie Cauley-Stein,2015/16,66,5.14,0.5634,0.0,7.02
204098,Xavier Munford,2015/16,14,5.5,0.474,39.1,5.71
203897,Zach LaVine,2015/16,82,11.7,0.5156,38.9,14.02
2216,Zach Randolph,2015/16,68,13.34,0.4785,23.1,15.29
1627773,AJ Hammons,2016/17,22,1.91,0.4643,50.0,2.18
201166,Aaron Brooks,2016/17,65,4.62,0.4833,37.5,4.95
203932,Aaron Gordon,2016/17,80,10.81,0.4988,28.8,12.74
1626151,Aaron Harrison,2016/17,5,0.8,0.0,0.0,0.2
203940,Adreian Payne,2016/17,18,3.0,0.4537,20.0,3.5
201143,Al Horford,2016/17,68,11.78,0.5268,35.5,14.0
2744,Al Jefferson,2016/17,66,7.14,0.4989,0.0,8.11
1626210,Alan Williams,2016/17,47,5.68,0.5169,0.0,7.36
202692,Alec Burks,2016/17,42,5.9,0.4496,32.9,6.74
203458,Alex Len,2016/17,77,6.01,0.5,25.0,7.96
1627816,Alex Poythress,2016/17,6,9.0,0.5185,31.6,10.67
203459,Allen Crabbe,2016/17,79,8.19,0.5719,44.4,10.7
101161,Amir Johnson,2016/17,80,4.62,0.6122,40.9,6.5
203083,Andre Drummond,2016/17,81,11.25,0.5313,28.6,13.64
2738,Andre Iguodala,2016/17,76,5.46,0.6048,36.2,7.55
203460,Andre Roberson,2016/17,79,5.86,0.513,24.5,6.61
101106,Andrew Bogut,2016/17,27,3.0,0.4691,0.0,2.93
1626150,Andrew Harrison,2016/17,72,5.0,0.3847,27.6,5.9
203094,Andrew Nicholson,2016/17,38,2.92,0.4099,18.5,2.63
203952,Andrew Wiggins,2016/17,82,19.15,0.4844,35.6,23.57
1626148,Anthony Brown,2016/17,11,4.55,0.43,25.9,3.91
203076,Anthony Davis,2016/17,75,20.35,0.5177,29.9,27.99
201627,Anthony Morrow,2016/17,49,5.14,0.4702,30.8,5.53
201229,Anthony Tolliver,2016/17,65,5.4,0.5698,39.1,7.09
203462,Archie Goodwin,2016/17,15,4.4,0.5833,33.3,7.33
203085,Austin Rivers,2016/17,74,9.88,0.5178,37.1,12.01
202340,Avery Bradley,2016/17,55,14.09,0.5329,39.0,16.25
1626253,Axel Toupane,2016/17,4,2.25,0.6111,25.0,2.75
1627791,Ben Bentil,2016/17,3,1.0,0.0,0.0,0.0
203463,Ben McLemore,2016/17,61,6.87,0.5072,38.2,8.11
202687,Bismack Biyombo,2016/17,81,4.19,0.528,0.0,5.96
201933,Blake Griffin,2016/17,61,15.92,0.5129,33.6,21.57
201628,Bobby Brown,2016/17,25,2.4,0.5,40.0,2.48
1626171,Bobby Portis,2016/17,64,5.86,0.5307,33.3,6.83
203078,Bradley Beal,2016/17,77,17.17,0.5662,40.4,23.1
201148,Brandan Wright,2016/17,28,4.82,0.6148,0.0,6.75
101138,Brandon Bass,2016/17,52,3.58,0.578,33.3,5.62
1627742,Brandon Ingram,2016/17,79,8.68,0.4424,29.4,9.37
202688,Brandon Knight,2016/17,54,9.72,0.441,32.4,11.02
201575,Brandon Rush,2016/17,47,3.98,0.492,38.6,4.19
203148,Brian Roberts,2016/17,41,2.98,0.4467,38.6,3.46
1627362,Briante Weber,2016/17,20,3.0,0.425,10.0,3.1
1627744,Brice Johnson,2016/17,3,2.33,0.2857,0.0,1.33
201572,Brook Lopez,2016/17,75,15.63,0.5307,34.6,20.52
203998,Bruno Caboclo,2016/17,9,1.78,0.4375,33.3,1.56
1627854,Bryn Forbes,2016/17,36,2.75,0.4495,32.1,2.61
1627741,Buddy Hield,2016/17,82,9.35,0.5228,39.1,10.56
201228,C.J. Watson,2016/17,62,4.0,0.4516,30.5,4.53
203912,C.J. Wilcox,2016/17,22,1.41,0.3065,20.0,0.95
203468,CJ McCollum,2016/17,80,18.01,0.5444,42.1,22.96
101139,CJ Miles,2016/17,76,8.51,0.5649,41.3,10.72
1627747,Caris LeVert,2016/17,57,6.67,0.5276,32.1,8.21
202718,Chandler Parsons,2016/17,34,6.53,0.3941,26.9,6.18
101112,Channing Frye,2016/17,74,7.03,0.5894,40.9,9.14
1626184,Chasson Randle,2016/17,26,3.77,0.4898,34.0,5.27
1627767,Cheick Diallo,2016/17,17,4.47,0.4737,0.0,5.12
1627778,Chinanu Onuaku,2016/17,5,1.4,0.7143,0.0,2.8
1626191,Chris McCullough,2016/17,16,2.0,0.5156,14.3,2.25
101108,Chris Paul,2016/17,61,12.87,0.5554,41.1,18.1
1626174,Christian Wood,2016/17,13,1.77,0.5217,0.0,2.69
203469,Cody Zeller,2016/17,62,7.15,0.5711,0.0,10.31
201147,Corey Brewer,2016/17,82,4.24,0.4612,22.9,4.52
202709,Cory Joseph,2016/17,80,8.26,0.4887,35.6,9.25
201584,Courtney Lee,2016/17,77,9.14,0.5327,40.1,10.84
1626245,Cristiano Felicio,2016/17,66,3.35,0.5792,0.0,4.79
1626156,D'Angelo Russell,2016/17,63,13.76,0.4827,35.2,15.62
2563,Dahntay Jones,2016/17,1,8.0,0.375,0.0,9.0
1627745,Damian Jones,2016/17,10,1.6,0.5,0.0,1.9
203081,Damian Lillard,2016/17,75,19.84,0.5161,37.0,26.99
1627849,Daniel Ochefu,2016/17,19,1.42,0.4444,0.0,1.26
201967,Dante Cunningham,2016/17,66,5.44,0.5836,39.2,6.59
203957,Dante Exum,2016/17,66,5.5,0.4876,29.5,6.24
201954,Darren Collison,2016/17,68,10.5,0.5273,41.7,13.24
1626199,Darrun Hilliard,2016/17,39,3.23,0.4206,26.1,3.26
101135,David Lee,2016/17,79,5.32,0.5905,0.0,7.29
1628021,David Nwaba,2016/17,20,4.05,0.5864,20.0,6.0
2561,David West,2016/17,68,3.71,0.5417,37.5,4.65
201599,DeAndre Jordan,2016/17,81,7.12,0.714,0.0,12.7
202732,DeAndre Liggins,2016/17,62,2.29,0.4472,37.0,2.45
1627761,DeAndre' Bembry,2016/17,38,2.58,0.4847,5.6,2.66
201942,DeMar DeRozan,2016/17,74,20.88,0.4773,26.6,27.3
202326,DeMarcus Cousins,2016/17,72,19.89,0.4976,36.1,26.97
201960,DeMarre Carroll,2016/17,72,7.64,0.4991,34.1,8.86
1627749,Dejounte Murray,2016/17,38,3.05,0.4698,39.1,3.42
1626153,Delon Wright,2016/17,27,4.3,0.4655,33.3,5.56
1627743,Demetrius Jackson,2016/17,5,0.8,0.875,100.0,2.0
203471,Dennis Schröder,2016/17,79,15.37,0.4926,34.0,17.9
1627756,Denzel Valentine,2016/17,57,5.05,0.4809,35.1,5.11
101114,Deron Williams,2016/17,64,9.38,0.5092,36.3,10.95
202324,Derrick Favors,2016/17,50,8.34,0.4904,30.0,9.52
1627884,Derrick Jones Jr.,2016/17,32,3.78,0.5744,27.3,5.25
201565,Derrick Rose,2016/17,64,15.27,0.4775,21.7,18.03
202682,Derrick Williams,2016/17,50,4.88,0.5041,30.9,6.08
1626164,Devin Booker,2016/17,78,18.35,0.4748,36.3,22.13
2734,Devin Harris,2016/17,65,5.25,0.4839,32.8,6.72
203473,Dewayne Dedmon,2016/17,76,3.41,0.6216,0.0,5.09
1627738,Deyonta Davis,2016/17,36,1.31,0.5106,0.0,1.61
1627754,Diamond Stone,2016/17,7,1.86,0.2308,0.0,1.43
203079,Dion Waiters,2016/17,46,14.41,0.4879,39.5,15.85
1717,Dirk Nowitzki,2016/17,54,12.56,0.4948,37.8,14.24
1627827,Dorian Finney-Smith,2016/17,81,4.11,0.4565,29.3,4.32
203926,Doug McDermott,2016/17,66,7.53,0.5241,37.0,8.97
203110,Draymond Green,2016/17,76,8.55,0.4808,30.8,10.21
2730,Dwight Howard,2016/17,74,8.28,0.633,0.0,13.54
203939,Dwight Powell,2016/17,77,4.9,0.5424,28.4,6.7
2548,Dwyane Wade,2016/17,60,15.92,0.4571,31.0,18.27
202734,E'Twaun Moore,2016/17,73,8.48,0.5194,37.0,9.59
202334,Ed Davis,2016/17,46,3.09,0.5282,0.0,4.35
204002,Edy Tavares,2016/17,2,2.5,0.8,0.0,4.0
203901,Elfrid Payton,2016/17,82,11.12,0.4934,27.4,12.76
202407,Elijah Millsap,2016/17,2,3.5,0.1429,0.0,1.5
1626144,Emmanuel Mudiay,2016/17,55,10.02,0.4283,31.5,10.96
202683,Enes Freedom,2016/17,72,10.24,0.5488,13.2,14.35
202339,Eric Bledsoe,2016/17,66,15.67,0.4845,33.5,21.06
201569,Eric Gordon,2016/17,75,13.55,0.5266,37.2,16.23
203095,Evan Fournier,2016/17,68,13.68,0.5075,35.6,17.16
202323,Evan Turner,2016/17,65,8.49,0.4538,26.3,9.02
1626163,Frank Kaminsky,2016/17,75,10.69,0.4713,32.8,11.65
1627832,Fred VanVleet,2016/17,37,3.0,0.4009,37.9,2.89
202066,Garrett Temple,2016/17,65,6.65,0.5185,37.3,7.78
203914,Gary Harris,2016/17,57,11.18,0.5863,42.0,14.93
1627780,Gary Payton II,2016/17,6,3.67,0.3864,11.1,3.33
201588,George Hill,2016/17,49,12.37,0.5545,40.3,16.92
1627777,Georges Niang,2016/17,23,1.57,0.2639,8.3,0.91
101123,Gerald Green,2016/17,47,4.94,0.4935,35.1,5.57
201945,Gerald Henderson,2016/17,72,7.68,0.4783,35.3,9.19
203922,Glenn Robinson III,2016/17,69,4.9,0.5399,39.2,6.07
202330,Gordon Hayward,2016/17,73,15.84,0.5359,39.8,21.93
203476,Gorgui Dieng,2016/17,82,8.06,0.5144,37.2,9.95
202328,Greg Monroe,2016/17,81,8.96,0.5331,0.0,11.74
202349,Greivis Vasquez,2016/17,3,2.67,0.3125,33.3,2.33
203084,Harrison Barnes,2016/17,79,16.2,0.4984,35.1,19.22
202355,Hassan Whiteside,2016/17,77,12.64,0.557,0.0,17.0
1627740,Henry Ellenson,2016/17,19,3.37,0.4375,28.6,3.16
203138,Hollis Thompson,2016/17,40,5.0,0.465,33.7,5.12
203546,Ian Clark,2016/17,77,5.62,0.5577,37.4,6.84
202697,Iman Shumpert,2016/17,76,6.43,0.5072,36.0,7.46
203477,Isaiah Canaan,2016/17,39,4.44,0.4364,26.6,4.64
1627819,Isaiah Taylor,2016/17,4,1.75,0.1429,0.0,0.75
202738,Isaiah Thomas,2016/17,76,19.38,0.5462,37.9,28.93
1627785,Isaiah Whitehead,2016/17,73,6.96,0.4449,29.5,7.44
202397,Ish Smith,2016/17,81,9.25,0.4579,26.7,9.36
1627826,Ivica Zubac,2016/17,38,6.26,0.5294,0.0,7.47
200826,J.J. Barea,2016/17,35,9.8,0.4913,35.8,10.89
200755,JJ Redick,2016/17,78,11.41,0.5579,42.9,15.04
2747,JR Smith,2016/17,41,8.68,0.4789,35.1,8.56
203210,JaMychal Green,2016/17,77,6.49,0.555,37.9,8.95
201580,JaVale McGee,2016/17,77,4.14,0.652,0.0,6.13
203953,Jabari Parker,2016/17,51,15.96,0.5301,36.5,20.1
203109,Jae Crowder,2016/17,72,10.0,0.5715,39.8,13.88
1626143,Jahlil Okafor,2016/17,50,9.42,0.5138,0.0,11.8
1627774,Jake Layman,2016/17,35,2.54,0.3652,25.5,2.23
1627751,Jakob Poeltl,2016/17,54,2.13,0.5826,0.0,3.06
2037,Jamal Crawford,2016/17,82,10.61,0.4793,36.0,12.29
1627750,Jamal Murray,2016/17,82,8.9,0.4829,33.4,9.89
2749,Jameer Nelson,2016/17,75,8.05,0.5315,38.8,9.16
203516,James Ennis III,2016/17,64,5.02,0.5343,37.2,6.7
201935,James Harden,2016/17,81,18.93,0.5251,34.7,29.09
201949,James Johnson,2016/17,76,10.12,0.5351,34.0,12.83
2592,James Jones,2016/17,48,1.92,0.6467,47.0,2.75
203949,James Michael McAdoo,2016/17,52,2.25,0.5385,25.0,2.83
203923,James Young,2016/17,29,2.0,0.5345,34.3,2.34
201162,Jared Dudley,2016/17,64,5.41,0.565,37.9,6.78
203096,Jared Sullinger,2016/17,11,4.27,0.3511,16.7,3.36
204067,Jarell Eddie,2016/17,5,3.8,0.4211,25.0,4.8
1626185,Jarell Martin,2016/17,42,3.6,0.4139,36.0,3.93
203950,Jarnell Stokes,2016/17,2,0.5,1.0,0.0,1.5
101127,Jarrett Jack,2016/17,2,1.5,0.6667,0.0,3.0
1627784,Jarrod Uthoff,2016/17,9,4.22,0.4605,33.3,4.44
201160,Jason Smith,2016/17,74,4.45,0.5851,47.4,5.68
1891,Jason Terry,2016/17,74,3.28,0.5823,42.7,4.15
1627759,Jaylen Brown,2016/17,78,5.41,0.5095,34.3,6.6
201145,Jeff Green,2016/17,69,8.09,0.4418,27.5,9.25
201952,Jeff Teague,2016/17,82,11.09,0.4917,35.7,15.29
203481,Jeff Withey,2016/17,51,2.02,0.534,0.0,2.86
203924,Jerami Grant,2016/17,80,4.1,0.529,37.1,5.46
203087,Jeremy Lamb,2016/17,62,7.92,0.502,28.1,9.73
202391,Jeremy Lin,2016/17,36,11.11,0.51,37.2,14.53
1626170,Jerian Grant,2016/17,63,4.78,0.5066,36.6,5.87
201573,Jerryd Bayless,2016/17,3,10.67,0.375,40.0,11.0
202710,Jimmy Butler III,2016/17,76,16.47,0.4916,36.7,23.89
201149,Joakim Noah,2016/17,46,4.39,0.4901,0.0,5.04
201975,Jodie Meeks,2016/17,36,7.11,0.5117,40.9,9.08
203925,Joe Harris,2016/17,52,6.96,0.5428,38.5,8.23
2207,Joe Johnson,2016/17,78,8.03,0.5208,41.1,9.17
1626202,Joe Young,2016/17,33,2.18,0.3958,21.7,2.06
203954,Joel Embiid,2016/17,31,13.84,0.5082,36.7,20.23
203530,Joffrey Lauvergne,2016/17,70,4.8,0.4896,33.7,5.36
203089,John Henson,2016/17,58,5.33,0.5146,0.0,6.76
203098,John Jenkins,2016/17,4,1.25,0.5,50.0,1.75
101249,John Lucas III,2016/17,5,0.8,0.25,0.0,0.4
202322,John Wall,2016/17,78,18.4,0.4819,32.7,23.14
203948,Johnny O'Bryant III,2016/17,11,2.73,0.55,50.0,3.45
202720,Jon Leuer,2016/17,75,8.61,0.5178,29.3,10.23
201973,Jonas Jerebko,2016/17,78,3.36,0.521,34.6,3.83
1626780,Jonathan Gibson,2016/17,17,5.59,0.4474,33.3,6.24
203613,Jonathon Simmons,2016/17,78,5.4,0.4561,29.4,6.19
203903,Jordan Clarkson,2016/17,82,13.06,0.5,32.9,14.7
202348,Jordan Crawford,2016/17,19,11.47,0.5665,38.9,14.05
201941,Jordan Hill,2016/17,7,1.86,0.3846,0.0,1.71
1626175,Jordan Mickey,2016/17,25,1.36,0.4412,0.0,1.52
203962,Josh Huestis,2016/17,2,5.5,0.6364,50.0,7.0
201177,Josh McRoberts,2016/17,22,5.36,0.428,41.9,4.86
1626196,Josh Richardson,2016/17,53,9.68,0.4669,33.0,10.17
201950,Jrue Holiday,2016/17,67,13.33,0.5095,35.6,15.36
1627823,Juancho Hernangomez,2016/17,62,3.61,0.5536,40.7,4.92
203944,Julius Randle,2016/17,74,10.45,0.4987,27.0,13.18
202712,Justin Harper,2016/17,3,4.0,0.5,28.6,4.0
203200,Justin Holiday,2016/17,82,6.56,0.5232,35.5,7.67
1626159,Justise Winslow,2016/17,18,12.5,0.3711,20.0,10.89
203909,KJ McDaniels,2016/17,49,3.45,0.5148,30.3,4.2
1626157,Karl-Anthony Towns,2016/17,82,18.05,0.576,36.7,25.13
202695,Kawhi Leonard,2016/17,74,17.73,0.5408,38.0,25.51
1627770,Kay Felder,2016/17,42,3.76,0.4146,31.8,3.95
203482,Kelly Olynyk,2016/17,75,6.77,0.5787,35.4,9.04
1626162,Kelly Oubre Jr.,2016/17,79,5.59,0.4819,28.7,6.34
202689,Kemba Walker,2016/17,79,18.34,0.5266,39.9,23.16
202702,Kenneth Faried,2016/17,61,6.82,0.5481,0.0,9.62
203145,Kent Bazemore,2016/17,73,9.88,0.473,34.6,10.97
203484,Kentavious Caldwell-Pope,2016/17,76,12.21,0.4811,35.0,13.78
201142,Kevin Durant,2016/17,62,16.55,0.5941,37.5,25.08
201567,Kevin Love,2016/17,60,14.45,0.5104,37.3,19.03
202338,Kevin Seraphin,2016/17,49,4.04,0.5505,0.0,4.73
1626172,Kevon Looney,2016/17,53,2.02,0.5327,22.2,2.55
203114,Khris Middleton,2016/17,29,11.48,0.518,43.3,14.69
202691,Klay Thompson,2016/17,78,17.64,0.5654,41.4,22.33
201585,Kosta Koufos,2016/17,71,5.52,0.551,0.0,6.62
1627739,Kris Dunn,2016/17,78,4.01,0.4105,28.8,3.76
2743,Kris Humphries,2016/17,56,3.82,0.4509,35.2,4.59
204001,Kristaps Porziņģis,2016/17,66,14.92,0.5066,35.7,18.12
2594,Kyle Korver,2016/17,67,7.69,0.6214,45.1,10.12
200768,Kyle Lowry,2016/17,60,15.3,0.5692,41.2,22.4
203124,Kyle O'Quinn,2016/17,79,5.23,0.523,11.8,6.28
1627787,Kyle Wiltjer,2016/17,14,1.0,0.4286,30.8,0.93
202681,Kyrie Irving,2016/17,72,19.72,0.5349,40.1,25.22
203934,Lamar Patterson,2016/17,5,3.0,0.2333,16.7,1.8
202362,Lance Stephenson,2016/17,18,6.67,0.475,30.0,6.78
202498,Lance Thomas,2016/17,46,5.3,0.4754,44.7,5.98
204038,Langston Galloway,2016/17,74,7.36,0.4899,39.0,7.91
1626204,Larry Nance Jr.,2016/17,63,5.73,0.5402,27.8,7.13
202336,Larry Sanders,2016/17,5,0.8,0.25,0.0,0.8
2544,LeBron James,2016/17,74,18.16,0.5938,36.3,26.41
2571,Leandro Barbosa,2016/17,67,5.85,0.4834,35.7,6.25
101150,Lou Williams,2016/17,81,12.32,0.5105,36.5,17.54
201601,Luc Mbah a Moute,2016/17,80,4.72,0.5622,39.1,6.05
203512,Lucas Nogueira,2016/17,57,2.74,0.6699,25.0,4.44
2449,Luis Scola,2016/17,36,4.19,0.5265,34.0,5.11
2736,Luol Deng,2016/17,56,7.57,0.4469,30.9,7.59
1627781,Malachi Richardson,2016/17,22,3.09,0.4706,28.6,3.59
1627763,Malcolm Brogdon,2016/17,75,8.47,0.5181,40.4,10.23
1627098,Malcolm Delaney,2016/17,73,5.32,0.4072,23.6,5.36
1627736,Malik Beasley,2016/17,22,3.32,0.5137,32.1,3.77
202412,Manny Harris,2016/17,4,3.75,0.2,0.0,2.0
1938,Manu Ginobili,2016/17,69,6.36,0.4909,39.2,7.49
201158,Marco Belinelli,2016/17,74,8.31,0.5122,36.0,10.54
1627875,Marcus Georges-Hunt,2016/17,5,1.4,0.3571,50.0,2.8
202694,Marcus Morris Sr.,2016/17,79,12.75,0.4767,33.1,13.99
203935,Marcus Smart,2016/17,79,9.48,0.4219,28.3,10.57
201977,Marcus Thornton,2016/17,33,6.36,0.4667,35.0,6.64
202693,Markieff Morris,2016/17,76,11.7,0.4966,36.2,13.99
1627737,Marquese Chriss,2016/17,82,7.71,0.5063,32.1,9.18
201578,Marreese Speights,2016/17,82,6.68,0.5392,37.2,8.67
1627850,Marshall Plumlee,2016/17,21,1.43,0.5333,0.0,1.9
101107,Marvin Williams,2016/17,76,9.26,0.5099,35.0,11.17
203486,Mason Plumlee,2016/17,81,7.69,0.5361,0.0,10.4
2440,Matt Barnes,2016/17,74,6.39,0.4831,33.1,7.12
203521,Matthew Dellavedova,2016/17,76,7.03,0.4635,36.7,7.59
203090,Maurice Harkless,2016/17,77,8.1,0.5577,35.1,10.04
1626254,Maurice Ndour,2016/17,32,2.69,0.4593,14.3,3.06
1897,Metta World Peace,2016/17,25,2.72,0.3456,23.7,2.28
203086,Meyers Leonard,2016/17,74,5.11,0.4841,34.7,5.42
201563,Michael Beasley,2016/17,56,7.25,0.5542,41.9,9.43
203487,Michael Carter-Williams,2016/17,45,6.8,0.3905,23.4,6.6
1627771,Michael Gbinije,2016/17,9,1.11,0.1,0.0,0.44
203077,Michael Kidd-Gilchrist,2016/17,81,7.63,0.4782,11.1,9.17
201144,Mike Conley,2016/17,69,14.62,0.5446,40.8,20.51
2399,Mike Dunleavy,2016/17,53,4.15,0.5432,39.6,5.19
2034,Mike Miller,2016/17,20,1.15,0.5652,40.0,1.4
203488,Mike Muscala,2016/17,70,4.81,0.5727,41.8,6.21
203118,Mike Scott,2016/17,18,3.28,0.322,14.8,2.5
1627861,Mike Tobey,2016/17,2,2.0,0.25,0.0,1.0
203101,Miles Plumlee,2016/17,45,2.04,0.4783,0.0,2.51
101145,Monta Ellis,2016/17,74,7.53,0.482,31.9,8.51
1626149,Montrezl Harrell,2016/17,58,5.95,0.6536,14.3,9.09
1626167,Myles Turner,2016/17,81,10.73,0.5339,34.8,14.48
2403,Nene,2016/17,67,5.93,0.6209,33.3,9.09
203457,Nerlens Noel,2016/17,51,6.06,0.5955,0.0,8.73
2555,Nick Collison,2016/17,20,1.15,0.6087,0.0,1.65
201156,Nick Young,2016/17,60,10.55,0.564,40.4,13.18
1627852,Nicolas Brussino,2016/17,54,2.61,0.4716,30.5,2.78
203917,Nik Stauskas,2016/17,80,7.92,0.5,36.8,9.45
203999,Nikola Jokić,2016/17,73,11.7,0.6048,32.4,16.73
202703,Nikola Mirotic,2016/17,70,8.93,0.516,34.2,10.63
202696,Nikola Vučević,2016/17,75,13.75,0.4796,30.7,14.61
203943,Noah Vonleh,2016/17,74,3.65,0.4944,35.0,4.42
1626181,Norman Powell,2016/17,76,6.66,0.504,32.4,8.37
202708,Norris Cole,2016/17,13,4.0,0.3365,23.1,3.31
1627855,Okaro White,2016/17,35,2.49,0.4483,35.3,2.8
201956,Omri Casspi,2016/17,36,4.56,0.5152,34.9,5.17
203490,Otto Porter Jr.,2016/17,80,10.04,0.6077,43.4,13.44
200782,P.J. Tucker,2016/17,81,5.95,0.4855,35.7,6.67
1627783,Pascal Siakam,2016/17,55,3.73,0.5049,14.3,4.16
1626192,Pat Connaughton,2016/17,39,1.85,0.6319,51.5,2.51
1627868,Patricio Garino,2016/17,5,1.4,0.0,0.0,0.0
201976,Patrick Beverley,2016/17,67,8.1,0.5212,38.2,9.54
1627775,Patrick McCaw,2016/17,71,3.45,0.5163,33.3,3.97
202335,Patrick Patterson,2016/17,65,5.91,0.5234,37.2,6.85
201988,Patty Mills,2016/17,80,7.76,0.558,41.4,9.49
2200,Pau Gasol,2016/17,64,9.44,0.548,53.8,12.38
202331,Paul George,2016/17,75,17.97,0.5338,39.3,23.67
200794,Paul Millsap,2016/17,69,14.09,0.481,31.1,18.06
1718,Paul Pierce,2016/17,25,2.8,0.5071,34.9,3.24
1627835,Paul Zipser,2016/17,44,5.02,0.4729,33.3,5.45
203510,Pierre Jackson,2016/17,9,4.33,0.3718,27.3,3.89
1626188,Quinn Cook,2016/17,14,4.71,0.5833,42.3,5.64
1626154,RJ Hunter,2016/17,3,0.33,0.0,0.0,0.0
200765,Rajon Rondo,2016/17,69,8.13,0.4528,37.6,7.8
1626176,Rakeem Christmas,2016/17,29,1.48,0.4419,0.0,2.03
201196,Ramon Sessions,2016/17,50,5.26,0.4202,33.9,6.24
200751,Randy Foye,2016/17,69,4.71,0.4662,33.0,5.17
1626173,Rashad Vaughn,2016/17,41,3.8,0.4487,32.1,3.46
203526,Raul Neto,2016/17,40,2.27,0.5055,32.3,2.5
101109,Raymond Felton,2016/17,80,6.42,0.4747,31.9,6.72
203493,Reggie Bullock Jr.,2016/17,31,4.13,0.5312,38.4,4.55
202704,Reggie Jackson,2016/17,52,13.02,0.4682,35.9,14.46
2210,Richard Jefferson,2016/17,79,4.34,0.5364,33.3,5.67
1626158,Richaun Holmes,2016/17,57,7.23,0.591,35.1,9.81
201937,Ricky Rubio,2016/17,75,8.67,0.4477,30.6,11.15
203496,Robert Covington,2016/17,67,10.93,0.4925,33.3,12.9
201577,Robin Lopez,2016/17,81,9.57,0.4929,0.0,10.36
203918,Rodney Hood,2016/17,59,11.29,0.494,37.1,12.68
203585,Rodney McGruder,2016/17,78,5.9,0.4924,33.2,6.37
201155,Rodney Stuckey,2016/17,39,6.26,0.4119,31.7,7.21
1626178,Rondae Hollis-Jefferson,2016/17,78,6.95,0.4474,22.4,8.65
101179,Ronnie Price,2016/17,14,1.71,0.2292,17.6,1.0
201579,Roy Hibbert,2016/17,48,3.06,0.5442,0.0,4.6
200752,Rudy Gay,2016/17,30,14.73,0.5023,37.2,18.73
203497,Rudy Gobert,2016/17,81,7.72,0.6608,0.0,14.04
201566,Russell Westbrook,2016/17,81,23.96,0.476,34.3,31.58
203527,Ryan Kelly,2016/17,16,1.75,0.3571,40.0,1.56
1626155,Sam Dekker,2016/17,77,5.57,0.5431,32.1,6.55
2756,Sasha Vujacic,2016/17,42,3.24,0.3934,31.1,2.95
203930,Sean Kilpatrick,2016/17,70,10.5,0.4864,34.1,13.13
203902,Semaj Christon,2016/17,64,3.48,0.3722,19.0,2.86
201586,Serge Ibaka,2016/17,79,12.43,0.5428,39.1,14.85
200771,Sergio Rodriguez,2016/17,68,7.88,0.4776,36.5,7.79
203552,Seth Curry,2016/17,70,10.04,0.5782,42.5,12.83
203498,Shabazz Muhammad,2016/17,78,7.67,0.5226,33.8,9.9
203894,Shabazz Napier,2016/17,53,3.45,0.4918,37.0,4.11
2733,Shaun Livingston,2016/17,76,4.16,0.5491,33.3,5.12
1627848,Shawn Long,2016/17,18,6.06,0.5917,36.8,8.22
1627815,Sheldon Mac,2016/17,30,2.5,0.4467,23.3,3.0
202714,Shelvin Mack,2016/17,55,6.93,0.4948,30.8,7.82
1627746,Skal Labissiere,2016/17,33,6.61,0.5436,37.5,8.76
203524,Solomon Hill,2016/17,80,5.97,0.4812,34.8,7.04
203915,Spencer Dinwiddie,2016/17,59,5.12,0.5066,37.6,7.32
201150,Spencer Hawes,2016/17,54,5.13,0.5289,30.9,6.24
1626169,Stanley Johnson,2016/17,77,4.74,0.4151,29.2,4.4
201939,Stephen Curry,2016/17,79,18.27,0.58,41.1,25.3
1627757,Stephen Zimmerman,2016/17,19,1.63,0.3226,0.0,1.21
200779,Steve Novak,2016/17,8,0.88,0.3571,16.7,0.62
204456,T.J. McConnell,2016/17,81,6.32,0.4717,20.0,6.86
203933,T.J. Warren,2016/17,66,12.33,0.5111,26.5,14.41
201959,Taj Gibson,2016/17,78,9.09,0.5169,23.1,10.85
204028,Tarik Black,2016/17,67,4.39,0.5119,50.0,5.72
1627752,Taurean Prince,2016/17,59,4.83,0.4579,32.4,5.68
203093,Terrence Jones,2016/17,54,9.11,0.4888,25.3,10.81
203082,Terrence Ross,2016/17,78,9.56,0.5322,36.3,11.0
1626179,Terry Rozier,2016/17,74,5.55,0.4367,31.8,5.54
201152,Thaddeus Young,2016/17,74,9.28,0.5597,38.1,11.0
203080,Thomas Robinson,2016/17,48,4.08,0.5357,0.0,5.02
1627748,Thon Maker,2016/17,57,3.18,0.5359,37.8,3.96
204025,Tim Frazier,2016/17,65,6.22,0.453,31.3,7.14
203501,Tim Hardaway Jr.,2016/17,79,11.54,0.5367,35.7,14.47
1627817,Tim Quarterman,2016/17,16,1.81,0.5345,38.5,1.94
1627789,Timothe Luwawu-Cabarrot,2016/17,69,5.23,0.4709,31.1,6.45
202699,Tobias Harris,2016/17,82,12.96,0.532,34.7,16.11
201962,Toney Douglas,2016/17,24,4.88,0.3974,16.7,4.88
2225,Tony Parker,2016/17,63,9.03,0.4859,33.3,10.13
203503,Tony Snell,2016/17,80,6.76,0.5878,40.6,8.54
1626203,Treveon Graham,2016/17,27,1.48,0.5875,60.0,2.11
202344,Trevor Booker,2016/17,71,8.32,0.5372,32.1,9.99
203504,Trey Burke,2016/17,57,4.47,0.5157,44.3,5.0
202684,Tristan Thompson,2016/17,78,5.6,0.5995,0.0,8.08
203584,Troy Daniels,2016/17,67,7.39,0.5131,38.9,8.22
1627786,Troy Williams,2016/17,30,5.57,0.491,29.0,6.17
203898,Tyler Ennis,2016/17,53,3.92,0.4976,38.6,4.3
204020,Tyler Johnson,2016/17,73,11.29,0.4897,37.2,13.73
1627755,Tyler Ulis,2016/17,61,7.16,0.4451,26.6,7.28
203092,Tyler Zeller,2016/17,51,3.1,0.4937,0.0,3.49
201936,Tyreke Evans,2016/17,40,9.25,0.4622,35.6,10.28
2199,Tyson Chandler,2016/17,47,4.85,0.6711,0.0,8.45
1626145,Tyus Jones,2016/17,60,3.02,0.4862,35.6,3.48
2617,Udonis Haslem,2016/17,16,1.44,0.4783,0.0,1.94
203506,Victor Oladipo,2016/17,67,13.91,0.5102,36.1,15.93
1713,Vince Carter,2016/17,73,6.71,0.5082,37.8,8.03
201961,Wayne Ellington,2016/17,62,8.95,0.5505,37.8,10.45
1627782,Wayne Selden,2016/17,14,4.14,0.4914,25.0,5.07
202325,Wesley Johnson,2016/17,68,2.94,0.4375,24.6,2.74
202083,Wesley Matthews,2016/17,73,11.6,0.4959,36.3,13.51
203115,Will Barton,2016/17,60,11.1,0.5083,37.0,13.67
1626161,Willie Cauley-Stein,2016/17,75,6.41,0.5301,0.0,8.15
1626195,Willy Hernangomez,2016/17,72,6.46,0.5333,26.7,8.15
201163,Wilson Chandler,2016/17,71,13.23,0.5197,33.7,15.73
1627812,Yogi Ferrell,2016/17,46,8.57,0.4924,38.6,10.04
203897,Zach LaVine,2016/17,47,15.11,0.5437,38.7,18.91
2216,Zach Randolph,2016/17,73,13.21,0.4601,22.3,14.08
201166,Aaron Brooks,2017/18,32,2.16,0.4855,35.5,2.34
203932,Aaron Gordon,2017/18,58,14.91,0.5,33.6,17.62
1626151,Aaron Harrison,2017/18,9,7.67,0.3406,20.9,6.67
1628935,Aaron Jackson,2017/18,1,9.0,0.3889,25.0,8.0
1627846,Abdel Nader,2017/18,48,3.1,0.4128,35.4,3.04
203940,Adreian Payne,2017/18,5,2.0,0.8,66.7,4.2
201143,Al Horford,2017/18,72,10.46,0.5531,42.9,12.88
2744,Al Jefferson,2017/18,36,5.78,0.5337,0.0,7.0
1626210,Alan Williams,2017/18,5,3.6,0.3889,0.0,4.0
202692,Alec Burks,2017/18,64,6.47,0.4674,33.1,7.72
1628409,Alec Peters,2017/18,20,3.7,0.5,31.0,4.1
1627936,Alex Caruso,2017/18,37,3.14,0.4871,30.2,3.62
203458,Alex Len,2017/18,69,5.48,0.5675,33.3,8.51
1627816,Alex Poythress,2017/18,25,1.04,0.5,36.4,1.04
1628035,Alfonzo McKinnie,2017/18,14,1.07,0.6333,33.3,1.5
203459,Allen Crabbe,2017/18,75,11.03,0.529,37.8,13.2
101161,Amir Johnson,2017/18,74,3.51,0.5577,31.3,4.62
203083,Andre Drummond,2017/18,78,11.29,0.5289,0.0,15.01
2738,Andre Iguodala,2017/18,64,5.0,0.5141,28.2,6.0
201281,Andre Ingram,2017/18,2,8.5,0.6176,55.6,12.0
203460,Andre Roberson,2017/18,39,4.15,0.5617,22.2,4.97
101106,Andrew Bogut,2017/18,24,1.04,0.68,0.0,1.5
1626150,Andrew Harrison,2017/18,56,7.66,0.4767,33.1,9.52
1628510,Andrew White III,2017/18,15,4.87,0.4658,36.7,4.6
203952,Andrew Wiggins,2017/18,82,15.85,0.4808,33.1,17.71
1627790,Ante Zizic,2017/18,32,2.09,0.7313,0.0,3.72
1626148,Anthony Brown,2017/18,1,1.0,1.5,100.0,3.0
203076,Anthony Davis,2017/18,75,19.49,0.5523,34.0,28.13
201229,Anthony Tolliver,2017/18,79,5.97,0.6324,43.6,8.9
1628469,Antonio Blakeney,2017/18,19,7.53,0.4231,28.8,7.95
1628499,Antonius Cleveland,2017/18,17,1.24,0.4524,75.0,1.35
203085,Austin Rivers,2017/18,61,13.2,0.5081,37.8,15.08
202340,Avery Bradley,2017/18,46,13.59,0.4744,36.9,14.26
203463,Ben McLemore,2017/18,56,6.66,0.4946,34.6,7.54
1627732,Ben Simmons,2017/18,81,12.32,0.5451,0.0,15.79
202687,Bismack Biyombo,2017/18,82,4.29,0.5199,0.0,5.71
201933,Blake Griffin,2017/18,58,17.17,0.4935,34.5,21.41
201628,Bobby Brown,2017/18,20,2.9,0.4224,27.5,2.5
1626171,Bobby Portis,2017/18,73,11.11,0.5203,35.9,13.21
203078,Bradley Beal,2017/18,82,18.1,0.5273,37.5,22.65
201148,Brandan Wright,2017/18,28,3.64,0.5784,0.0,4.96
1627742,Brandon Ingram,2017/18,59,12.9,0.4974,39.0,16.08
203464,Brandon Paul,2017/18,64,1.98,0.4921,27.8,2.3
1627362,Briante Weber,2017/18,18,2.39,0.4884,36.4,2.78
1627744,Brice Johnson,2017/18,18,2.33,0.4762,0.0,2.39
201572,Brook Lopez,2017/18,74,10.72,0.5359,34.5,12.99
203998,Bruno Caboclo,2017/18,12,2.58,0.3387,17.6,2.17
1627854,Bryn Forbes,2017/18,80,6.21,0.5101,39.0,6.94
1627741,Buddy Hield,2017/18,80,11.66,0.5402,43.1,13.49
203710,C.J. Williams,2017/18,38,5.18,0.4975,28.2,5.5
203468,CJ McCollum,2017/18,81,18.58,0.506,39.7,21.38
101139,CJ Miles,2017/18,70,8.56,0.5159,36.1,9.99
1628403,Caleb Swanigan,2017/18,27,2.22,0.4083,12.5,2.26
1627747,Caris LeVert,2017/18,71,10.35,0.4932,34.7,12.08
202718,Chandler Parsons,2017/18,36,6.5,0.5705,42.1,7.89
101112,Channing Frye,2017/18,53,4.0,0.5825,33.9,4.98
1628429,Charles Cooke,2017/18,13,1.08,0.1786,12.5,0.46
1627767,Cheick Diallo,2017/18,52,3.38,0.5795,0.0,4.88
1627778,Chinanu Onuaku,2017/18,1,5.0,0.4,0.0,4.0
1628449,Chris Boucher,2017/18,1,1.0,0.0,0.0,0.0
1626191,Chris McCullough,2017/18,19,2.21,0.4405,12.5,2.42
101108,Chris Paul,2017/18,58,13.76,0.5501,38.0,18.64
203469,Cody Zeller,2017/18,33,4.73,0.5513,66.7,7.06
201147,Corey Brewer,2017/18,72,4.39,0.4984,28.2,5.28
202709,Cory Joseph,2017/18,82,7.37,0.4793,35.3,7.91
201584,Courtney Lee,2017/18,76,9.93,0.5291,40.6,12.01
1626245,Cristiano Felicio,2017/18,55,3.91,0.5907,0.0,5.6
1626156,D'Angelo Russell,2017/18,48,14.0,0.4807,32.4,15.48
1628391,D.J. Wilson,2017/18,22,0.73,0.625,40.0,0.95
1626177,Dakari Johnson,2017/18,31,1.26,0.5641,0.0,1.77
1627745,Damian Jones,2017/18,15,1.47,0.5,0.0,1.67
203081,Damian Lillard,2017/18,73,19.38,0.5191,36.1,26.88
2863,Damien Wilkins,2017/18,19,2.05,0.3846,22.2,1.74
1627814,Damion Lee,2017/18,15,10.13,0.4572,25.0,10.73
1628422,Damyean Dotson,2017/18,44,3.66,0.5155,32.4,4.14
1627772,Daniel Hamilton,2017/18,6,1.83,0.5455,40.0,2.0
201967,Dante Cunningham,2017/18,73,4.99,0.5302,34.5,5.71
203957,Dante Exum,2017/18,14,6.21,0.5115,27.8,8.14
1627863,Danuel House Jr.,2017/18,23,5.61,0.4922,25.9,6.61
201954,Darren Collison,2017/18,69,9.25,0.5705,46.8,12.39
1626199,Darrun Hilliard,2017/18,14,1.36,0.2632,0.0,1.14
1628021,David Nwaba,2017/18,70,6.04,0.4988,34.6,7.93
204065,David Stockton,2017/18,3,1.0,1.0,66.7,3.33
2561,David West,2017/18,73,5.18,0.5754,37.5,6.78
1628432,Davon Reed,2017/18,21,3.62,0.3618,28.9,3.0
1628368,De'Aaron Fox,2017/18,73,10.92,0.441,30.7,11.56
201599,DeAndre Jordan,2017/18,77,7.51,0.6453,0.0,12.04
202732,DeAndre Liggins,2017/18,58,1.83,0.467,35.8,1.74
1627761,DeAndre' Bembry,2017/18,26,4.92,0.457,36.7,5.23
201942,DeMar DeRozan,2017/18,80,17.66,0.488,31.0,23.0
202326,DeMarcus Cousins,2017/18,48,18.0,0.5301,35.4,25.21
201960,DeMarre Carroll,2017/18,73,10.75,0.5064,37.1,13.47
1627749,Dejounte Murray,2017/18,81,7.52,0.4507,26.5,8.07
1626153,Delon Wright,2017/18,69,6.26,0.5301,36.6,8.04
1627743,Demetrius Jackson,2017/18,15,1.2,0.4167,14.3,1.07
203471,Dennis Schröder,2017/18,67,17.1,0.4695,29.0,19.42
1628372,Dennis Smith Jr.,2017/18,69,14.84,0.4463,31.3,15.19
1627756,Denzel Valentine,2017/18,77,9.36,0.5166,38.6,10.17
202324,Derrick Favors,2017/18,77,9.12,0.5726,22.2,12.26
1627884,Derrick Jones Jr.,2017/18,20,2.65,0.4245,16.7,3.05
201565,Derrick Rose,2017/18,25,7.44,0.4543,23.3,8.36
1628476,Derrick Walton Jr.,2017/18,16,1.56,0.46,41.2,1.81
1628401,Derrick White,2017/18,17,1.94,0.6061,61.5,3.18
202682,Derrick Williams,2017/18,2,2.0,0.25,0.0,1.0
1626164,Devin Booker,2017/18,54,19.52,0.5014,38.3,24.93
2734,Devin Harris,2017/18,71,6.39,0.4989,34.8,8.38
1628421,Devin Robinson,2017/18,1,3.0,0.3333,0.0,2.0
203473,Dewayne Dedmon,2017/18,62,7.69,0.5765,35.5,9.95
1627738,Deyonta Davis,2017/18,62,4.27,0.6075,0.0,5.81
1628415,Dillon Brooks,2017/18,82,9.41,0.5013,35.6,10.95
203079,Dion Waiters,2017/18,30,13.67,0.461,30.6,14.3
1717,Dirk Nowitzki,2017/18,77,9.84,0.5475,40.9,12.04
1628378,Donovan Mitchell,2017/18,79,17.24,0.5055,34.0,20.46
1627827,Dorian Finney-Smith,2017/18,21,5.76,0.4628,29.9,5.86
203926,Doug McDermott,2017/18,81,6.27,0.5571,42.6,7.78
203110,Draymond Green,2017/18,70,8.84,0.5162,30.1,11.04
2730,Dwight Howard,2017/18,81,11.25,0.556,14.3,16.63
203939,Dwight Powell,2017/18,79,5.44,0.6256,33.3,8.49
2548,Dwyane Wade,2017/18,67,10.18,0.4619,28.8,11.42
202734,E'Twaun Moore,2017/18,82,10.15,0.5853,42.5,12.46
202334,Ed Davis,2017/18,78,3.74,0.5822,0.0,5.31
1628410,Edmond Sumner,2017/18,1,1.0,1.0,0.0,2.0
202327,Ekpe Udoh,2017/18,63,1.9,0.5,0.0,2.57
203901,Elfrid Payton,2017/18,63,10.59,0.5157,32.6,12.65
2731,Emeka Okafor,2017/18,26,3.65,0.5053,0.0,4.38
1626144,Emmanuel Mudiay,2017/18,64,8.22,0.4325,31.8,8.64
202683,Enes Freedom,2017/18,71,10.04,0.5919,0.0,14.08
202339,Eric Bledsoe,2017/18,74,13.36,0.5364,34.7,17.74
201569,Eric Gordon,2017/18,69,14.06,0.5402,35.9,18.01
203961,Eric Moreland,2017/18,67,1.82,0.541,0.0,2.13
1628571,Erik McCree,2017/18,4,0.5,0.0,0.0,0.0
203095,Evan Fournier,2017/18,57,14.07,0.538,37.9,17.77
202323,Evan Turner,2017/18,79,7.3,0.4835,31.8,8.22
1626163,Frank Kaminsky,2017/18,79,9.06,0.5014,38.0,11.05
1628412,Frank Mason III,2017/18,52,7.31,0.4197,36.0,7.94
1628373,Frank Ntilikina,2017/18,78,6.41,0.414,31.8,5.94
1627832,Fred VanVleet,2017/18,76,7.17,0.5248,41.4,8.63
202066,Garrett Temple,2017/18,65,7.32,0.5116,39.2,8.42
203914,Gary Harris,2017/18,67,13.55,0.5705,39.6,17.46
1627780,Gary Payton II,2017/18,23,3.22,0.4459,24.0,3.0
201588,George Hill,2017/18,67,7.66,0.5429,41.5,9.96
1627777,Georges Niang,2017/18,9,1.22,0.3636,0.0,1.0
101123,Gerald Green,2017/18,41,10.07,0.54,36.9,12.12
1628492,Gian Clavell,2017/18,7,2.57,0.5,40.0,2.86
203922,Glenn Robinson III,2017/18,23,3.7,0.5059,41.2,4.13
202330,Gordon Hayward,2017/18,1,2.0,0.5,0.0,2.0
203476,Gorgui Dieng,2017/18,79,4.91,0.5039,31.1,5.95
202328,Greg Monroe,2017/18,51,7.57,0.5648,0.0,10.27
203084,Harrison Barnes,2017/18,77,15.69,0.4938,35.7,18.86
202355,Hassan Whiteside,2017/18,54,10.7,0.5415,100.0,13.96
1627740,Henry Ellenson,2017/18,38,3.84,0.4315,33.3,3.97
203546,Ian Clark,2017/18,74,6.69,0.5111,31.8,7.45
202697,Iman Shumpert,2017/18,14,4.14,0.4397,26.9,4.43
203477,Isaiah Canaan,2017/18,20,6.85,0.4599,33.3,8.6
1628439,Isaiah Hicks,2017/18,18,4.0,0.4722,22.2,4.44
1627819,Isaiah Taylor,2017/18,67,5.82,0.4436,25.0,6.64
202738,Isaiah Thomas,2017/18,32,13.16,0.4382,29.3,15.19
1627785,Isaiah Whitehead,2017/18,16,5.38,0.5058,38.9,6.25
202397,Ish Smith,2017/18,82,9.77,0.5075,34.7,10.9
1628397,Ivan Rabb,2017/18,36,4.22,0.5658,0.0,5.58
1627826,Ivica Zubac,2017/18,43,2.84,0.5,0.0,3.74
200826,J.J. Barea,2017/18,69,10.0,0.5225,36.7,11.61
200755,JJ Redick,2017/18,70,12.56,0.5694,42.0,17.11
2747,JR Smith,2017/18,80,7.44,0.5235,37.5,8.28
203960,JaKarr Sampson,2017/18,22,3.68,0.5741,50.0,4.68
203210,JaMychal Green,2017/18,55,8.87,0.501,33.9,10.35
201580,JaVale McGee,2017/18,65,3.37,0.621,0.0,4.77
1628444,Jabari Bird,2017/18,13,2.0,0.6346,42.9,3.0
203953,Jabari Parker,2017/18,31,10.71,0.5286,38.3,12.61
1626643,Jacob Pullen,2017/18,3,0.67,0.5,0.0,0.67
1628451,Jacob Wiley,2017/18,5,0.8,0.375,50.0,0.8
203109,Jae Crowder,2017/18,80,8.39,0.4858,32.3,9.66
1626143,Jahlil Okafor,2017/18,28,4.93,0.5616,25.0,6.29
1627774,Jake Layman,2017/18,35,1.34,0.3404,20.0,0.97
1627751,Jakob Poeltl,2017/18,82,4.68,0.6602,50.0,6.91
1627883,Jalen Jones,2017/18,16,4.25,0.4559,38.5,4.62
2037,Jamal Crawford,2017/18,80,9.28,0.4852,33.1,10.28
1627750,Jamal Murray,2017/18,81,13.11,0.5287,37.8,16.69
1627866,Jameel Warney,2017/18,3,4.0,0.5833,0.0,5.67
2749,Jameer Nelson,2017/18,50,4.88,0.4734,33.1,4.94
203516,James Ennis III,2017/18,72,5.33,0.5404,33.3,7.11
201935,James Harden,2017/18,72,20.12,0.5407,36.7,30.43
201949,James Johnson,2017/18,73,8.41,0.5497,30.8,10.79
203949,James Michael McAdoo,2017/18,3,2.33,0.4286,28.6,2.67
1627821,James Webb III,2017/18,10,2.4,0.3333,21.1,1.6
203923,James Young,2017/18,6,2.33,0.4643,30.0,2.83
203966,Jamil Wilson,2017/18,15,5.4,0.6358,42.9,7.0
201162,Jared Dudley,2017/18,48,2.54,0.5123,36.3,3.17
204067,Jarell Eddie,2017/18,3,0.67,0.0,0.0,0.0
1626185,Jarell Martin,2017/18,73,6.79,0.4798,34.7,7.74
101127,Jarrett Jack,2017/18,62,7.15,0.4549,29.1,7.52
201160,Jason Smith,2017/18,33,3.48,0.4087,12.5,3.42
1891,Jason Terry,2017/18,51,3.02,0.513,34.8,3.25
1628393,Jawun Evans,2017/18,48,5.27,0.3814,27.8,4.81
1627759,Jaylen Brown,2017/18,70,11.47,0.5399,39.5,14.53
1628537,Jaylen Morris,2017/18,6,5.33,0.4375,20.0,4.67
1628369,Jayson Tatum,2017/18,80,10.44,0.5383,43.4,13.9
201145,Jeff Green,2017/18,78,7.92,0.5202,31.2,10.85
201952,Jeff Teague,2017/18,70,11.34,0.4987,36.8,14.2
203481,Jeff Withey,2017/18,10,1.6,0.4375,20.0,1.5
203924,Jerami Grant,2017/18,81,5.63,0.5702,29.1,8.42
202379,Jeremy Evans,2017/18,1,1.0,1.0,0.0,2.0
203087,Jeremy Lamb,2017/18,80,10.4,0.5132,37.0,12.91
202391,Jeremy Lin,2017/18,1,12.0,0.4583,50.0,18.0
1626170,Jerian Grant,2017/18,74,6.8,0.4761,32.6,8.36
201573,Jerryd Bayless,2017/18,39,6.72,0.5191,37.0,7.87
202710,Jimmy Butler III,2017/18,59,15.61,0.5125,35.0,22.15
201149,Joakim Noah,2017/18,7,1.43,0.5,0.0,1.71
201975,Jodie Meeks,2017/18,77,5.1,0.4911,34.3,6.32
203925,Joe Harris,2017/18,78,7.96,0.6119,41.9,10.85
2207,Joe Johnson,2017/18,55,6.55,0.4611,27.6,6.76
1626202,Joe Young,2017/18,53,3.51,0.4973,37.9,3.91
203954,Joel Embiid,2017/18,63,16.76,0.5142,30.8,22.94
203530,Joffrey Lauvergne,2017/18,55,3.45,0.5158,0.0,4.11
1628381,John Collins,2017/18,74,7.36,0.5908,34.0,10.5
203089,John Henson,2017/18,76,6.61,0.5727,14.3,8.75
204066,John Holland,2017/18,24,2.46,0.3814,30.6,2.25
202322,John Wall,2017/18,41,16.27,0.4663,37.1,19.44
1628405,Johnathan Motley,2017/18,11,6.82,0.54,16.7,8.73
203948,Johnny O'Bryant III,2017/18,36,4.75,0.4386,32.6,4.75
202720,Jon Leuer,2017/18,8,4.5,0.4167,0.0,5.38
201973,Jonas Jerebko,2017/18,74,4.61,0.5616,41.4,5.8
1626780,Jonathan Gibson,2017/18,4,5.75,0.7391,50.0,8.5
1628371,Jonathan Isaac,2017/18,27,5.37,0.4345,34.8,5.37
203613,Jonathon Simmons,2017/18,69,11.03,0.5105,33.8,13.94
1628395,Jordan Bell,2017/18,57,3.25,0.627,0.0,4.6
203903,Jordan Clarkson,2017/18,81,11.78,0.5094,35.2,13.88
202348,Jordan Crawford,2017/18,5,5.4,0.5926,57.1,6.6
1626175,Jordan Mickey,2017/18,23,3.57,0.4878,12.5,4.04
1627982,Josh Gray,2017/18,5,8.2,0.3049,23.1,6.4
1628404,Josh Hart,2017/18,63,5.95,0.5733,39.6,7.87
203962,Josh Huestis,2017/18,69,2.64,0.4203,28.7,2.3
1628367,Josh Jackson,2017/18,77,12.1,0.448,26.3,13.14
203705,Josh Magette,2017/18,18,2.56,0.413,36.4,2.56
201177,Josh McRoberts,2017/18,2,0.5,0.0,0.0,0.0
1626196,Josh Richardson,2017/18,81,10.93,0.5226,37.8,12.9
2746,Josh Smith,2017/18,3,1.33,0.25,0.0,0.67
201950,Jrue Holiday,2017/18,81,15.36,0.5426,33.7,18.98
1627823,Juancho Hernangomez,2017/18,25,3.0,0.48,28.0,3.28
203944,Julius Randle,2017/18,82,11.02,0.5631,22.2,16.13
202933,Julyan Stone,2017/18,23,0.57,0.6923,46.2,0.83
203200,Justin Holiday,2017/18,72,10.86,0.4738,35.9,12.17
1628382,Justin Jackson,2017/18,68,6.16,0.5095,30.8,6.66
1628383,Justin Patton,2017/18,1,2.0,0.5,0.0,2.0
1626159,Justise Winslow,2017/18,68,7.18,0.4744,38.0,7.78
1626157,Karl-Anthony Towns,2017/18,82,14.29,0.5964,42.1,21.26
202695,Kawhi Leonard,2017/18,9,12.33,0.518,31.4,16.22
1627770,Kay Felder,2017/18,16,4.38,0.3286,21.1,3.56
203482,Kelly Olynyk,2017/18,76,8.37,0.5802,37.9,11.47
1626162,Kelly Oubre Jr.,2017/18,81,9.75,0.4823,34.1,11.77
202689,Kemba Walker,2017/18,80,17.04,0.5161,38.4,22.12
2570,Kendrick Perkins,2017/18,1,2.0,0.5,0.0,3.0
202702,Kenneth Faried,2017/18,32,4.62,0.5135,0.0,5.88
203145,Kent Bazemore,2017/18,65,10.4,0.5,39.4,12.86
203484,Kentavious Caldwell-Pope,2017/18,74,10.78,0.5257,38.3,13.41
201142,Kevin Durant,2017/18,68,17.97,0.5863,41.9,26.35
201567,Kevin Love,2017/18,59,12.36,0.5521,41.5,17.61
1626172,Kevon Looney,2017/18,66,2.92,0.5829,20.0,4.05
203920,Khem Birch,2017/18,42,3.0,0.5397,0.0,4.24
203114,Khris Middleton,2017/18,82,15.51,0.5236,35.9,20.15
202691,Klay Thompson,2017/18,73,16.12,0.5858,44.0,20.01
201585,Kosta Koufos,2017/18,71,5.48,0.5707,0.0,6.72
1627739,Kris Dunn,2017/18,52,12.81,0.4617,32.1,13.44
204001,Kristaps Porziņģis,2017/18,48,18.52,0.4893,39.5,22.67
1627858,Kyle Collinsworth,2017/18,32,3.09,0.404,23.5,3.16
2594,Kyle Korver,2017/18,73,6.63,0.6281,43.6,9.21
1628398,Kyle Kuzma,2017/18,77,13.49,0.5269,36.6,16.13
200768,Kyle Lowry,2017/18,78,12.1,0.553,39.9,16.24
203124,Kyle O'Quinn,2017/18,77,4.99,0.5885,23.5,7.14
202681,Kyrie Irving,2017/18,60,18.12,0.5676,40.8,24.43
202362,Lance Stephenson,2017/18,82,8.65,0.4746,28.9,9.23
202498,Lance Thomas,2017/18,73,3.66,0.4757,40.3,4.08
204038,Langston Galloway,2017/18,58,5.86,0.4809,34.4,6.21
203580,Larry Drew II,2017/18,10,2.4,0.3542,33.3,1.7
1626204,Larry Nance Jr.,2017/18,66,6.26,0.5835,16.7,8.68
1628374,Lauri Markkanen,2017/18,68,12.68,0.518,36.2,15.19
2544,LeBron James,2017/18,82,19.27,0.5896,36.7,27.45
1628506,London Perrantes,2017/18,14,0.93,0.1538,0.0,0.5
203485,Lorenzo Brown,2017/18,14,2.43,0.4412,16.7,2.29
101150,Lou Williams,2017/18,79,16.92,0.5049,35.9,22.56
201601,Luc Mbah a Moute,2017/18,61,5.66,0.5725,36.4,7.54
203512,Lucas Nogueira,2017/18,49,1.63,0.6438,26.3,2.49
1626242,Luis Montero,2017/18,2,0.5,0.0,0.0,0.0
1628379,Luke Kennard,2017/18,73,6.37,0.5301,41.5,7.64
1628436,Luke Kornet,2017/18,20,6.25,0.504,35.4,6.7
2736,Luol Deng,2017/18,1,2.0,0.5,0.0,2.0
1627781,Malachi Richardson,2017/18,26,3.46,0.4,30.0,3.42
1627763,Malcolm Brogdon,2017/18,48,10.48,0.5467,38.5,13.02
1627098,Malcolm Delaney,2017/18,54,5.28,0.4632,37.1,6.26
1626259,Malcolm Miller,2017/18,15,1.87,0.6071,38.1,2.53
1627736,Malik Beasley,2017/18,62,2.87,0.4888,34.1,3.16
1628370,Malik Monk,2017/18,63,6.75,0.4576,34.2,6.68
1628493,Mangok Mathiang,2017/18,4,1.75,0.5714,0.0,2.0
1938,Manu Ginobili,2017/18,65,7.12,0.5032,33.3,8.86
201158,Marco Belinelli,2017/18,80,9.55,0.5386,37.7,12.14
1627875,Marcus Georges-Hunt,2017/18,42,1.14,0.4792,26.7,1.4
202694,Marcus Morris Sr.,2017/18,54,11.31,0.4992,36.8,13.59
1627779,Marcus Paige,2017/18,5,2.8,0.3571,25.0,2.4
203935,Marcus Smart,2017/18,54,9.54,0.4398,30.1,10.19
201596,Mario Chalmers,2017/18,66,6.71,0.4391,27.7,7.68
203900,Markel Brown,2017/18,4,1.75,0.3571,20.0,1.25
1628365,Markelle Fultz,2017/18,14,7.93,0.4054,0.0,7.14
202693,Markieff Morris,2017/18,73,9.41,0.5357,36.7,11.52
1627737,Marquese Chriss,2017/18,72,6.62,0.4822,29.5,7.72
203104,Marquis Teague,2017/18,3,5.33,0.2812,25.0,3.67
201578,Marreese Speights,2017/18,52,6.71,0.5186,36.9,7.73
1627850,Marshall Plumlee,2017/18,8,0.38,0.3333,0.0,1.75
101107,Marvin Williams,2017/18,78,7.22,0.5702,41.3,9.54
203486,Mason Plumlee,2017/18,74,4.97,0.6005,0.0,7.08
1627856,Matt Costello,2017/18,4,1.0,0.5,0.0,1.0
1628475,Matt Williams Jr.,2017/18,3,2.0,0.4167,20.0,1.67
203521,Matthew Dellavedova,2017/18,38,4.0,0.4572,37.2,4.32
203090,Maurice Harkless,2017/18,59,5.03,0.5774,41.5,6.53
1628467,Maxi Kleber,2017/18,72,4.29,0.5534,31.3,5.36
203086,Meyers Leonard,2017/18,33,2.36,0.6603,42.3,3.39
201563,Michael Beasley,2017/18,74,10.91,0.5279,39.5,13.19
203487,Michael Carter-Williams,2017/18,52,4.4,0.3624,23.7,4.6
203077,Michael Kidd-Gilchrist,2017/18,74,7.57,0.5036,0.0,9.2
201144,Mike Conley,2017/18,12,14.0,0.4524,31.2,17.08
1628455,Mike James,2017/18,36,8.92,0.4237,26.5,9.33
203488,Mike Muscala,2017/18,53,5.89,0.5577,37.1,7.64
203118,Mike Scott,2017/18,76,6.89,0.5897,40.5,8.79
203101,Miles Plumlee,2017/18,55,3.27,0.5833,0.0,4.31
1628495,Milton Doyle,2017/18,10,4.7,0.3191,17.4,3.4
1628420,Monte Morris,2017/18,3,2.0,0.6667,0.0,3.33
1626149,Montrezl Harrell,2017/18,76,7.21,0.6359,14.3,11.0
1627988,Myke Henry,2017/18,20,5.45,0.4633,32.8,5.35
1626167,Myles Turner,2017/18,65,9.83,0.5227,35.7,12.74
203489,Nate Wolters,2017/18,5,1.2,0.1667,0.0,0.4
1628513,Naz Mitrou-Long,2017/18,1,1.0,1.5,100.0,3.0
2403,Nene,2017/18,52,4.6,0.569,0.0,6.54
203457,Nerlens Noel,2017/18,30,3.5,0.5238,0.0,4.37
2555,Nick Collison,2017/18,15,1.27,0.6842,0.0,2.07
201156,Nick Young,2017/18,80,6.1,0.5379,37.7,7.26
1627852,Nicolas Brussino,2017/18,4,0.5,0.0,0.0,0.0
1628502,Nigel Hayes-Davis,2017/18,9,3.67,0.3939,25.0,3.0
203917,Nik Stauskas,2017/18,41,3.76,0.5195,40.0,4.41
203999,Nikola Jokić,2017/18,75,13.47,0.554,39.6,18.47
202703,Nikola Mirotic,2017/18,55,12.44,0.5461,37.7,15.62
202696,Nikola Vučević,2017/18,57,14.74,0.5131,31.4,16.47
203943,Noah Vonleh,2017/18,54,4.33,0.4872,30.3,4.89
1626181,Norman Powell,2017/18,70,5.34,0.4719,28.5,5.5
1627855,Okaro White,2017/18,6,2.67,0.5625,36.4,3.33
204179,Omari Johnson,2017/18,4,5.25,0.5238,33.3,5.5
201956,Omri Casspi,2017/18,53,3.91,0.6039,45.5,5.66
203490,Otto Porter Jr.,2017/18,77,11.49,0.5808,44.1,14.73
200782,P.J. Tucker,2017/18,82,5.38,0.5204,37.1,6.12
1628408,PJ Dozier,2017/18,2,1.0,0.5,0.0,1.0
1627783,Pascal Siakam,2017/18,81,6.15,0.5371,22.0,7.27
1626192,Pat Connaughton,2017/18,82,4.76,0.5179,35.2,5.38
201976,Patrick Beverley,2017/18,11,10.82,0.5042,40.0,12.18
1627775,Patrick McCaw,2017/18,57,3.95,0.4511,23.8,4.02
202335,Patrick Patterson,2017/18,82,3.24,0.5226,38.6,3.88
201988,Patty Mills,2017/18,82,8.32,0.5235,37.2,9.99
2200,Pau Gasol,2017/18,77,8.14,0.492,35.8,10.06
202331,Paul George,2017/18,79,16.96,0.5209,40.1,21.95
200794,Paul Millsap,2017/18,38,11.45,0.5092,34.5,14.61
1627835,Paul Zipser,2017/18,54,4.33,0.4252,33.6,4.04
202347,Quincy Pondexter,2017/18,23,2.13,0.3163,13.6,1.96
1626188,Quinn Cook,2017/18,33,7.64,0.5754,44.2,9.45
1626154,RJ Hunter,2017/18,5,4.0,0.425,21.4,3.8
200765,Rajon Rondo,2017/18,65,7.6,0.5182,33.3,8.26
201196,Ramon Sessions,2017/18,28,4.18,0.3932,30.8,4.86
1626173,Rashad Vaughn,2017/18,28,2.0,0.5357,37.8,2.29
203526,Raul Neto,2017/18,41,3.68,0.5199,40.4,4.46
101109,Raymond Felton,2017/18,82,6.73,0.4792,35.2,6.89
203493,Reggie Bullock Jr.,2017/18,62,8.81,0.6035,44.5,11.26
203687,Reggie Hearn,2017/18,3,0.67,0.75,50.0,1.0
202704,Reggie Jackson,2017/18,45,12.82,0.4714,30.8,14.58
2210,Richard Jefferson,2017/18,20,1.35,0.4815,28.6,1.5
1626158,Richaun Holmes,2017/18,48,5.02,0.5685,12.9,6.48
201937,Ricky Rubio,2017/18,77,10.74,0.4764,35.2,13.09
203496,Robert Covington,2017/18,80,10.45,0.5341,36.9,12.61
201577,Robin Lopez,2017/18,64,10.08,0.5333,28.6,11.81
203918,Rodney Hood,2017/18,60,12.52,0.5133,38.1,14.7
203585,Rodney McGruder,2017/18,18,4.06,0.5959,42.9,5.06
1628681,Rodney Purvis,2017/18,16,6.69,0.3879,25.0,6.0
1626178,Rondae Hollis-Jefferson,2017/18,68,10.65,0.4814,24.1,13.91
1626220,Royce O'Neale,2017/18,69,4.12,0.4965,35.6,4.97
200752,Rudy Gay,2017/18,57,9.42,0.5056,31.4,11.49
203497,Rudy Gobert,2017/18,56,7.93,0.6216,0.0,13.5
201566,Russell Westbrook,2017/18,80,21.09,0.4775,29.8,25.35
1626155,Sam Dekker,2017/18,73,3.55,0.5135,16.7,4.15
203816,Scotty Hopson,2017/18,1,1.0,0.0,0.0,1.0
203930,Sean Kilpatrick,2017/18,52,5.65,0.4524,31.9,6.35
1628400,Semi Ojeleye,2017/18,73,2.58,0.4521,32.0,2.67
201586,Serge Ibaka,2017/18,76,10.32,0.5517,36.0,12.62
203498,Shabazz Muhammad,2017/18,43,4.37,0.4654,25.9,4.98
203894,Shabazz Napier,2017/18,74,7.18,0.4972,37.6,8.7
203499,Shane Larkin,2017/18,54,4.06,0.4543,36.0,4.28
2733,Shaun Livingston,2017/18,71,4.83,0.5015,0.0,5.55
202714,Shelvin Mack,2017/18,69,6.0,0.4879,34.5,6.86
1628414,Sindarius Thornwell,2017/18,73,3.19,0.4785,37.7,3.86
1627746,Skal Labissiere,2017/18,60,7.63,0.4672,35.3,8.72
203524,Solomon Hill,2017/18,12,3.42,0.3171,19.0,2.42
203915,Spencer Dinwiddie,2017/18,80,10.47,0.4708,32.6,12.59
1626169,Stanley Johnson,2017/18,69,8.12,0.4348,28.6,8.68
201939,Stephen Curry,2017/18,51,16.94,0.6181,42.3,26.39
1628425,Sterling Brown,2017/18,54,3.8,0.478,35.2,4.02
1628388,T.J. Leaf,2017/18,53,2.57,0.5368,42.9,2.94
204456,T.J. McConnell,2017/18,76,5.54,0.5309,43.5,6.29
203933,T.J. Warren,2017/18,65,16.35,0.5071,22.2,19.55
201959,Taj Gibson,2017/18,82,8.99,0.5814,20.0,12.18
204028,Tarik Black,2017/18,51,2.49,0.5945,9.1,3.53
1627752,Taurean Prince,2017/18,82,11.89,0.5159,38.5,14.12
1628390,Terrance Ferguson,2017/18,61,2.77,0.5325,33.3,3.1
203082,Terrence Ross,2017/18,24,7.96,0.4764,32.3,8.71
1626179,Terry Rozier,2017/18,80,10.0,0.4906,38.1,11.25
201152,Thaddeus Young,2017/18,81,10.67,0.5208,32.0,11.79
1628418,Thomas Bryant,2017/18,15,1.4,0.4048,10.0,1.47
1627748,Thon Maker,2017/18,74,4.27,0.4604,29.8,4.81
204025,Tim Frazier,2017/18,59,2.92,0.4448,30.4,2.98
203501,Tim Hardaway Jr.,2017/18,57,15.02,0.4965,31.7,17.47
1627817,Tim Quarterman,2017/18,3,1.0,0.3333,0.0,1.33
1627789,Timothe Luwawu-Cabarrot,2017/18,52,5.13,0.4738,33.5,5.75
202699,Tobias Harris,2017/18,80,15.26,0.5352,41.1,18.57
1628396,Tony Bradley,2017/18,9,1.22,0.2727,0.0,0.89
2225,Tony Parker,2017/18,55,7.05,0.4716,27.0,7.65
203503,Tony Snell,2017/18,75,5.67,0.5624,40.3,6.88
1628470,Torrey Craig,2017/18,39,3.51,0.5146,29.3,4.18
204037,Travis Wear,2017/18,17,4.24,0.4653,36.2,4.41
1626203,Treveon Graham,2017/18,63,3.51,0.5249,41.2,4.33
202344,Trevor Booker,2017/18,68,5.04,0.5277,24.2,6.29
203504,Trey Burke,2017/18,36,10.67,0.5521,36.2,12.81
202684,Tristan Thompson,2017/18,53,4.43,0.5617,0.0,5.79
203584,Troy Daniels,2017/18,79,7.28,0.5626,40.0,8.9
1627786,Troy Williams,2017/18,21,5.19,0.5183,28.9,6.33
1628463,Tyler Cavanaugh,2017/18,39,3.9,0.5461,36.0,4.69
1628416,Tyler Dorsey,2017/18,56,6.82,0.4712,36.2,7.23
203898,Tyler Ennis,2017/18,54,4.15,0.4509,25.0,4.15
204020,Tyler Johnson,2017/18,72,9.88,0.5183,36.7,11.71
1627755,Tyler Ulis,2017/18,71,7.76,0.4265,28.8,7.8
203092,Tyler Zeller,2017/18,66,5.06,0.5749,35.7,6.68
201936,Tyreke Evans,2017/18,52,15.56,0.5229,39.9,19.42
1627820,Tyrone Wallace,2017/18,30,8.23,0.4656,25.0,9.7
2199,Tyson Chandler,2017/18,46,4.07,0.6471,0.0,6.52
1626145,Tyus Jones,2017/18,82,4.0,0.5259,34.9,5.07
2617,Udonis Haslem,2017/18,14,1.07,0.2333,12.5,0.57
203505,Vander Blue,2017/18,5,1.0,0.2,0.0,0.6
203506,Victor Oladipo,2017/18,75,17.89,0.5369,37.1,23.13
1713,Vince Carter,2017/18,58,4.88,0.5035,34.5,5.4
1626205,Vincent Hunter,2017/18,4,1.25,0.6,0.0,1.5
1627215,Walt Lemon Jr.,2017/18,5,3.2,0.4688,100.0,3.4
201961,Wayne Ellington,2017/18,77,9.09,0.5693,39.2,11.22
1627782,Wayne Selden,2017/18,35,7.69,0.5223,40.2,9.29
1628411,Wes Iwundu,2017/18,62,3.52,0.4472,19.6,3.69
202325,Wesley Johnson,2017/18,74,4.97,0.4891,33.9,5.45
202083,Wesley Matthews,2017/18,63,11.06,0.5158,38.1,12.73
203115,Will Barton,2017/18,81,12.69,0.5282,37.0,15.65
1626161,Willie Cauley-Stein,2017/18,73,10.59,0.5039,25.0,12.77
1626195,Willy Hernangomez,2017/18,48,3.42,0.5701,41.7,5.12
201163,Wilson Chandler,2017/18,74,8.53,0.5151,35.8,9.97
204098,Xavier Munford,2017/18,6,1.0,0.1667,0.0,0.5
1628504,Xavier Rathan-Mayes,2017/18,5,8.4,0.2976,7.1,5.8
202918,Xavier Silas,2017/18,2,1.5,0.0,0.0,0.0
1627812,Yogi Ferrell,2017/18,82,8.9,0.5178,37.3,10.22
1628380,Zach Collins,2017/18,66,4.38,0.4585,31.0,4.42
203897,Zach LaVine,2017/18,24,14.79,0.4423,34.1,16.71
2216,Zach Randolph,2017/18,59,12.93,0.5066,34.7,14.53
1627753,Zhou Qi,2017/18,18,1.78,0.2188,10.5,1.22
203932,Aaron Gordon,2018/19,78,13.41,0.5072,34.9,15.97
1628988,Aaron Holiday,2018/19,50,5.24,0.4828,33.9,5.88
1627846,Abdel Nader,2018/19,61,3.52,0.4977,32.0,3.95
201143,Al Horford,2018/19,68,10.63,0.5858,36.0,13.6
1626210,Alan Williams,2018/19,5,2.6,0.6154,0.0,3.6
202692,Alec Burks,2018/19,64,7.41,0.4694,36.3,8.77
1627936,Alex Caruso,2018/19,25,6.92,0.5145,48.0,9.16
203458,Alex Len,2018/19,77,8.42,0.5509,36.3,11.09
1627816,Alex Poythress,2018/19,21,3.86,0.5494,39.1,5.1
1628035,Alfonzo McKinnie,2018/19,72,3.82,0.5636,35.6,4.68
1628993,Alize Johnson,2018/19,14,1.14,0.2812,50.0,0.93
203459,Allen Crabbe,2018/19,43,8.67,0.4987,37.8,9.6
1629019,Allonzo Trier,2018/19,64,8.09,0.4981,39.4,10.86
1628518,Amile Jefferson,2018/19,12,1.33,0.625,0.0,2.25
101161,Amir Johnson,2018/19,51,3.08,0.5414,30.0,3.94
203083,Andre Drummond,2018/19,79,13.32,0.5356,13.2,17.34
2738,Andre Iguodala,2018/19,68,4.44,0.5795,33.3,5.72
201281,Andre Ingram,2018/19,4,1.5,0.0,0.0,0.0
101106,Andrew Bogut,2018/19,11,3.27,0.5,0.0,3.55
1626150,Andrew Harrison,2018/19,17,3.12,0.3491,20.0,3.18
203952,Andrew Wiggins,2018/19,73,16.56,0.4607,33.9,18.1
1629014,Anfernee Simons,2018/19,20,3.15,0.5238,34.5,3.75
1629116,Angel Delgado,2018/19,2,2.5,0.2,0.0,1.5
1627790,Ante Zizic,2018/19,59,5.61,0.5529,0.0,7.78
203076,Anthony Davis,2018/19,56,18.32,0.54,33.1,25.93
201229,Anthony Tolliver,2018/19,65,3.98,0.5386,37.7,5.02
1628469,Antonio Blakeney,2018/19,57,6.95,0.4646,39.6,7.33
203085,Austin Rivers,2018/19,76,7.53,0.4965,31.8,8.13
202340,Avery Bradley,2018/19,63,9.65,0.4786,35.1,9.92
1629168,BJ Johnson,2018/19,7,2.57,0.5833,42.9,3.29
203463,Ben McLemore,2018/19,19,3.37,0.5234,41.5,3.95
1627732,Ben Simmons,2018/19,79,12.15,0.5625,0.0,16.92
1628656,Billy Garrett,2018/19,4,6.75,0.4074,0.0,6.5
202687,Bismack Biyombo,2018/19,54,2.89,0.5705,0.0,4.37
201933,Blake Griffin,2018/19,75,17.88,0.5321,36.2,24.55
1626171,Bobby Portis,2018/19,50,12.56,0.504,39.3,14.2
1629045,Bonzie Colson,2018/19,8,4.88,0.3974,23.8,4.88
202954,Brad Wanamaker,2018/19,36,2.92,0.5524,41.0,3.89
203078,Bradley Beal,2018/19,82,19.62,0.5398,35.1,25.6
1629164,Brandon Goodwin,2018/19,16,1.44,0.3043,33.3,1.44
1627742,Brandon Ingram,2018/19,52,14.02,0.5178,33.0,18.27
202688,Brandon Knight,2018/19,39,6.67,0.4596,31.8,6.82
1629102,Brandon Sampson,2018/19,14,4.29,0.5583,37.9,5.07
201572,Brook Lopez,2018/19,81,9.7,0.5706,36.5,12.46
1628971,Bruce Brown,2018/19,74,4.24,0.4363,25.8,4.31
203998,Bruno Caboclo,2018/19,34,6.62,0.5333,36.9,8.29
1627854,Bryn Forbes,2018/19,82,9.65,0.5676,42.6,11.79
1627741,Buddy Hield,2018/19,82,16.59,0.5603,42.7,20.67
203710,C.J. Williams,2018/19,15,2.33,0.5571,31.3,2.6
203468,CJ McCollum,2018/19,70,17.76,0.5265,37.5,20.97
101139,CJ Miles,2018/19,53,5.87,0.4678,33.0,6.4
1628403,Caleb Swanigan,2018/19,21,2.52,0.3491,14.3,2.05
1629244,Cam Reynolds,2018/19,19,4.11,0.5577,41.2,5.0
1627747,Caris LeVert,2018/19,40,12.07,0.4783,31.2,13.68
1628990,Chandler Hutchison,2018/19,44,4.75,0.4928,28.0,5.2
202718,Chandler Parsons,2018/19,25,7.28,0.4533,30.9,7.48
101112,Channing Frye,2018/19,36,3.25,0.5043,40.5,3.58
1626184,Chasson Randle,2018/19,49,4.43,0.5253,40.0,5.53
1627767,Cheick Diallo,2018/19,64,4.23,0.6218,25.0,6.05
1629002,Chimezie Metu,2018/19,29,2.0,0.3276,0.0,1.76
1628449,Chris Boucher,2018/19,28,2.71,0.5263,32.4,3.32
1629185,Chris Chiozza,2018/19,7,1.14,0.375,40.0,0.86
101108,Chris Paul,2018/19,58,12.41,0.5076,35.8,15.62
1626174,Christian Wood,2018/19,21,5.57,0.5598,34.6,8.19
203469,Cody Zeller,2018/19,49,7.04,0.5594,27.3,10.14
1629012,Collin Sexton,2018/19,82,14.71,0.4797,40.2,16.72
201147,Corey Brewer,2018/19,31,3.97,0.4878,31.8,4.87
202709,Cory Joseph,2018/19,82,6.68,0.4626,32.2,6.55
201584,Courtney Lee,2018/19,34,3.79,0.4729,29.1,4.0
1626245,Cristiano Felicio,2018/19,60,2.98,0.5307,0.0,4.0
1626156,D'Angelo Russell,2018/19,81,18.73,0.5115,36.9,21.14
1628391,D.J. Wilson,2018/19,48,5.23,0.506,36.2,5.83
203474,DJ Stephens,2018/19,1,2.0,0.5,0.0,2.0
1627745,Damian Jones,2018/19,24,3.08,0.7162,0.0,5.42
203081,Damian Lillard,2018/19,80,19.16,0.5215,36.9,25.84
1627814,Damion Lee,2018/19,32,3.97,0.5472,39.7,4.94
1628422,Damyean Dotson,2018/19,73,9.56,0.5057,36.8,10.67
1627772,Daniel Hamilton,2018/19,19,3.16,0.45,34.8,3.0
201967,Dante Cunningham,2018/19,64,2.47,0.5696,46.2,3.03
203957,Dante Exum,2018/19,42,5.74,0.4564,29.0,6.86
1627863,Danuel House Jr.,2018/19,39,6.46,0.6151,41.6,9.38
201954,Darren Collison,2018/19,76,8.67,0.5273,40.7,11.22
1629133,Daryl Macon,2018/19,8,3.38,0.463,45.5,3.62
1628021,David Nwaba,2018/19,51,5.14,0.5267,32.0,6.55
1628432,Davon Reed,2018/19,10,1.2,0.5,50.0,1.2
1628368,De'Aaron Fox,2018/19,81,13.6,0.4973,37.1,17.27
1629001,De'Anthony Melton,2018/19,50,5.12,0.4473,30.5,5.0
201599,DeAndre Jordan,2018/19,69,6.46,0.6413,0.0,10.99
1627761,DeAndre' Bembry,2018/19,82,7.51,0.487,28.9,8.38
201942,DeMar DeRozan,2018/19,77,17.05,0.4832,15.6,21.23
202326,DeMarcus Cousins,2018/19,30,12.37,0.5148,27.4,16.27
201960,DeMarre Carroll,2018/19,67,8.58,0.487,34.2,11.1
1629152,DeVaughn Akoon-Purcell,2018/19,7,1.43,0.3,0.0,1.0
1626153,Delon Wright,2018/19,75,7.44,0.4785,29.8,8.71
1627743,Demetrius Jackson,2018/19,6,2.5,0.6,33.3,3.67
203471,Dennis Schröder,2018/19,79,13.97,0.4701,34.1,15.49
1628372,Dennis Smith Jr.,2018/19,53,12.26,0.4792,32.2,13.62
1629126,Deonte Burton,2018/19,32,2.56,0.4512,29.6,2.56
202324,Derrick Favors,2018/19,76,8.14,0.6002,21.8,11.8
1627884,Derrick Jones Jr.,2018/19,60,5.4,0.537,30.8,7.03
201565,Derrick Rose,2018/19,51,14.76,0.5179,37.0,17.98
1628401,Derrick White,2018/19,67,8.1,0.523,33.8,9.9
1626164,Devin Booker,2018/19,64,19.61,0.5207,32.6,26.56
2734,Devin Harris,2018/19,68,5.1,0.4697,31.0,6.29
1628421,Devin Robinson,2018/19,7,4.57,0.5938,0.0,6.71
1628984,Devonte' Graham,2018/19,46,4.7,0.4213,28.1,4.72
203473,Dewayne Dedmon,2018/19,64,8.22,0.5713,38.2,10.83
1627738,Deyonta Davis,2018/19,9,2.44,0.6818,0.0,4.0
1628415,Dillon Brooks,2018/19,18,6.78,0.4631,37.5,7.5
203079,Dion Waiters,2018/19,44,10.86,0.5282,37.7,11.98
1717,Dirk Nowitzki,2018/19,51,7.37,0.4441,31.2,7.31
1628378,Donovan Mitchell,2018/19,77,19.87,0.4935,36.2,23.75
1628978,Donte DiVincenzo,2018/19,27,4.59,0.4919,26.5,4.85
1629055,Donte Grantham,2018/19,3,0.67,0.0,0.0,0.0
1627827,Dorian Finney-Smith,2018/19,81,6.52,0.5066,31.1,7.51
203926,Doug McDermott,2018/19,77,5.48,0.59,40.8,7.32
203110,Draymond Green,2018/19,66,6.39,0.5012,28.5,7.36
1629234,Drew Eubanks,2018/19,23,1.13,0.5769,0.0,1.78
1629130,Duncan Robinson,2018/19,15,3.07,0.5,28.6,3.33
1628605,Dusty Hannahs,2018/19,2,6.0,0.25,0.0,4.0
2730,Dwight Howard,2018/19,9,7.67,0.6232,0.0,12.78
203939,Dwight Powell,2018/19,77,6.31,0.6368,30.7,10.58
2548,Dwyane Wade,2018/19,72,13.33,0.4781,33.0,15.04
202734,E'Twaun Moore,2018/19,53,10.04,0.5526,43.2,11.94
202334,Ed Davis,2018/19,81,3.73,0.6159,0.0,5.83
1628410,Edmond Sumner,2018/19,23,2.78,0.3984,25.9,2.87
202327,Ekpe Udoh,2018/19,51,1.41,0.6944,0.0,2.33
203901,Elfrid Payton,2018/19,42,9.81,0.4745,31.4,10.62
1629059,Elie Okobo,2018/19,53,5.47,0.4603,29.5,5.74
1629150,Emanuel Terry,2018/19,3,2.33,0.5714,0.0,3.33
1626144,Emmanuel Mudiay,2018/19,59,12.54,0.4926,32.9,14.8
202683,Enes Freedom,2018/19,67,10.19,0.5564,29.4,13.66
202339,Eric Bledsoe,2018/19,78,12.45,0.5479,32.9,15.91
201569,Eric Gordon,2018/19,68,13.79,0.5245,36.0,16.22
203961,Eric Moreland,2018/19,5,1.4,0.5,100.0,1.4
203095,Evan Fournier,2018/19,81,13.2,0.5094,34.0,15.14
202323,Evan Turner,2018/19,73,6.07,0.4729,21.2,6.77
1628402,Frank Jackson,2018/19,61,7.33,0.4933,31.4,8.11
1626163,Frank Kaminsky,2018/19,47,6.34,0.547,36.0,8.62
1628412,Frank Mason III,2018/19,38,4.45,0.4615,21.9,5.13
1628373,Frank Ntilikina,2018/19,43,6.56,0.3954,28.7,5.72
1627832,Fred VanVleet,2018/19,64,9.38,0.5033,37.8,10.95
202066,Garrett Temple,2018/19,75,6.57,0.5132,34.1,7.81
1629109,Gary Clark,2018/19,51,2.96,0.4669,29.7,2.9
203914,Gary Harris,2018/19,57,11.18,0.4882,33.9,12.93
1627780,Gary Payton II,2018/19,3,2.67,0.6875,50.0,3.67
1629018,Gary Trent Jr.,2018/19,15,3.33,0.37,23.8,2.67
201588,George Hill,2018/19,60,6.27,0.516,31.4,7.63
1627777,Georges Niang,2018/19,59,3.07,0.5939,41.0,3.98
101123,Gerald Green,2018/19,73,7.92,0.5346,35.4,9.25
203922,Glenn Robinson III,2018/19,47,3.74,0.4716,29.0,4.21
202330,Gordon Hayward,2018/19,72,8.82,0.5268,33.3,11.46
203476,Gorgui Dieng,2018/19,76,4.96,0.5265,33.9,6.38
202328,Greg Monroe,2018/19,43,4.4,0.4894,20.0,5.35
203084,Harrison Barnes,2018/19,77,13.34,0.5044,39.5,16.43
1628385,Harry Giles III,2018/19,58,6.0,0.5029,0.0,7.03
202355,Hassan Whiteside,2018/19,72,9.44,0.5721,12.5,12.32
1629312,Haywood Highsmith,2018/19,5,2.0,0.45,20.0,1.8
1627740,Henry Ellenson,2018/19,19,5.0,0.5,44.7,6.0
203546,Ian Clark,2018/19,60,6.38,0.4804,32.7,6.68
202697,Iman Shumpert,2018/19,62,7.19,0.4809,34.8,7.5
1629067,Isaac Bonga,2018/19,22,1.5,0.1515,0.0,0.86
1629353,Isaac Humphries,2018/19,5,4.2,0.3571,27.3,3.0
1628515,Isaiah Briscoe,2018/19,39,3.54,0.4384,32.4,3.49
203477,Isaiah Canaan,2018/19,30,5.47,0.4939,35.4,6.03
1628392,Isaiah Hartenstein,2018/19,28,1.46,0.5122,33.3,1.89
1628439,Isaiah Hicks,2018/19,3,2.67,0.5,0.0,4.0
202738,Isaiah Thomas,2018/19,12,8.25,0.404,27.9,8.08
202397,Ish Smith,2018/19,56,8.73,0.4642,32.6,8.95
1628397,Ivan Rabb,2018/19,49,4.33,0.5542,20.0,5.8
1627826,Ivica Zubac,2018/19,59,6.42,0.5594,0.0,8.9
200826,J.J. Barea,2018/19,38,10.13,0.4675,29.7,10.92
1629122,J.P. Macura,2018/19,2,4.5,0.3333,0.0,3.0
200755,JJ Redick,2018/19,76,13.51,0.557,39.7,18.05
2747,JR Smith,2018/19,11,7.18,0.4177,30.8,6.73
203960,JaKarr Sampson,2018/19,4,13.5,0.5833,35.7,20.0
203210,JaMychal Green,2018/19,65,7.32,0.5578,40.3,9.4
201580,JaVale McGee,2018/19,75,8.55,0.6248,8.3,11.96
203953,Jabari Parker,2018/19,64,11.7,0.5334,31.3,14.53
1628980,Jacob Evans,2018/19,30,1.77,0.3774,26.7,1.33
203109,Jae Crowder,2018/19,80,9.96,0.5075,33.1,11.89
1626143,Jahlil Okafor,2018/19,59,6.14,0.587,20.0,8.2
1627774,Jake Layman,2018/19,71,5.97,0.579,32.6,7.62
1627751,Jakob Poeltl,2018/19,77,3.77,0.6448,0.0,5.49
1628973,Jalen Brunson,2018/19,73,7.74,0.523,34.8,9.29
1627883,Jalen Jones,2018/19,16,3.88,0.5,35.7,5.06
2037,Jamal Crawford,2018/19,64,6.84,0.4737,33.2,7.94
1627750,Jamal Murray,2018/19,75,15.64,0.5021,36.7,18.23
203516,James Ennis III,2018/19,58,5.07,0.5629,35.3,6.71
201935,James Harden,2018/19,78,24.47,0.5406,36.8,36.13
201949,James Johnson,2018/19,55,6.89,0.4987,33.6,7.78
203263,James Nunnally,2018/19,15,2.27,0.4706,32.0,2.4
201162,Jared Dudley,2018/19,59,4.05,0.5335,35.1,4.86
1629123,Jared Terrell,2018/19,14,2.79,0.359,23.5,2.21
1626185,Jarell Martin,2018/19,42,2.48,0.5096,35.1,2.74
1628991,Jaren Jackson Jr.,2018/19,58,10.16,0.5492,35.9,13.76
1628417,Jaron Blossomgame,2018/19,27,3.93,0.4906,25.6,4.22
1629020,Jarred Vanderbilt,2018/19,17,1.12,0.4737,0.0,1.41
201160,Jason Smith,2018/19,20,2.95,0.4322,34.6,3.25
1628393,Jawun Evans,2018/19,8,1.75,0.2143,0.0,0.75
1627759,Jaylen Brown,2018/19,74,10.7,0.5246,34.4,13.03
1628537,Jaylen Morris,2018/19,4,2.5,0.45,33.3,2.5
1628369,Jayson Tatum,2018/19,79,13.11,0.5058,37.3,15.73
201145,Jeff Green,2018/19,77,8.92,0.5553,34.7,12.29
201952,Jeff Teague,2018/19,42,9.9,0.4651,33.3,12.14
1629203,Jemerrio Jones,2018/19,6,5.5,0.3939,20.0,4.5
203924,Jerami Grant,2018/19,80,10.29,0.5668,39.2,13.62
203087,Jeremy Lamb,2018/19,79,12.39,0.499,34.8,15.29
202391,Jeremy Lin,2018/19,74,7.31,0.4908,29.4,9.55
1626170,Jerian Grant,2018/19,60,3.67,0.5091,36.4,4.17
1629010,Jerome Robinson,2018/19,33,3.33,0.4818,31.6,3.39
201573,Jerryd Bayless,2018/19,34,6.76,0.4196,29.6,6.15
1628975,Jevon Carter,2018/19,39,4.74,0.3946,33.3,4.41
202690,Jimmer Fredette,2018/19,6,4.83,0.2759,0.0,3.67
202710,Jimmy Butler III,2018/19,65,13.91,0.4994,34.7,18.69
201149,Joakim Noah,2018/19,42,5.07,0.5164,0.0,7.1
201975,Jodie Meeks,2018/19,8,4.88,0.641,44.4,6.38
1629147,Joe Chealey,2018/19,1,3.0,0.3333,0.0,2.0
203925,Joe Harris,2018/19,76,9.84,0.6223,47.4,13.7
203954,Joel Embiid,2018/19,64,18.73,0.5167,30.0,27.52
1628381,John Collins,2018/19,61,13.62,0.5927,34.8,19.48
203089,John Henson,2018/19,14,4.79,0.5448,35.5,5.64
203098,John Jenkins,2018/19,26,4.04,0.5048,37.9,4.65
202322,John Wall,2018/19,32,17.25,0.49,30.2,20.72
1628405,Johnathan Motley,2018/19,22,3.32,0.5342,0.0,4.64
1629140,Johnathan Williams,2018/19,24,4.58,0.5909,0.0,6.54
202720,Jon Leuer,2018/19,41,2.76,0.5885,9.1,3.8
1628413,Jonah Bolden,2018/19,44,3.68,0.5988,35.4,4.7
201973,Jonas Jerebko,2018/19,73,4.86,0.5563,36.7,6.29
1628371,Jonathan Isaac,2018/19,75,8.15,0.4992,32.3,9.6
203613,Jonathon Simmons,2018/19,56,6.25,0.42,26.9,6.54
1628395,Jordan Bell,2018/19,68,2.82,0.5156,0.0,3.28
203903,Jordan Clarkson,2018/19,81,14.57,0.5093,32.4,16.84
1628070,Jordan Loyd,2018/19,12,1.5,0.5556,50.0,2.42
1626296,Jordan Sibert,2018/19,1,1.0,1.5,100.0,3.0
1628404,Josh Hart,2018/19,67,6.93,0.5065,33.6,7.84
1628367,Josh Jackson,2018/19,79,10.65,0.456,32.4,11.52
1629006,Josh Okogie,2018/19,74,6.86,0.4449,27.9,7.7
1626196,Josh Richardson,2018/19,73,14.05,0.4922,35.7,16.56
201950,Jrue Holiday,2018/19,67,17.3,0.5229,32.5,21.19
1627823,Juancho Hernangomez,2018/19,70,4.49,0.5446,36.5,5.83
1627395,Julian Washburn,2018/19,18,2.67,0.3854,20.8,2.22
203944,Julius Randle,2018/19,73,14.92,0.5551,34.4,21.44
203200,Justin Holiday,2018/19,82,9.48,0.4903,34.8,10.45
1628382,Justin Jackson,2018/19,81,5.99,0.5371,35.5,7.2
1628383,Justin Patton,2018/19,3,2.33,0.2857,0.0,1.67
1626159,Justise Winslow,2018/19,66,11.35,0.4967,37.5,12.58
203564,Kalin Lucas,2018/19,1,1.0,0.0,0.0,2.0
1626157,Karl-Anthony Towns,2018/19,77,17.06,0.5723,40.0,24.42
202695,Kawhi Leonard,2018/19,60,18.82,0.5456,37.1,26.6
1628966,Keita Bates-Diop,2018/19,30,4.73,0.4683,25.0,5.03
203482,Kelly Olynyk,2018/19,79,7.14,0.5629,35.4,9.96
1626162,Kelly Oubre Jr.,2018/19,69,12.2,0.5095,32.0,15.17
202689,Kemba Walker,2018/19,82,20.54,0.5113,35.6,25.63
202702,Kenneth Faried,2018/19,37,7.16,0.6038,32.0,10.38
1629026,Kenrich Williams,2018/19,46,6.07,0.4767,33.3,6.07
203145,Kent Bazemore,2018/19,67,10.31,0.4718,32.0,11.63
203484,Kentavious Caldwell-Pope,2018/19,82,9.22,0.5298,34.7,11.44
201142,Kevin Durant,2018/19,78,17.73,0.5709,35.3,25.99
1628989,Kevin Huerter,2018/19,75,8.76,0.5221,38.5,9.69
1628995,Kevin Knox II,2018/19,75,12.19,0.4382,34.3,12.84
201567,Kevin Love,2018/19,22,12.86,0.4788,36.1,17.0
1626172,Kevon Looney,2018/19,80,4.34,0.6268,10.0,6.25
203920,Khem Birch,2018/19,50,3.02,0.6026,0.0,4.8
203114,Khris Middleton,2018/19,77,14.91,0.5187,37.8,18.27
1629017,Khyri Thomas,2018/19,26,2.65,0.3913,28.6,2.35
202691,Klay Thompson,2018/19,78,17.97,0.5531,40.2,21.54
201585,Kosta Koufos,2018/19,42,3.64,0.4771,0.0,3.71
1627739,Kris Dunn,2018/19,46,11.0,0.4585,35.4,11.28
2594,Kyle Korver,2018/19,70,6.9,0.559,39.7,8.57
1628398,Kyle Kuzma,2018/19,70,15.53,0.5152,30.3,18.69
200768,Kyle Lowry,2018/19,65,11.37,0.5176,34.7,14.25
203124,Kyle O'Quinn,2018/19,45,3.02,0.511,8.3,3.47
202681,Kyrie Irving,2018/19,67,18.52,0.5568,40.1,23.82
202362,Lance Stephenson,2018/19,68,6.35,0.5104,37.1,7.22
202498,Lance Thomas,2018/19,46,4.28,0.4518,27.8,4.46
1629013,Landry Shamet,2018/19,79,7.05,0.5808,42.2,9.14
204038,Langston Galloway,2018/19,80,7.34,0.5034,35.5,8.4
1626204,Larry Nance Jr.,2018/19,67,7.15,0.5543,33.7,9.36
1628374,Lauri Markkanen,2018/19,52,15.29,0.5057,36.1,18.73
2544,LeBron James,2018/19,55,19.91,0.5603,33.9,27.36
1629022,Lonnie Walker IV,2018/19,17,2.71,0.4022,38.5,2.65
203485,Lorenzo Brown,2018/19,26,2.73,0.3662,21.4,2.12
101150,Lou Williams,2018/19,75,15.17,0.4714,36.1,19.97
201601,Luc Mbah a Moute,2018/19,4,4.5,0.5,33.3,5.0
1628379,Luke Kennard,2018/19,63,8.25,0.5404,39.4,9.73
1628436,Luke Kornet,2018/19,46,6.15,0.5018,36.3,7.0
2736,Luol Deng,2018/19,22,5.36,0.5593,31.8,7.14
1627781,Malachi Richardson,2018/19,22,1.32,0.4483,32.0,1.36
1627763,Malcolm Brogdon,2018/19,64,11.69,0.5749,42.6,15.64
1626259,Malcolm Miller,2018/19,10,2.6,0.6154,47.6,3.5
1627736,Malik Beasley,2018/19,81,9.1,0.5841,40.2,11.32
1628370,Malik Monk,2018/19,73,8.03,0.4804,33.0,8.95
201158,Marco Belinelli,2018/19,79,8.73,0.5196,37.2,10.49
1629094,Marcus Derrickson,2018/19,11,3.0,0.6364,50.0,4.18
202694,Marcus Morris Sr.,2018/19,75,11.25,0.5332,37.5,13.95
203935,Marcus Smart,2018/19,80,7.09,0.5326,36.4,8.85
1628365,Markelle Fultz,2018/19,19,8.16,0.4323,28.6,8.16
202693,Markieff Morris,2018/19,58,8.34,0.4917,33.5,9.43
1627737,Marquese Chriss,2018/19,43,4.19,0.4167,22.2,4.23
101107,Marvin Williams,2018/19,75,8.69,0.5291,36.6,10.08
203486,Mason Plumlee,2018/19,82,5.39,0.595,20.0,7.77
203521,Matthew Dellavedova,2018/19,48,5.04,0.4959,33.8,5.88
203090,Maurice Harkless,2018/19,60,6.47,0.5296,27.5,7.67
1628467,Maxi Kleber,2018/19,71,5.44,0.5531,35.3,6.83
1628982,Melvin Frazier Jr.,2018/19,10,2.1,0.3333,0.0,1.5
203086,Meyers Leonard,2018/19,61,3.97,0.6488,45.0,5.85
201563,Michael Beasley,2018/19,26,5.88,0.5,17.6,6.96
203487,Michael Carter-Williams,2018/19,28,4.39,0.4146,26.3,4.79
203077,Michael Kidd-Gilchrist,2018/19,64,5.19,0.5,34.0,6.67
1628969,Mikal Bridges,2018/19,82,6.87,0.5231,33.5,8.34
201144,Mike Conley,2018/19,70,16.0,0.5067,36.4,21.11
203488,Mike Muscala,2018/19,64,5.64,0.5249,34.8,7.02
203118,Mike Scott,2018/19,79,5.32,0.5202,40.1,5.81
1628970,Miles Bridges,2018/19,80,6.39,0.5274,32.5,7.46
203101,Miles Plumlee,2018/19,18,2.67,0.6667,0.0,4.44
1628249,Mitchell Creek,2018/19,5,3.2,0.5,0.0,4.2
1629011,Mitchell Robinson,2018/19,66,4.41,0.6942,0.0,7.35
1628420,Monte Morris,2018/19,82,8.56,0.5598,41.4,10.38
1626149,Montrezl Harrell,2018/19,82,10.83,0.6166,17.6,16.6
1626167,Myles Turner,2018/19,74,10.54,0.5359,38.8,13.3
1628513,Naz Mitrou-Long,2018/19,14,1.43,0.35,18.2,1.14
2403,Nene,2018/19,42,2.76,0.5172,0.0,3.6
203457,Nerlens Noel,2018/19,77,3.58,0.587,0.0,4.91
201156,Nick Young,2018/19,4,2.25,0.5,37.5,2.25
203917,Nik Stauskas,2018/19,68,4.97,0.5059,37.2,5.87
203999,Nikola Jokić,2018/19,80,15.07,0.5452,30.7,20.05
202703,Nikola Mirotic,2018/19,46,11.78,0.5461,36.5,15.15
202696,Nikola Vučević,2018/19,80,16.93,0.5487,36.4,20.81
203943,Noah Vonleh,2018/19,68,6.47,0.5227,33.6,8.4
1626181,Norman Powell,2018/19,60,6.67,0.5675,40.0,8.6
1627855,Okaro White,2018/19,3,0.67,0.0,0.0,0.0
1629016,Omari Spellman,2018/19,46,5.3,0.4918,34.4,5.91
201956,Omri Casspi,2018/19,36,4.47,0.5807,34.9,6.28
203490,Otto Porter Jr.,2018/19,56,11.48,0.5459,40.6,13.93
200782,P.J. Tucker,2018/19,82,6.38,0.5354,37.7,7.33
1628408,PJ Dozier,2018/19,6,3.5,0.4286,25.0,3.17
1627783,Pascal Siakam,2018/19,80,11.81,0.591,36.9,16.93
1626192,Pat Connaughton,2018/19,61,5.74,0.56,33.0,6.9
201976,Patrick Beverley,2018/19,78,6.12,0.5241,39.7,7.64
1627775,Patrick McCaw,2018/19,29,2.17,0.4841,32.1,2.55
202335,Patrick Patterson,2018/19,63,3.48,0.4795,33.6,3.63
201988,Patty Mills,2018/19,82,8.09,0.5452,39.4,9.89
2200,Pau Gasol,2018/19,30,3.13,0.4787,46.2,3.93
202331,Paul George,2018/19,77,20.96,0.5285,38.6,28.04
200794,Paul Millsap,2018/19,70,9.5,0.5278,36.5,12.61
202347,Quincy Pondexter,2018/19,53,1.09,0.5517,33.3,1.85
1626188,Quinn Cook,2018/19,74,5.93,0.5569,40.5,6.88
1626154,RJ Hunter,2018/19,1,13.0,0.6154,40.0,17.0
200765,Rajon Rondo,2018/19,46,9.39,0.4641,35.9,9.22
203526,Raul Neto,2018/19,37,4.35,0.5217,33.3,5.3
1629034,Ray Spalding,2018/19,14,3.36,0.5319,0.0,3.86
101109,Raymond Felton,2018/19,33,4.09,0.4815,32.8,4.3
203493,Reggie Bullock Jr.,2018/19,63,9.43,0.537,37.7,11.29
202704,Reggie Jackson,2018/19,82,12.77,0.5043,36.9,15.37
1626158,Richaun Holmes,2018/19,70,5.21,0.6082,0.0,8.17
201937,Ricky Rubio,2018/19,68,10.74,0.4582,31.1,12.71
203496,Robert Covington,2018/19,35,10.34,0.5483,37.8,13.29
1629057,Robert Williams III,2018/19,32,1.59,0.7059,0.0,2.53
201577,Robin Lopez,2018/19,74,7.23,0.5748,22.6,9.51
203918,Rodney Hood,2018/19,72,9.32,0.4978,35.6,11.18
203585,Rodney McGruder,2018/19,66,6.98,0.4892,35.1,7.62
1626178,Rondae Hollis-Jefferson,2018/19,59,8.25,0.4199,18.4,8.93
1626220,Royce O'Neale,2018/19,82,4.18,0.5743,38.6,5.2
200752,Rudy Gay,2018/19,69,10.81,0.5536,40.2,13.71
203497,Rudy Gobert,2018/19,81,8.79,0.6685,0.0,15.85
201566,Russell Westbrook,2018/19,73,20.18,0.4681,29.0,22.95
1629151,Ryan Broekhoff,2018/19,42,3.0,0.6032,40.9,3.98
1626155,Sam Dekker,2018/19,47,5.45,0.5059,30.6,6.11
203159,Scott Machado,2018/19,4,1.5,0.75,100.0,2.5
1628400,Semi Ojeleye,2018/19,56,2.82,0.5127,31.5,3.32
201586,Serge Ibaka,2018/19,74,11.85,0.557,29.0,15.03
203552,Seth Curry,2018/19,74,6.28,0.5774,45.0,7.85
203894,Shabazz Napier,2018/19,56,7.77,0.4759,33.3,9.45
1628983,Shai Gilgeous-Alexander,2018/19,82,8.73,0.5119,36.7,10.84
1629003,Shake Milton,2018/19,20,4.35,0.4713,31.8,4.35
2733,Shaun Livingston,2018/19,64,3.28,0.519,0.0,4.03
202714,Shelvin Mack,2018/19,57,7.07,0.4615,35.4,7.54
1628414,Sindarius Thornwell,2018/19,64,0.77,0.3776,20.0,0.97
1627746,Skal Labissiere,2018/19,22,2.23,0.5918,46.2,3.05
203524,Solomon Hill,2018/19,44,4.05,0.4719,31.7,4.34
203915,Spencer Dinwiddie,2018/19,68,12.18,0.5169,33.5,16.81
1626169,Stanley Johnson,2018/19,66,6.67,0.4591,28.8,6.88
201939,Stephen Curry,2018/19,69,19.42,0.6037,43.7,27.26
1628425,Sterling Brown,2018/19,58,5.38,0.5497,36.1,6.41
1629004,Svi Mykhailiuk,2018/19,42,3.33,0.4321,32.6,3.17
1628388,T.J. Leaf,2018/19,58,3.16,0.5628,25.8,3.88
204456,T.J. McConnell,2018/19,76,5.51,0.5418,33.3,6.36
203933,T.J. Warren,2018/19,43,14.21,0.5491,42.8,17.95
1628769,Tahjere McCall,2018/19,1,3.0,0.6667,0.0,4.0
201959,Taj Gibson,2018/19,70,7.67,0.5764,32.4,10.76
1627752,Taurean Prince,2018/19,55,10.8,0.5446,39.0,13.49
1628390,Terrance Ferguson,2018/19,74,5.82,0.5522,36.6,6.93
203093,Terrence Jones,2018/19,2,2.0,0.25,0.0,1.0
203082,Terrence Ross,2018/19,81,12.68,0.5341,38.3,15.1
1626179,Terry Rozier,2018/19,79,8.43,0.4767,35.3,8.96
201152,Thaddeus Young,2018/19,81,10.38,0.5571,34.9,12.64
1629033,Theo Pinson,2018/19,18,4.06,0.4247,26.1,4.5
1628418,Thomas Bryant,2018/19,72,6.97,0.6484,33.3,10.53
1629118,Thomas Welsh,2018/19,11,1.18,0.6538,42.9,1.64
1627748,Thon Maker,2018/19,64,4.19,0.4981,32.0,5.05
204025,Tim Frazier,2018/19,59,4.42,0.5153,36.6,5.25
203501,Tim Hardaway Jr.,2018/19,65,15.28,0.4743,34.0,18.06
1627789,Timothe Luwawu-Cabarrot,2018/19,50,4.36,0.4587,31.0,4.62
202699,Tobias Harris,2018/19,82,15.29,0.5494,39.7,20.05
1628396,Tony Bradley,2018/19,3,5.33,0.5,0.0,5.67
2225,Tony Parker,2018/19,56,8.27,0.4741,25.5,9.46
203503,Tony Snell,2018/19,74,4.88,0.5637,39.7,6.0
1628470,Torrey Craig,2018/19,75,4.83,0.5262,32.4,5.73
1629027,Trae Young,2018/19,81,15.51,0.4801,32.4,19.12
1626203,Treveon Graham,2018/19,35,5.46,0.4346,29.7,5.26
1628979,Trevon Duval,2018/19,3,1.0,0.8333,100.0,1.67
203504,Trey Burke,2018/19,58,9.45,0.4818,35.2,10.88
202684,Tristan Thompson,2018/19,43,8.84,0.5289,0.0,10.93
1628972,Troy Brown Jr.,2018/19,52,4.5,0.4615,31.9,4.77
1628505,Troy Caupain,2018/19,4,2.0,0.625,66.7,2.5
203584,Troy Daniels,2018/19,51,5.39,0.5455,38.1,6.24
1627786,Troy Williams,2018/19,21,4.67,0.5204,31.8,5.29
1628463,Tyler Cavanaugh,2018/19,11,0.91,0.35,20.0,0.82
1629093,Tyler Davis,2018/19,1,1.0,0.0,0.0,0.0
1628416,Tyler Dorsey,2018/19,48,5.5,0.4886,33.3,6.17
204020,Tyler Johnson,2018/19,57,9.23,0.4981,34.6,10.86
1628399,Tyler Lydon,2018/19,25,0.72,0.6111,40.0,0.92
203092,Tyler Zeller,2018/19,6,5.0,0.5333,0.0,7.67
201936,Tyreke Evans,2018/19,69,9.57,0.4477,35.6,10.23
1627820,Tyrone Wallace,2018/19,62,3.5,0.4332,21.1,3.52
2199,Tyson Chandler,2018/19,55,1.8,0.6162,0.0,3.15
1626145,Tyus Jones,2018/19,68,6.56,0.4596,31.7,6.88
2617,Udonis Haslem,2018/19,10,3.3,0.3333,0.0,2.5
203506,Victor Oladipo,2018/19,36,16.33,0.4864,34.3,18.75
1713,Vince Carter,2018/19,76,6.16,0.5502,38.9,7.39
1629053,Vincent Edwards,2018/19,2,2.0,0.375,25.0,1.5
1627215,Walt Lemon Jr.,2018/19,6,14.5,0.4483,40.0,14.33
201961,Wayne Ellington,2018/19,53,8.62,0.5536,37.1,10.28
1627782,Wayne Selden,2018/19,75,6.44,0.4627,31.6,6.85
1628976,Wendell Carter Jr.,2018/19,44,8.43,0.4933,18.8,10.34
1628411,Wes Iwundu,2018/19,68,4.03,0.4653,36.7,4.99
202325,Wesley Johnson,2018/19,38,3.37,0.4492,32.9,3.37
202083,Wesley Matthews,2018/19,69,10.12,0.5072,37.2,12.17
203115,Will Barton,2018/19,43,10.7,0.475,34.2,11.49
1626161,Willie Cauley-Stein,2018/19,81,9.15,0.5567,50.0,11.91
1626195,Willy Hernangomez,2018/19,58,5.09,0.5441,38.5,7.26
201163,Wilson Chandler,2018/19,51,5.35,0.5256,37.3,5.98
1628999,Yante Maten,2018/19,2,2.0,0.25,0.0,1.0
1627812,Yogi Ferrell,2018/19,71,4.96,0.5114,36.2,5.92
1629139,Yuta Watanabe,2018/19,15,3.4,0.3137,12.5,2.6
1628380,Zach Collins,2018/19,77,5.19,0.5225,33.1,6.65
203897,Zach LaVine,2018/19,63,18.02,0.5198,37.4,23.68
1629155,Zach Lofton,2018/19,1,1.0,0.0,0.0,0.0
1629015,Zhaire Smith,2018/19,6,5.67,0.5,37.5,6.67
1627753,Zhou Qi,2018/19,1,1.0,1.0,0.0,2.0
203932,Aaron Gordon,2019/20,62,12.37,0.4844,30.8,14.42
1628988,Aaron Holiday,2019/20,66,8.53,0.4911,39.4,9.5
1627846,Abdel Nader,2019/20,55,4.78,0.5589,37.5,6.27
1629690,Adam Mokoka,2019/20,11,2.55,0.5357,40.0,2.91
1629678,Admiral Schofield,2019/20,33,2.79,0.4837,31.1,3.0
201143,Al Horford,2019/20,67,10.58,0.5197,35.0,11.91
202692,Alec Burks,2019/20,66,11.64,0.4935,38.5,15.05
1627936,Alex Caruso,2019/20,64,4.55,0.4811,33.3,5.45
203458,Alex Len,2019/20,55,5.8,0.5799,27.1,7.96
1628035,Alfonzo McKinnie,2019/20,40,4.28,0.4678,21.5,4.55
1628993,Alize Johnson,2019/20,17,1.71,0.4655,37.5,2.0
203459,Allen Crabbe,2019/20,37,4.78,0.4576,30.3,4.65
1629019,Allonzo Trier,2019/20,24,4.42,0.5708,35.8,6.46
1628518,Amile Jefferson,2019/20,18,0.78,0.3571,0.0,0.83
1629599,Amir Coffey,2019/20,18,3.0,0.4815,31.6,3.22
203083,Andre Drummond,2019/20,57,13.75,0.5364,14.3,17.72
2738,Andre Iguodala,2019/20,21,4.19,0.5114,29.8,4.57
203460,Andre Roberson,2019/20,7,4.14,0.3276,21.4,2.86
203952,Andrew Wiggins,2019/20,54,18.11,0.5036,33.2,21.76
1629014,Anfernee Simons,2019/20,70,7.66,0.4692,33.2,8.27
1627790,Ante Zizic,2019/20,22,3.27,0.5694,0.0,4.36
203076,Anthony Davis,2019/20,62,17.68,0.5356,33.0,26.1
201229,Anthony Tolliver,2019/20,55,3.31,0.4918,33.8,3.64
1628499,Antonius Cleveland,2019/20,11,1.27,0.2857,0.0,1.0
203085,Austin Rivers,2019/20,68,7.37,0.517,35.6,8.76
202340,Avery Bradley,2019/20,49,7.82,0.5261,36.4,8.63
1629168,BJ Johnson,2019/20,10,3.2,0.3281,33.3,3.0
203463,Ben McLemore,2019/20,71,7.68,0.6101,40.0,10.07
1627732,Ben Simmons,2019/20,57,11.35,0.5811,28.6,16.44
202687,Bismack Biyombo,2019/20,53,5.25,0.5432,0.0,7.42
201933,Blake Griffin,2019/20,18,13.89,0.406,24.3,15.5
1626171,Bobby Portis,2019/20,66,8.92,0.5068,35.8,10.12
1629626,Bol Bol,2019/20,7,4.0,0.5714,44.4,5.71
202954,Brad Wanamaker,2019/20,71,5.1,0.4986,36.3,6.86
203078,Bradley Beal,2019/20,57,22.86,0.5203,35.3,30.54
1629634,Brandon Clarke,2019/20,58,8.26,0.642,35.9,12.07
1629164,Brandon Goodwin,2019/20,34,5.59,0.4684,29.9,6.06
1627742,Brandon Ingram,2019/20,62,17.68,0.531,39.1,23.82
202688,Brandon Knight,2019/20,25,6.68,0.488,34.4,7.32
1628968,Brian Bowen II,2019/20,6,1.67,0.3,0.0,1.0
201572,Brook Lopez,2019/20,68,9.87,0.5112,31.4,11.96
1628971,Bruce Brown,2019/20,58,7.71,0.4799,34.4,8.91
203998,Bruno Caboclo,2019/20,30,2.97,0.4607,18.2,3.0
1628981,Bruno Fernando,2019/20,56,3.55,0.5302,13.5,4.29
1627854,Bryn Forbes,2019/20,63,9.22,0.5439,38.8,11.22
1627741,Buddy Hield,2019/20,72,16.14,0.5452,39.4,19.19
203468,CJ McCollum,2019/20,70,19.37,0.5221,37.9,22.23
101139,CJ Miles,2019/20,10,5.9,0.4153,31.4,6.4
1628997,Caleb Martin,2019/20,18,4.67,0.5595,54.1,6.17
1628403,Caleb Swanigan,2019/20,27,1.74,0.5957,0.0,2.41
1629629,Cam Reddish,2019/20,58,9.55,0.4594,33.2,10.52
1629661,Cameron Johnson,2019/20,57,7.11,0.5654,39.0,8.84
1627747,Caris LeVert,2019/20,45,16.27,0.4795,36.4,18.71
1629035,Carsen Edwards,2019/20,37,3.46,0.4219,31.6,3.27
1628990,Chandler Hutchison,2019/20,28,6.25,0.4914,31.6,7.79
202718,Chandler Parsons,2019/20,5,3.6,0.3889,28.6,2.8
1629718,Charlie Brown Jr.,2019/20,10,1.9,0.3947,33.3,2.0
1626184,Chasson Randle,2019/20,3,1.33,0.0,0.0,1.67
1627767,Cheick Diallo,2019/20,47,3.02,0.6514,33.3,4.66
1629002,Chimezie Metu,2019/20,18,2.33,0.5714,0.0,3.22
1628449,Chris Boucher,2019/20,62,4.82,0.5351,32.2,6.63
1629185,Chris Chiozza,2019/20,28,5.0,0.4893,37.5,5.07
1629598,Chris Clemons,2019/20,33,4.3,0.5317,34.6,4.88
101108,Chris Paul,2019/20,70,12.67,0.5519,36.5,17.6
1629735,Chris Silva,2019/20,44,1.77,0.6154,0.0,3.02
1626174,Christian Wood,2019/20,62,8.19,0.6201,38.6,13.06
1629632,Coby White,2019/20,65,12.18,0.4779,35.4,13.22
1628998,Cody Martin,2019/20,48,4.31,0.4734,23.4,4.96
203469,Cody Zeller,2019/20,58,8.26,0.5428,24.0,11.07
1629012,Collin Sexton,2019/20,65,16.71,0.517,38.0,20.75
201147,Corey Brewer,2019/20,5,0.8,0.5,0.0,1.0
202709,Cory Joseph,2019/20,72,5.72,0.483,35.2,6.36
201584,Courtney Lee,2019/20,24,3.42,0.6159,44.7,4.46
1626245,Cristiano Felicio,2019/20,22,2.45,0.6296,0.0,3.91
1626156,D'Angelo Russell,2019/20,45,18.8,0.5189,36.7,23.09
1628391,D.J. Wilson,2019/20,37,3.57,0.4621,24.7,3.59
1629610,DaQuan Jeffries,2019/20,13,3.08,0.5625,27.8,3.85
1627745,Damian Jones,2019/20,55,3.24,0.6854,22.2,5.56
203081,Damian Lillard,2019/20,66,20.44,0.5626,40.1,29.97
1627814,Damion Lee,2019/20,49,10.43,0.5,35.6,12.67
1628422,Damyean Dotson,2019/20,48,6.04,0.5155,36.2,6.69
1629655,Daniel Gafford,2019/20,43,3.12,0.7015,0.0,5.12
203957,Dante Exum,2019/20,35,3.4,0.5336,34.9,4.54
1627863,Danuel House Jr.,2019/20,63,8.56,0.5464,36.3,10.51
1629647,Darius Bazley,2019/20,61,5.2,0.4716,34.8,5.61
1629636,Darius Garland,2019/20,59,11.85,0.4757,35.5,12.34
1629133,Daryl Macon,2019/20,4,0.75,0.5,50.0,0.75
1628021,David Nwaba,2019/20,20,3.55,0.6056,42.9,5.2
1628368,De'Aaron Fox,2019/20,51,15.98,0.5129,29.2,21.12
1629631,De'Andre Hunter,2019/20,63,10.84,0.489,35.5,12.35
1629001,De'Anthony Melton,2019/20,60,6.68,0.4514,28.6,7.58
201599,DeAndre Jordan,2019/20,56,5.12,0.6655,0.0,8.3
1627761,DeAndre' Bembry,2019/20,43,5.3,0.489,23.1,5.79
201942,DeMar DeRozan,2019/20,68,15.43,0.5353,25.7,22.12
201960,DeMarre Carroll,2019/20,24,2.75,0.4394,24.2,3.62
1629731,Dean Wade,2019/20,12,1.08,0.7692,50.0,1.67
1627749,Dejounte Murray,2019/20,66,9.65,0.4937,36.9,10.91
1626153,Delon Wright,2019/20,73,5.63,0.5195,37.0,6.9
203471,Dennis Schröder,2019/20,65,14.85,0.5342,38.5,18.91
1628372,Dennis Smith Jr.,2019/20,34,6.21,0.3791,29.6,5.5
1627756,Denzel Valentine,2019/20,36,6.58,0.5063,33.6,6.83
1629126,Deonte Burton,2019/20,39,3.21,0.384,18.9,2.67
202324,Derrick Favors,2019/20,51,6.65,0.618,14.3,9.0
1627884,Derrick Jones Jr.,2019/20,59,5.92,0.5802,28.0,8.47
201565,Derrick Rose,2019/20,50,15.06,0.5199,30.6,18.08
1628476,Derrick Walton Jr.,2019/20,26,1.5,0.5897,41.7,2.04
1628401,Derrick White,2019/20,68,8.12,0.5299,36.6,11.25
1626164,Devin Booker,2019/20,70,18.33,0.5436,35.4,26.61
1628985,Devon Hall,2019/20,11,2.73,0.2667,23.5,1.82
1629719,Devontae Cacok,2019/20,1,6.0,0.5,0.0,6.0
1628984,Devonte' Graham,2019/20,63,15.29,0.4953,37.3,18.17
1629608,Dewan Hernandez,2019/20,6,2.33,0.3929,50.0,2.33
203473,Dewayne Dedmon,2019/20,44,5.8,0.4431,20.6,5.82
1628415,Dillon Brooks,2019/20,73,14.63,0.4761,35.8,16.18
203079,Dion Waiters,2019/20,10,9.9,0.4899,31.9,11.1
1628378,Donovan Mitchell,2019/20,69,19.45,0.513,36.6,23.99
1629743,Donta Hall,2019/20,9,2.44,0.6818,0.0,4.33
1628978,Donte DiVincenzo,2019/20,66,7.73,0.5363,33.6,9.24
1627827,Dorian Finney-Smith,2019/20,71,7.35,0.5747,37.6,9.55
203926,Doug McDermott,2019/20,69,7.93,0.6051,43.5,10.29
203110,Draymond Green,2019/20,43,7.35,0.4462,27.9,8.02
1629234,Drew Eubanks,2019/20,22,3.05,0.6493,100.0,4.86
1629130,Duncan Robinson,2019/20,73,9.41,0.6667,44.6,13.47
1628605,Dusty Hannahs,2019/20,2,4.5,0.5556,66.7,6.0
2730,Dwight Howard,2019/20,69,4.01,0.7347,60.0,7.49
203939,Dwight Powell,2019/20,40,5.72,0.6594,25.6,9.4
202734,E'Twaun Moore,2019/20,56,7.8,0.4977,37.7,8.32
202334,Ed Davis,2019/20,28,1.64,0.4783,0.0,1.82
1628410,Edmond Sumner,2019/20,31,4.58,0.4789,26.4,4.9
203901,Elfrid Payton,2019/20,45,9.78,0.4545,20.3,9.98
1629059,Elie Okobo,2019/20,55,3.29,0.4669,35.2,3.98
1626144,Emmanuel Mudiay,2019/20,54,6.06,0.5076,34.5,7.31
202683,Enes Freedom,2019/20,58,6.0,0.5733,14.3,8.09
202339,Eric Bledsoe,2019/20,61,11.52,0.5277,34.4,14.93
201569,Eric Gordon,2019/20,36,12.86,0.473,31.7,14.44
1628450,Eric Mika,2019/20,1,3.0,0.6667,0.0,6.0
1629672,Eric Paschall,2019/20,60,10.67,0.5258,28.7,13.95
203095,Evan Fournier,2019/20,66,14.08,0.5603,39.9,18.5
202323,Evan Turner,2019/20,19,3.53,0.3731,0.0,3.26
1628402,Frank Jackson,2019/20,59,5.61,0.4758,32.6,6.29
1626163,Frank Kaminsky,2019/20,39,7.87,0.5163,33.1,9.69
1628412,Frank Mason III,2019/20,9,5.67,0.5098,28.6,6.89
1628373,Frank Ntilikina,2019/20,57,5.84,0.4595,32.1,6.26
1627832,Fred VanVleet,2019/20,54,14.31,0.5071,39.0,17.63
1629216,Gabe Vincent,2019/20,9,4.11,0.2973,22.2,2.44
202066,Garrett Temple,2019/20,62,9.47,0.4864,32.9,10.34
1629726,Garrison Mathews,2019/20,18,3.11,0.5982,41.3,5.44
1629109,Gary Clark,2019/20,42,3.17,0.5526,35.1,3.71
203914,Gary Harris,2019/20,56,9.27,0.4875,33.3,10.38
1627780,Gary Payton II,2019/20,29,4.0,0.4698,28.3,3.9
1629018,Gary Trent Jr.,2019/20,61,7.23,0.5714,41.8,8.87
201588,George Hill,2019/20,59,6.37,0.6237,46.0,9.39
1627777,Georges Niang,2019/20,66,4.88,0.5776,40.0,5.94
203922,Glenn Robinson III,2019/20,62,9.55,0.5515,39.1,11.73
202330,Gordon Hayward,2019/20,52,13.46,0.5607,38.3,17.48
203476,Gorgui Dieng,2019/20,63,5.78,0.5302,35.5,7.37
1629684,Grant Williams,2019/20,69,3.06,0.4692,25.0,3.43
203084,Harrison Barnes,2019/20,72,11.01,0.5246,38.1,14.53
1628385,Harry Giles III,2019/20,46,5.46,0.5538,0.0,6.87
202355,Hassan Whiteside,2019/20,67,10.48,0.6239,57.1,15.52
1627740,Henry Ellenson,2019/20,5,1.4,0.1429,0.0,0.4
202697,Iman Shumpert,2019/20,13,4.92,0.3906,24.2,4.15
1629067,Isaac Bonga,2019/20,66,3.55,0.5577,35.2,5.0
1628392,Isaiah Hartenstein,2019/20,23,2.91,0.6567,0.0,4.65
1629676,Isaiah Roby,2019/20,3,0.33,0.0,0.0,0.0
202738,Isaiah Thomas,2019/20,40,10.65,0.5,41.3,12.2
202397,Ish Smith,2019/20,68,10.13,0.492,36.7,10.88
1627826,Ivica Zubac,2019/20,72,5.35,0.613,0.0,8.28
200826,J.J. Barea,2019/20,29,7.14,0.4879,37.6,7.66
200755,JJ Redick,2019/20,60,10.52,0.5959,45.3,15.28
2747,JR Smith,2019/20,6,3.67,0.3409,9.1,2.83
1629630,Ja Morant,2019/20,67,13.99,0.5091,33.5,17.81
203960,JaKarr Sampson,2019/20,34,3.38,0.6,15.4,4.59
203210,JaMychal Green,2019/20,63,5.59,0.5597,38.7,6.83
201580,JaVale McGee,2019/20,68,4.5,0.6422,50.0,6.56
203953,Jabari Parker,2019/20,38,11.29,0.5478,26.9,13.97
1628980,Jacob Evans,2019/20,29,4.62,0.3843,33.3,4.41
203109,Jae Crowder,2019/20,65,8.66,0.5213,34.3,10.52
1626143,Jahlil Okafor,2019/20,30,5.4,0.6265,33.3,8.1
1627774,Jake Layman,2019/20,23,7.78,0.5196,33.3,9.13
1627751,Jakob Poeltl,2019/20,66,4.03,0.6241,0.0,5.64
1628973,Jalen Brunson,2019/20,57,6.81,0.5219,35.8,8.18
1629665,Jalen Lecque,2019/20,5,2.0,0.4,0.0,2.0
1629667,Jalen McDaniels,2019/20,16,4.38,0.5357,37.5,5.56
2037,Jamal Crawford,2019/20,1,4.0,0.625,50.0,5.0
1627750,Jamal Murray,2019/20,59,15.15,0.519,34.6,18.49
203516,James Ennis III,2019/20,69,5.2,0.5223,32.5,6.58
201935,James Harden,2019/20,68,22.26,0.5426,35.5,34.34
201949,James Johnson,2019/20,32,6.72,0.5558,36.3,8.44
201162,Jared Dudley,2019/20,45,1.33,0.55,42.9,1.51
1629607,Jared Harper,2019/20,3,1.33,0.25,0.0,0.67
1628991,Jaren Jackson Jr.,2019/20,57,13.21,0.5651,39.4,17.37
1629020,Jarred Vanderbilt,2019/20,11,0.73,0.625,0.0,1.09
1629714,Jarrell Brantley,2019/20,9,3.11,0.4107,23.1,2.67
1629633,Jarrett Culver,2019/20,63,9.03,0.4622,29.9,9.21
1627784,Jarrod Uthoff,2019/20,7,2.57,0.4722,33.3,2.71
1629750,Javonte Green,2019/20,48,2.62,0.5357,27.3,3.4
1629637,Jaxson Hayes,2019/20,64,4.05,0.6737,25.0,7.38
1627759,Jaylen Brown,2019/20,57,15.56,0.5541,38.2,20.33
1629658,Jaylen Hoard,2019/20,13,2.46,0.4688,0.0,2.92
1629669,Jaylen Nowell,2019/20,15,3.53,0.3868,11.5,3.8
1628369,Jayson Tatum,2019/20,66,18.58,0.5273,40.3,23.44
201145,Jeff Green,2019/20,48,7.17,0.5523,33.9,9.44
201952,Jeff Teague,2019/20,59,8.29,0.4796,36.8,10.86
203924,Jerami Grant,2019/20,71,8.93,0.5552,38.9,11.99
1629725,Jeremiah Martin,2019/20,9,5.89,0.5,27.8,7.11
203087,Jeremy Lamb,2019/20,46,10.41,0.5063,33.5,12.54
202951,Jeremy Pargo,2019/20,3,7.33,0.5682,42.9,8.33
1626170,Jerian Grant,2019/20,6,4.5,0.4074,25.0,4.5
1629010,Jerome Robinson,2019/20,63,4.92,0.45,32.0,5.06
1628975,Jevon Carter,2019/20,58,4.19,0.5432,42.5,4.95
202710,Jimmy Butler III,2019/20,58,13.07,0.4743,24.4,19.95
201149,Joakim Noah,2019/20,5,1.6,0.5,0.0,2.8
1629147,Joe Chealey,2019/20,4,1.75,0.0,0.0,0.5
203925,Joe Harris,2019/20,69,11.36,0.5957,42.4,14.46
203954,Joel Embiid,2019/20,51,15.71,0.5125,33.1,22.98
1628381,John Collins,2019/20,41,14.76,0.6322,40.1,21.59
203089,John Henson,2019/20,40,4.28,0.5789,22.2,5.53
1629723,John Konchar,2019/20,19,1.95,0.7162,50.0,2.84
1628405,Johnathan Motley,2019/20,13,1.15,0.7667,100.0,2.15
1629140,Johnathan Williams,2019/20,15,2.27,0.5588,0.0,3.0
1628413,Jonah Bolden,2019/20,7,1.57,0.3636,0.0,1.43
1628371,Jonathan Isaac,2019/20,34,9.76,0.5181,34.0,11.88
1628395,Jordan Bell,2019/20,29,2.31,0.5522,33.3,3.21
1629648,Jordan Bone,2019/20,10,2.0,0.3,20.0,1.2
203903,Jordan Clarkson,2019/20,71,12.21,0.5421,36.8,15.18
1629162,Jordan McLaughlin,2019/20,30,5.93,0.5702,38.2,7.63
1629673,Jordan Poole,2019/20,57,8.81,0.4064,27.9,8.82
1627982,Josh Gray,2019/20,2,1.0,0.5,0.0,1.0
1628404,Josh Hart,2019/20,65,8.18,0.5367,34.2,10.09
1628367,Josh Jackson,2019/20,22,7.23,0.5126,31.9,9.0
203705,Josh Magette,2019/20,8,1.88,0.3667,25.0,1.5
1629006,Josh Okogie,2019/20,62,6.42,0.4786,26.6,8.6
1629729,Josh Reaves,2019/20,4,2.25,0.3333,0.0,2.0
1626196,Josh Richardson,2019/20,55,11.75,0.4961,34.1,13.73
201950,Jrue Holiday,2019/20,61,16.49,0.5159,35.3,19.13
1629308,Juan Toscano-Anderson,2019/20,13,4.85,0.5238,34.8,5.31
1627823,Juancho Hernangomez,2019/20,48,5.15,0.4939,34.1,6.0
203944,Julius Randle,2019/20,64,15.72,0.492,27.7,19.5
203200,Justin Holiday,2019/20,73,6.66,0.5658,40.5,8.26
1628382,Justin Jackson,2019/20,65,5.25,0.4663,29.4,5.54
1629713,Justin James,2019/20,36,2.33,0.4702,31.0,2.47
1628383,Justin Patton,2019/20,5,2.0,0.45,25.0,1.8
1629620,Justin Robinson,2019/20,9,1.33,0.5417,60.0,1.44
1629625,Justin Wright-Foreman,2019/20,4,5.0,0.4,20.0,4.75
1626159,Justise Winslow,2019/20,11,11.73,0.4109,22.2,11.27
1629752,Juwan Morgan,2019/20,21,1.24,0.6346,37.5,1.71
1629644,KZ Okpala,2019/20,5,1.0,0.6,0.0,1.4
1626157,Karl-Anthony Towns,2019/20,35,17.77,0.5997,41.2,26.46
202695,Kawhi Leonard,2019/20,57,19.88,0.5238,37.8,27.07
1628966,Keita Bates-Diop,2019/20,44,5.32,0.5,33.0,6.55
1629103,Kelan Martin,2019/20,31,5.84,0.4613,26.0,6.35
1629640,Keldon Johnson,2019/20,17,5.24,0.6685,59.1,9.06
203482,Kelly Olynyk,2019/20,67,5.94,0.5817,40.6,8.19
1626162,Kelly Oubre Jr.,2019/20,56,14.75,0.5169,35.2,18.68
202689,Kemba Walker,2019/20,56,15.88,0.5264,38.1,20.45
1629134,Kendrick Nunn,2019/20,67,13.64,0.5137,35.0,15.28
1629026,Kenrich Williams,2019/20,39,3.77,0.432,25.8,3.49
203145,Kent Bazemore,2019/20,68,7.85,0.4532,34.4,8.78
203484,Kentavious Caldwell-Pope,2019/20,69,7.35,0.5582,38.5,9.35
1628987,Kevin Hervey,2019/20,10,2.7,0.3148,15.0,1.7
1628989,Kevin Huerter,2019/20,56,10.89,0.5172,38.0,12.21
1628995,Kevin Knox II,2019/20,65,6.17,0.4401,32.7,6.45
201567,Kevin Love,2019/20,56,12.98,0.5502,37.4,17.62
1629645,Kevin Porter Jr.,2019/20,50,8.42,0.5048,33.5,9.96
1626172,Kevon Looney,2019/20,20,3.95,0.3734,7.1,3.4
203920,Khem Birch,2019/20,48,2.98,0.5105,0.0,4.42
203114,Khris Middleton,2019/20,62,15.27,0.575,41.5,20.92
1629017,Khyri Thomas,2019/20,8,2.12,0.4412,35.7,2.12
1627739,Kris Dunn,2019/20,51,6.71,0.4868,25.9,7.31
204001,Kristaps Porziņģis,2019/20,57,16.35,0.5032,35.2,20.42
1629065,Ky Bowman,2019/20,45,7.13,0.4688,30.8,7.44
1629657,Kyle Guy,2019/20,3,1.67,0.4,0.0,1.33
2594,Kyle Korver,2019/20,58,5.05,0.599,41.8,6.66
1628398,Kyle Kuzma,2019/20,61,10.95,0.5,31.6,12.82
200768,Kyle Lowry,2019/20,58,13.84,0.5181,35.2,19.41
203124,Kyle O'Quinn,2019/20,29,2.93,0.5353,25.9,3.52
202681,Kyrie Irving,2019/20,20,20.8,0.5457,39.4,27.4
202498,Lance Thomas,2019/20,7,3.29,0.4348,30.8,3.43
1629013,Landry Shamet,2019/20,53,7.38,0.546,37.5,9.28
204038,Langston Galloway,2019/20,66,8.21,0.5572,39.9,10.26
1626204,Larry Nance Jr.,2019/20,56,7.7,0.5963,35.2,10.07
1628374,Lauri Markkanen,2019/20,50,11.82,0.5169,34.4,14.74
2544,LeBron James,2019/20,67,19.45,0.5503,34.8,25.34
1629022,Lonnie Walker IV,2019/20,61,5.85,0.4832,40.6,6.38
101150,Lou Williams,2019/20,65,14.4,0.477,35.2,18.23
1629663,Louis King,2019/20,10,2.1,0.4762,36.4,2.0
201601,Luc Mbah a Moute,2019/20,3,1.67,0.4,0.0,1.67
1629652,Luguentz Dort,2019/20,36,6.06,0.4633,29.7,6.78
1628379,Luke Kennard,2019/20,28,12.21,0.5482,39.9,15.79
1628436,Luke Kornet,2019/20,36,5.19,0.5214,28.7,5.97
1627763,Malcolm Brogdon,2019/20,54,13.78,0.4886,32.6,16.54
1626259,Malcolm Miller,2019/20,28,1.04,0.5517,36.4,1.25
1627736,Malik Beasley,2019/20,55,9.71,0.5253,38.8,11.18
1628370,Malik Monk,2019/20,55,8.87,0.4939,28.4,10.25
1629005,Malik Newman,2019/20,1,2.0,0.0,0.0,2.0
201158,Marco Belinelli,2019/20,57,5.51,0.4984,37.6,6.33
202694,Marcus Morris Sr.,2019/20,62,13.06,0.5259,40.8,16.66
203935,Marcus Smart,2019/20,60,11.37,0.4758,34.7,12.93
1628365,Markelle Fultz,2019/20,72,10.72,0.4883,26.7,12.08
202693,Markieff Morris,2019/20,58,7.9,0.5393,38.6,9.66
1627737,Marquese Chriss,2019/20,59,6.53,0.5558,20.5,9.29
101107,Marvin Williams,2019/20,58,4.6,0.5506,35.9,5.91
203486,Mason Plumlee,2019/20,61,4.72,0.6146,0.0,7.16
1629680,Matisse Thybulle,2019/20,65,4.08,0.5283,35.7,4.69
1629760,Matt Mooney,2019/20,4,1.0,0.25,0.0,0.5
1629744,Matt Thomas,2019/20,41,3.66,0.6433,47.5,4.93
203521,Matthew Dellavedova,2019/20,57,3.07,0.4143,23.1,3.11
203090,Maurice Harkless,2019/20,62,4.56,0.5618,34.7,5.76
1629622,Max Strus,2019/20,2,1.5,0.6667,0.0,2.5
1628467,Maxi Kleber,2019/20,74,6.95,0.5768,37.3,9.08
1628982,Melvin Frazier Jr.,2019/20,19,1.79,0.5588,50.0,2.11
203086,Meyers Leonard,2019/20,51,4.59,0.6218,41.4,6.06
1629662,Mfiondu Kabengele,2019/20,12,2.67,0.5781,45.0,3.5
203487,Michael Carter-Williams,2019/20,45,5.78,0.4692,29.3,7.18
1626187,Michael Frazier II,2019/20,13,2.23,0.3103,17.4,2.08
203077,Michael Kidd-Gilchrist,2019/20,25,2.64,0.3712,25.0,2.4
1629008,Michael Porter Jr.,2019/20,55,6.96,0.5901,42.2,9.31
1628969,Mikal Bridges,2019/20,73,6.63,0.5826,36.1,9.14
201144,Mike Conley,2019/20,47,12.06,0.4938,37.5,14.36
203488,Mike Muscala,2019/20,47,4.02,0.5503,37.8,4.81
203118,Mike Scott,2019/20,68,5.15,0.54,36.9,6.0
1628970,Miles Bridges,2019/20,65,11.58,0.4894,33.0,12.97
1629011,Mitchell Robinson,2019/20,61,5.59,0.7419,0.0,9.67
1629671,Miye Oni,2019/20,10,3.2,0.4844,36.8,3.5
1628420,Monte Morris,2019/20,73,7.75,0.5168,37.8,9.04
1626149,Montrezl Harrell,2019/20,63,12.89,0.58,0.0,18.62
1629650,Moses Brown,2019/20,9,1.11,0.4,0.0,1.22
1628539,Mychal Mulder,2019/20,7,9.57,0.5075,30.8,11.0
1626167,Myles Turner,2019/20,62,9.47,0.5298,34.4,12.08
1629642,Nassir Little,2019/20,48,3.15,0.4768,23.7,3.58
1628513,Naz Mitrou-Long,2019/20,5,3.4,0.4118,16.7,2.8
1629675,Naz Reid,2019/20,30,8.1,0.4774,33.0,8.97
203457,Nerlens Noel,2019/20,61,4.41,0.6859,33.3,7.36
1629651,Nic Claxton,2019/20,15,3.2,0.5729,14.3,4.4
1628430,Nigel Williams-Goss,2019/20,10,1.6,0.375,28.6,1.4
203999,Nikola Jokić,2019/20,73,14.67,0.5649,31.4,19.95
202696,Nikola Vučević,2019/20,62,16.66,0.5247,33.9,19.6
203943,Noah Vonleh,2019/20,36,2.56,0.5815,20.0,3.67
1626181,Norman Powell,2019/20,52,11.5,0.5861,39.9,15.96
203658,Norvel Pelle,2019/20,24,2.0,0.5208,0.0,2.38
1629016,Omari Spellman,2019/20,49,6.02,0.5034,39.1,7.55
1629052,Oshae Brissett,2019/20,19,1.89,0.4028,20.0,1.95
203490,Otto Porter Jr.,2019/20,14,10.0,0.5286,38.7,11.93
200782,P.J. Tucker,2019/20,72,5.92,0.5411,35.8,6.94
1629023,P.J. Washington,2019/20,58,10.16,0.528,37.4,12.24
1628408,PJ Dozier,2019/20,29,5.41,0.4682,34.7,5.79
1627783,Pascal Siakam,2019/20,60,18.4,0.5122,35.9,22.85
1626192,Pat Connaughton,2019/20,67,4.49,0.5465,33.1,5.37
201976,Patrick Beverley,2019/20,51,6.69,0.5484,38.8,7.94
1627775,Patrick McCaw,2019/20,37,4.38,0.4846,32.4,4.59
202335,Patrick Patterson,2019/20,59,3.95,0.5515,39.0,4.95
201988,Patty Mills,2019/20,66,9.06,0.5602,38.2,11.62
202331,Paul George,2019/20,48,16.29,0.539,41.2,21.52
200794,Paul Millsap,2019/20,51,8.59,0.5434,43.5,11.59
1628778,Paul Watson,2019/20,10,2.6,0.4615,33.3,3.1
1626188,Quinn Cook,2019/20,44,4.86,0.4977,36.5,5.09
1629683,Quinndary Weatherspoon,2019/20,11,1.55,0.3235,20.0,1.09
1629628,RJ Barrett,2019/20,56,12.98,0.445,32.0,14.34
200765,Rajon Rondo,2019/20,48,6.83,0.4802,32.8,7.12
203526,Raul Neto,2019/20,54,4.11,0.5315,38.6,5.09
1629730,Rayjon Tucker,2019/20,20,2.15,0.5,17.6,3.1
203493,Reggie Bullock Jr.,2019/20,29,7.72,0.4844,33.3,8.07
202704,Reggie Jackson,2019/20,31,10.52,0.4985,39.3,11.94
1626158,Richaun Holmes,2019/20,44,7.82,0.6483,0.0,12.25
201937,Ricky Rubio,2019/20,65,10.65,0.4711,36.1,13.03
203496,Robert Covington,2019/20,70,10.33,0.5332,33.5,12.43
1629057,Robert Williams III,2019/20,29,3.03,0.7273,0.0,5.17
201577,Robin Lopez,2019/20,66,4.53,0.5502,33.3,5.41
203918,Rodney Hood,2019/20,21,8.19,0.6076,49.3,10.95
203585,Rodney McGruder,2019/20,56,3.23,0.4641,27.0,3.34
1629641,Romeo Langford,2019/20,32,2.5,0.3812,18.5,2.47
1626178,Rondae Hollis-Jefferson,2019/20,60,5.48,0.4757,13.0,6.97
1626220,Royce O'Neale,2019/20,71,5.14,0.5589,37.7,6.34
200752,Rudy Gay,2019/20,67,8.9,0.5084,33.6,10.84
203497,Rudy Gobert,2019/20,68,8.19,0.693,0.0,15.09
1629060,Rui Hachimura,2019/20,48,11.35,0.489,28.7,13.52
201566,Russell Westbrook,2019/20,57,22.47,0.493,25.8,27.25
1629151,Ryan Broekhoff,2019/20,17,3.47,0.5424,39.2,4.18
1629635,Sekou Doumbouya,2019/20,38,6.21,0.4492,28.6,6.39
1628400,Semi Ojeleye,2019/20,69,2.84,0.5306,37.8,3.42
201586,Serge Ibaka,2019/20,55,12.18,0.5642,38.5,15.36
203552,Seth Curry,2019/20,64,8.97,0.6211,45.2,12.39
203894,Shabazz Napier,2019/20,56,8.14,0.4956,31.7,10.32
1628983,Shai Gilgeous-Alexander,2019/20,70,14.5,0.5138,34.7,19.01
1629003,Shake Milton,2019/20,40,6.92,0.5884,43.0,9.43
1629044,Shamorie Ponds,2019/20,4,1.25,0.7,50.0,2.25
1628414,Sindarius Thornwell,2019/20,2,5.5,0.6364,50.0,8.0
1627746,Skal Labissiere,2019/20,33,4.45,0.5612,23.1,5.76
203524,Solomon Hill,2019/20,59,4.71,0.509,36.8,5.47
203915,Spencer Dinwiddie,2019/20,64,15.95,0.4755,30.8,20.59
1626169,Stanley Johnson,2019/20,25,2.36,0.4322,29.2,2.4
1629742,Stanton Kidd,2019/20,4,0.75,0.0,0.0,0.0
201939,Stephen Curry,2019/20,5,16.4,0.4756,24.5,20.8
1628425,Sterling Brown,2019/20,52,4.92,0.457,32.4,5.12
1629004,Svi Mykhailiuk,2019/20,56,7.23,0.5519,40.4,9.0
1628388,T.J. Leaf,2019/20,28,3.07,0.4477,27.8,3.0
204456,T.J. McConnell,2019/20,71,5.79,0.5219,29.4,6.54
203933,T.J. Warren,2019/20,67,14.88,0.5812,40.3,19.79
1629605,Tacko Fall,2019/20,7,2.0,0.7857,0.0,3.29
201959,Taj Gibson,2019/20,62,4.61,0.5909,28.6,6.11
1629659,Talen Horton-Tucker,2019/20,6,5.0,0.5333,30.8,5.67
1629745,Tariq Owens,2019/20,3,1.67,0.2,0.0,1.33
1627752,Taurean Prince,2019/20,64,11.55,0.475,33.9,12.08
1629611,Terance Mann,2019/20,41,1.93,0.5127,35.0,2.41
1629056,Terence Davis,2019/20,72,6.06,0.5642,38.8,7.54
1628390,Terrance Ferguson,2019/20,56,3.93,0.4659,29.2,3.93
203082,Terrence Ross,2019/20,69,12.26,0.5077,35.1,14.72
1626179,Terry Rozier,2019/20,63,14.94,0.5143,40.7,18.0
201152,Thaddeus Young,2019/20,64,9.39,0.5133,35.6,10.3
1629033,Theo Pinson,2019/20,33,4.7,0.3387,18.8,3.64
1628418,Thomas Bryant,2019/20,46,9.09,0.6256,40.7,13.24
1627748,Thon Maker,2019/20,60,3.22,0.5389,34.4,4.68
204025,Tim Frazier,2019/20,27,3.48,0.4149,33.3,3.59
203501,Tim Hardaway Jr.,2019/20,71,12.45,0.5498,39.8,15.79
1627789,Timothe Luwawu-Cabarrot,2019/20,47,5.72,0.5502,38.8,7.77
202699,Tobias Harris,2019/20,72,16.29,0.5273,36.7,19.6
1628396,Tony Bradley,2019/20,58,3.26,0.6746,100.0,4.91
203503,Tony Snell,2019/20,59,6.47,0.5785,40.2,8.03
1628470,Torrey Craig,2019/20,58,4.64,0.5446,32.6,5.43
1629027,Trae Young,2019/20,60,20.82,0.5192,36.1,29.63
1629682,Tremont Waters,2019/20,11,4.45,0.3265,16.7,3.64
1626203,Treveon Graham,2019/20,55,4.4,0.4277,27.5,4.42
203504,Trey Burke,2019/20,33,6.33,0.5263,42.7,7.36
202684,Tristan Thompson,2019/20,57,9.86,0.5205,39.1,12.0
1628972,Troy Brown Jr.,2019/20,69,9.01,0.4879,34.1,10.38
203584,Troy Daniels,2019/20,47,3.96,0.5108,34.8,4.26
1629660,Ty Jerome,2019/20,31,3.65,0.3982,28.0,3.29
1629076,Tyler Cook,2019/20,13,0.92,0.6667,0.0,1.77
1629639,Tyler Herro,2019/20,55,11.47,0.5198,38.9,13.51
204020,Tyler Johnson,2019/20,39,6.41,0.464,31.9,7.03
203092,Tyler Zeller,2019/20,2,2.0,0.25,0.0,1.0
1627820,Tyrone Wallace,2019/20,14,3.14,0.3295,6.7,2.86
2199,Tyson Chandler,2019/20,26,0.69,0.7778,0.0,1.31
1626145,Tyus Jones,2019/20,65,6.6,0.514,37.9,7.45
2617,Udonis Haslem,2019/20,4,2.75,0.4091,33.3,3.0
1629724,Vic Law,2019/20,8,2.25,0.3611,14.3,1.88
203506,Victor Oladipo,2019/20,19,12.95,0.4614,31.7,14.47
1713,Vince Carter,2019/20,60,5.07,0.4523,30.2,4.97
1629738,Vincent Poirier,2019/20,22,1.64,0.4861,50.0,1.86
201961,Wayne Ellington,2019/20,36,4.83,0.4943,35.0,5.08
1628976,Wendell Carter Jr.,2019/20,43,7.98,0.5423,20.7,11.26
1629117,Wenyen Gabriel,2019/20,30,1.6,0.5,30.0,2.1
1628411,Wes Iwundu,2019/20,52,4.48,0.4764,34.1,5.77
202083,Wesley Matthews,2019/20,67,6.3,0.5237,36.4,7.37
203115,Will Barton,2019/20,58,12.72,0.523,37.5,15.07
1629739,William Howard,2019/20,2,2.0,0.0,0.0,0.0
1626161,Willie Cauley-Stein,2019/20,54,5.59,0.5795,0.0,7.22
1626195,Willy Hernangomez,2019/20,31,4.48,0.5504,22.7,6.13
201163,Wilson Chandler,2019/20,35,5.23,0.5055,30.6,5.86
1627812,Yogi Ferrell,2019/20,50,3.76,0.484,30.4,4.36
1629139,Yuta Watanabe,2019/20,18,1.89,0.4853,37.5,2.0
1628380,Zach Collins,2019/20,11,6.18,0.5221,36.8,7.0
203897,Zach LaVine,2019/20,60,19.98,0.5263,38.0,25.5
1629668,Zach Norvell Jr.,2019/20,5,2.4,0.375,37.5,2.0
1629015,Zhaire Smith,2019/20,7,1.57,0.2727,0.0,1.14
1629627,Zion Williamson,2019/20,24,15.0,0.5917,42.9,22.5
1629597,Zylan Cheatham,2019/20,4,2.25,0.6667,0.0,3.0
203932,Aaron Gordon,2020/21,50,9.98,0.522,33.5,12.36
1628988,Aaron Holiday,2020/21,66,6.61,0.4667,36.8,7.2
1630174,Aaron Nesmith,2020/21,46,3.87,0.5506,37.0,4.74
1627846,Abdel Nader,2020/21,24,4.83,0.569,41.9,6.67
1629690,Adam Mokoka,2020/21,14,1.36,0.3947,10.0,1.07
201143,Al Horford,2020/21,28,12.86,0.5278,36.8,14.21
202692,Alec Burks,2020/21,49,10.2,0.522,41.5,12.71
1627936,Alex Caruso,2020/21,58,5.26,0.5262,40.1,6.38
203458,Alex Len,2020/21,64,4.34,0.6295,32.0,6.61
1628035,Alfonzo McKinnie,2020/21,39,2.38,0.6022,41.0,3.13
1628993,Alize Johnson,2020/21,18,3.78,0.5956,16.7,5.22
1628578,Amida Brimah,2020/21,5,1.6,0.625,0.0,2.6
1629599,Amir Coffey,2020/21,44,2.34,0.5485,41.1,3.18
203083,Andre Drummond,2020/21,46,12.43,0.493,0.0,14.93
2738,Andre Iguodala,2020/21,63,3.94,0.504,33.0,4.37
203460,Andre Roberson,2020/21,5,2.8,0.1786,12.5,1.2
203952,Andrew Wiggins,2020/21,71,14.9,0.5435,38.0,18.59
1629014,Anfernee Simons,2020/21,64,6.27,0.5686,42.6,7.84
203076,Anthony Davis,2020/21,36,17.03,0.5122,26.0,21.83
1630162,Anthony Edwards,2020/21,72,16.82,0.4876,32.9,19.33
1630264,Anthony Gill,2020/21,26,2.31,0.5583,29.2,3.08
1630237,Anthony Lamb,2020/21,24,4.92,0.4873,32.4,5.54
201229,Anthony Tolliver,2020/21,11,1.55,0.3529,28.6,1.55
1629717,Armoni Brooks,2020/21,20,9.6,0.5625,38.2,11.15
203085,Austin Rivers,2020/21,36,6.81,0.5367,36.9,7.92
202340,Avery Bradley,2020/21,27,6.33,0.4708,32.7,6.41
1626253,Axel Toupane,2020/21,8,1.38,0.4091,50.0,1.75
203463,Ben McLemore,2020/21,53,6.89,0.5027,34.6,7.66
1627732,Ben Simmons,2020/21,58,10.05,0.56,30.0,14.29
202687,Bismack Biyombo,2020/21,66,3.67,0.5868,0.0,5.02
201933,Blake Griffin,2020/21,46,8.93,0.5085,34.1,10.98
1626171,Bobby Portis,2020/21,66,9.06,0.5853,47.1,11.42
1629626,Bol Bol,2020/21,32,1.81,0.5086,37.5,2.16
202954,Brad Wanamaker,2020/21,61,4.9,0.4114,18.8,5.51
203078,Bradley Beal,2020/21,60,23.03,0.5318,34.9,31.3
1629634,Brandon Clarke,2020/21,59,8.39,0.5374,26.0,10.34
1629164,Brandon Goodwin,2020/21,47,4.74,0.4484,31.1,4.85
1627742,Brandon Ingram,2020/21,61,18.05,0.5309,38.1,23.77
1628968,Brian Bowen II,2020/21,6,0.67,0.25,0.0,0.5
1630271,Brodric Thomas,2020/21,32,3.38,0.4352,27.1,3.91
201572,Brook Lopez,2020/21,70,9.14,0.5773,33.8,12.27
1628971,Bruce Brown,2020/21,65,6.51,0.5757,28.8,8.82
203998,Bruno Caboclo,2020/21,6,2.83,0.4706,0.0,2.83
1628981,Bruno Fernando,2020/21,33,1.33,0.4091,0.0,1.55
1627854,Bryn Forbes,2020/21,70,7.56,0.6181,45.2,10.01
1627741,Buddy Hield,2020/21,71,13.97,0.5484,39.1,16.56
1629604,CJ Elleby,2020/21,30,2.2,0.4318,20.6,2.27
203468,CJ McCollum,2020/21,47,18.81,0.5537,40.2,23.13
1628997,Caleb Martin,2020/21,53,4.83,0.4355,24.8,4.98
1629629,Cam Reddish,2020/21,26,10.12,0.4278,26.2,11.23
1629244,Cam Reynolds,2020/21,5,3.6,0.4167,25.0,3.0
1629661,Cameron Johnson,2020/21,60,8.05,0.5414,34.9,9.55
1628419,Cameron Oliver,2020/21,4,8.25,0.6364,30.8,10.75
1627747,Caris LeVert,2020/21,47,17.32,0.4926,32.6,20.17
1629035,Carsen Edwards,2020/21,31,3.58,0.5045,28.6,3.97
1630199,Cassius Stanley,2020/21,24,1.79,0.3372,23.1,1.5
1630216,Cassius Winston,2020/21,22,1.5,0.5455,47.1,1.86
1628990,Chandler Hutchison,2020/21,25,4.12,0.4175,36.4,4.28
1629718,Charlie Brown Jr.,2020/21,9,4.78,0.3605,23.8,4.44
1626184,Chasson Randle,2020/21,41,5.78,0.481,33.8,6.49
1629002,Chimezie Metu,2020/21,36,4.97,0.5447,35.1,6.28
1628449,Chris Boucher,2020/21,60,9.33,0.5946,38.3,13.63
1629185,Chris Chiozza,2020/21,22,4.0,0.4261,31.0,4.0
101108,Chris Paul,2020/21,70,12.56,0.5575,39.5,16.41
1629735,Chris Silva,2020/21,15,1.07,0.6562,100.0,2.13
1626174,Christian Wood,2020/21,41,15.61,0.5742,37.4,20.98
1629643,Chuma Okeke,2020/21,45,7.2,0.4923,34.8,7.76
1629632,Coby White,2020/21,69,13.07,0.5061,35.9,15.09
1628998,Cody Martin,2020/21,52,3.62,0.484,27.6,3.98
203469,Cody Zeller,2020/21,48,6.75,0.5648,14.3,9.4
1629012,Collin Sexton,2020/21,60,18.42,0.5195,37.1,24.33
202709,Cory Joseph,2020/21,63,6.76,0.5223,34.1,8.21
1626245,Cristiano Felicio,2020/21,18,0.72,0.5385,0.0,1.28
1626156,D'Angelo Russell,2020/21,42,15.52,0.523,38.7,18.95
1628391,D.J. Wilson,2020/21,35,4.8,0.494,34.5,5.23
1629610,DaQuan Jeffries,2020/21,31,3.87,0.5,29.9,4.1
1629751,Dakota Mathias,2020/21,8,6.0,0.4792,30.8,6.0
1627745,Damian Jones,2020/21,39,2.64,0.6845,20.0,4.69
203081,Damian Lillard,2020/21,67,19.91,0.5543,39.1,28.78
1627814,Damion Lee,2020/21,57,4.81,0.6077,39.7,6.54
1628422,Damyean Dotson,2020/21,46,6.37,0.4846,28.9,6.7
1629655,Daniel Gafford,2020/21,54,4.17,0.6844,0.0,7.04
1630187,Daniel Oturu,2020/21,30,1.73,0.4327,20.0,1.8
203957,Dante Exum,2020/21,6,4.33,0.4231,18.2,3.83
1627863,Danuel House Jr.,2020/21,36,7.56,0.5037,34.6,8.75
1629647,Darius Bazley,2020/21,55,12.55,0.4558,29.0,13.71
1629636,Darius Garland,2020/21,54,14.85,0.5168,39.5,17.43
1628021,David Nwaba,2020/21,30,7.27,0.5252,27.0,9.2
1628368,De'Aaron Fox,2020/21,58,19.14,0.523,32.2,25.19
1629631,De'Andre Hunter,2020/21,23,10.78,0.5464,32.6,14.96
1629001,De'Anthony Melton,2020/21,52,7.56,0.5483,41.2,9.08
201599,DeAndre Jordan,2020/21,57,4.37,0.7631,0.0,7.47
1627761,DeAndre' Bembry,2020/21,51,4.47,0.5439,26.4,5.75
201942,DeMar DeRozan,2020/21,61,15.08,0.5049,25.7,21.57
202326,DeMarcus Cousins,2020/21,41,7.44,0.5033,34.8,8.93
1629731,Dean Wade,2020/21,63,4.94,0.5563,36.6,5.97
1627749,Dejounte Murray,2020/21,67,14.54,0.4851,31.7,15.69
1626153,Delon Wright,2020/21,63,8.22,0.5251,37.2,10.24
203471,Dennis Schröder,2020/21,61,12.46,0.4836,33.5,15.43
1628372,Dennis Smith Jr.,2020/21,23,6.3,0.4655,32.8,6.7
1627756,Denzel Valentine,2020/21,62,6.71,0.4688,33.1,6.55
202324,Derrick Favors,2020/21,68,3.57,0.6379,0.0,5.43
1627884,Derrick Jones Jr.,2020/21,58,5.24,0.5543,31.6,6.83
201565,Derrick Rose,2020/21,50,12.22,0.5106,38.8,14.68
1628401,Derrick White,2020/21,36,12.58,0.5033,34.6,15.36
1626164,Devin Booker,2020/21,67,19.21,0.533,34.0,25.55
1629962,Devin Cannady,2020/21,8,3.5,0.5,37.5,4.25
1630170,Devin Vassell,2020/21,62,4.89,0.4917,34.7,5.5
1629653,Devon Dotson,2020/21,11,1.91,0.5476,14.3,2.09
1629719,Devontae Cacok,2020/21,20,1.45,0.5862,0.0,1.95
1628984,Devonte' Graham,2020/21,55,12.16,0.5105,37.5,14.84
203473,Dewayne Dedmon,2020/21,16,4.06,0.7154,20.0,7.06
1629712,Didi Louzada,2020/21,3,4.33,0.3077,25.0,2.67
1628415,Dillon Brooks,2020/21,67,15.39,0.4811,34.4,17.18
1628378,Donovan Mitchell,2020/21,53,20.58,0.5197,38.6,26.43
1629743,Donta Hall,2020/21,13,2.69,0.7143,0.0,5.62
1628978,Donte DiVincenzo,2020/21,66,9.14,0.5282,37.9,10.42
1627827,Dorian Finney-Smith,2020/21,60,7.77,0.5998,39.4,9.83
203926,Doug McDermott,2020/21,66,10.08,0.6158,38.8,13.62
203110,Draymond Green,2020/21,63,6.03,0.4921,27.0,7.05
1629234,Drew Eubanks,2020/21,54,3.8,0.5707,100.0,5.76
1629130,Duncan Robinson,2020/21,72,9.96,0.6137,40.8,13.08
2730,Dwight Howard,2020/21,69,4.39,0.5957,25.0,6.99
203939,Dwight Powell,2020/21,58,3.34,0.6314,23.8,5.9
1629685,Dylan Windler,2020/21,31,4.19,0.5385,33.8,5.19
202734,E'Twaun Moore,2020/21,27,4.48,0.5,31.4,4.93
202334,Ed Davis,2020/21,23,1.91,0.4318,0.0,2.09
1628410,Edmond Sumner,2020/21,53,5.32,0.5869,39.8,7.53
203901,Elfrid Payton,2020/21,63,9.87,0.455,28.6,10.14
1629091,Elijah Bryant,2020/21,1,13.0,0.5,20.0,16.0
1630190,Elijah Hughes,2020/21,18,1.67,0.4667,34.8,1.72
202683,Enes Freedom,2020/21,72,7.79,0.6052,25.0,11.19
202339,Eric Bledsoe,2020/21,71,10.28,0.5034,34.1,12.24
201569,Eric Gordon,2020/21,27,13.59,0.5272,32.9,17.81
1629672,Eric Paschall,2020/21,40,7.45,0.5268,33.3,9.53
203095,Evan Fournier,2020/21,42,12.88,0.5647,41.3,17.12
1628402,Frank Jackson,2020/21,40,7.33,0.5614,40.7,9.75
1626163,Frank Kaminsky,2020/21,47,5.47,0.5311,36.5,6.6
1628412,Frank Mason III,2020/21,4,6.0,0.4167,40.0,6.25
1628373,Frank Ntilikina,2020/21,33,2.39,0.5127,47.9,2.7
1627832,Fred VanVleet,2020/21,52,16.73,0.4885,36.6,19.6
1630273,Freddie Gillespie,2020/21,20,4.2,0.5238,0.0,5.55
1629216,Gabe Vincent,2020/21,50,4.66,0.4764,30.9,4.84
1630466,Gabriel Deck,2020/21,10,6.7,0.4925,13.3,8.4
202066,Garrett Temple,2020/21,56,6.8,0.5026,33.5,7.55
1629726,Garrison Mathews,2020/21,64,3.7,0.5696,38.4,5.53
1629109,Gary Clark,2020/21,39,3.38,0.4205,28.7,3.05
203914,Gary Harris,2020/21,39,8.85,0.4696,34.0,9.95
1627780,Gary Payton II,2020/21,10,1.3,0.8462,50.0,2.5
1629018,Gary Trent Jr.,2020/21,58,13.53,0.5127,38.5,15.31
201588,George Hill,2020/21,30,6.57,0.5609,38.8,8.7
1627777,Georges Niang,2020/21,72,5.62,0.5901,42.5,6.94
203922,Glenn Robinson III,2020/21,23,4.3,0.5051,36.4,5.26
202330,Gordon Hayward,2020/21,44,14.95,0.5372,41.5,19.61
203476,Gorgui Dieng,2020/21,38,4.29,0.6135,42.9,6.79
1630203,Grant Riller,2020/21,7,1.71,0.75,50.0,2.57
1629684,Grant Williams,2020/21,63,3.92,0.5344,37.2,4.67
204222,Greg Whittington,2020/21,4,0.75,0.0,0.0,0.0
203084,Harrison Barnes,2020/21,58,11.07,0.5748,39.1,16.09
1628385,Harry Giles III,2020/21,38,2.55,0.4742,34.8,2.84
202355,Hassan Whiteside,2020/21,36,6.22,0.5625,0.0,8.14
1627740,Henry Ellenson,2020/21,2,7.0,0.4286,22.2,7.5
202697,Iman Shumpert,2020/21,2,2.0,0.25,0.0,1.0
1630193,Immanuel Quickley,2020/21,64,9.06,0.4966,38.9,11.42
1629067,Isaac Bonga,2020/21,40,2.02,0.4506,27.7,1.95
1630171,Isaac Okoro,2020/21,67,8.34,0.4758,29.0,9.64
1628392,Isaiah Hartenstein,2020/21,46,3.72,0.5556,33.3,5.13
1630198,Isaiah Joe,2020/21,41,3.24,0.5075,36.8,3.73
1629676,Isaiah Roby,2020/21,61,7.03,0.5198,29.4,8.74
1630191,Isaiah Stewart,2020/21,68,6.01,0.5782,33.3,7.9
202738,Isaiah Thomas,2020/21,3,9.0,0.3889,25.0,7.67
202397,Ish Smith,2020/21,44,6.75,0.4646,36.7,6.7
1627826,Ivica Zubac,2020/21,72,5.47,0.6536,25.0,9.03
200755,JJ Redick,2020/21,44,6.07,0.5206,37.1,7.43
1629630,Ja Morant,2020/21,63,15.19,0.4875,30.3,19.11
203960,JaKarr Sampson,2020/21,29,3.9,0.5088,20.0,4.62
203210,JaMychal Green,2020/21,58,6.45,0.5682,39.9,8.12
201580,JaVale McGee,2020/21,46,6.13,0.5195,20.8,7.33
203953,Jabari Parker,2020/21,13,4.23,0.5636,18.2,5.54
1630183,Jaden McDaniels,2020/21,63,5.83,0.545,36.4,6.78
203109,Jae Crowder,2020/21,60,8.2,0.5549,38.9,10.05
1630256,Jae'Sean Tate,2020/21,70,8.93,0.5536,30.8,11.34
1626143,Jahlil Okafor,2020/21,27,3.78,0.6275,22.2,5.37
1630186,Jahmi'us Ramsey,2020/21,13,2.92,0.4605,26.3,3.08
1627774,Jake Layman,2020/21,45,4.09,0.5571,29.5,5.13
1627751,Jakob Poeltl,2020/21,69,6.23,0.6163,0.0,8.59
1628973,Jalen Brunson,2020/21,68,9.22,0.5877,40.5,12.6
1630223,Jalen Harris,2020/21,13,5.54,0.6181,47.2,7.38
1629665,Jalen Lecque,2020/21,4,2.25,0.1111,0.0,1.25
1629667,Jalen McDaniels,2020/21,47,6.04,0.5299,33.3,7.36
1630188,Jalen Smith,2020/21,27,1.85,0.48,23.5,1.96
1627750,Jamal Murray,2020/21,48,16.5,0.5587,40.8,21.21
203516,James Ennis III,2020/21,41,5.93,0.5658,43.3,8.41
201935,James Harden,2020/21,44,16.68,0.5484,36.2,24.61
201949,James Johnson,2020/21,51,6.41,0.4939,25.8,7.22
203263,James Nunnally,2020/21,9,1.44,0.5385,33.3,1.67
1630164,James Wiseman,2020/21,39,9.44,0.5353,31.6,11.49
201162,Jared Dudley,2020/21,12,0.75,0.3333,33.3,0.5
1629607,Jared Harper,2020/21,8,0.5,0.0,0.0,0.38
1628991,Jaren Jackson Jr.,2020/21,11,11.36,0.492,28.3,14.36
1629020,Jarred Vanderbilt,2020/21,64,3.69,0.6081,20.0,5.38
1629714,Jarrell Brantley,2020/21,28,1.86,0.5962,42.9,2.29
1629633,Jarrett Culver,2020/21,34,4.94,0.4494,24.5,5.29
1629750,Javonte Green,2020/21,41,2.49,0.5686,33.3,3.56
1629637,Jaxson Hayes,2020/21,60,4.67,0.6357,42.9,7.48
1630206,Jay Scrubb,2020/21,4,9.0,0.4167,22.2,8.75
1627759,Jaylen Brown,2020/21,58,19.16,0.5576,39.7,24.66
1629658,Jaylen Hoard,2020/21,19,4.63,0.5,0.0,6.11
1629669,Jaylen Nowell,2020/21,42,7.98,0.4985,33.3,9.02
1628369,Jayson Tatum,2020/21,64,20.59,0.53,38.6,26.44
201145,Jeff Green,2020/21,68,7.79,0.5896,41.2,11.03
201952,Jeff Teague,2020/21,55,5.16,0.4965,43.9,6.75
203924,Jerami Grant,2020/21,54,17.26,0.4909,35.0,22.31
1629725,Jeremiah Martin,2020/21,9,3.67,0.3182,25.0,2.44
203087,Jeremy Lamb,2020/21,36,7.67,0.529,40.6,10.08
1629010,Jerome Robinson,2020/21,17,5.59,0.3526,26.2,4.88
1628975,Jevon Carter,2020/21,60,3.72,0.5471,37.1,4.13
202710,Jimmy Butler III,2020/21,52,14.15,0.5143,24.5,21.46
203925,Joe Harris,2020/21,69,10.25,0.6542,47.5,14.12
203954,Joel Embiid,2020/21,51,17.63,0.5451,37.7,28.45
1628381,John Collins,2020/21,63,12.24,0.6102,39.9,17.63
1629723,John Konchar,2020/21,43,3.21,0.5761,37.5,4.28
202322,John Wall,2020/21,40,18.15,0.458,31.7,20.57
1629007,Jontay Porter,2020/21,11,1.36,0.6333,37.5,2.0
1628395,Jordan Bell,2020/21,6,3.67,0.3182,0.0,2.5
1629648,Jordan Bone,2020/21,14,3.86,0.5185,31.3,4.0
203903,Jordan Clarkson,2020/21,68,15.81,0.5219,34.7,18.4
1629162,Jordan McLaughlin,2020/21,51,4.75,0.4814,35.9,5.02
1629670,Jordan Nwora,2020/21,30,4.5,0.563,45.2,5.7
1629673,Jordan Poole,2020/21,51,9.29,0.5348,35.1,12.0
1630182,Josh Green,2020/21,39,2.38,0.4731,16.0,2.59
1630221,Josh Hall,2020/21,21,4.71,0.3232,10.8,4.1
1628404,Josh Hart,2020/21,47,7.32,0.5305,32.6,9.23
1628367,Josh Jackson,2020/21,62,11.4,0.4731,30.0,13.35
1629006,Josh Okogie,2020/21,59,4.31,0.4587,26.9,5.36
1626196,Josh Richardson,2020/21,59,10.47,0.4984,33.0,12.12
201950,Jrue Holiday,2020/21,59,13.95,0.5705,39.2,17.73
1629308,Juan Toscano-Anderson,2020/21,53,3.94,0.6675,40.2,5.68
1627823,Juancho Hernangomez,2020/21,52,5.75,0.5268,32.7,7.21
203944,Julius Randle,2020/21,71,18.61,0.5163,41.1,24.11
203200,Justin Holiday,2020/21,72,8.68,0.5512,38.2,10.5
1628382,Justin Jackson,2020/21,34,6.5,0.4842,30.8,7.21
1629713,Justin James,2020/21,36,3.08,0.5315,36.8,3.86
1628383,Justin Patton,2020/21,13,5.38,0.4786,26.5,5.38
1629620,Justin Robinson,2020/21,9,2.33,0.4286,28.6,2.33
1626159,Justise Winslow,2020/21,26,8.08,0.3762,18.5,6.85
1629752,Juwan Morgan,2020/21,29,1.03,0.5333,30.8,1.21
1630231,KJ Martin,2020/21,45,7.07,0.5645,36.5,9.31
1629644,KZ Okpala,2020/21,37,2.59,0.4375,24.0,2.49
1630211,Karim Mane,2020/21,10,1.3,0.2692,50.0,1.1
1626157,Karl-Anthony Towns,2020/21,50,17.5,0.5554,38.7,24.78
202695,Kawhi Leonard,2020/21,52,17.46,0.5677,39.8,24.85
1628966,Keita Bates-Diop,2020/21,30,2.23,0.4851,29.4,2.63
1629103,Kelan Martin,2020/21,35,3.94,0.5362,40.0,4.49
1629640,Keldon Johnson,2020/21,69,10.22,0.522,33.1,12.77
1629833,Keljin Blevins,2020/21,17,1.18,0.3,25.0,0.71
203482,Kelly Olynyk,2020/21,70,9.96,0.5739,34.2,13.5
1626162,Kelly Oubre Jr.,2020/21,55,13.16,0.5014,31.6,15.44
202689,Kemba Walker,2020/21,43,15.72,0.5141,36.0,19.28
1629134,Kendrick Nunn,2020/21,56,11.75,0.5775,38.1,14.57
1629026,Kenrich Williams,2020/21,66,6.23,0.5961,44.4,7.97
203145,Kent Bazemore,2020/21,67,5.85,0.5446,40.8,7.18
203484,Kentavious Caldwell-Pope,2020/21,67,7.55,0.5494,41.0,9.75
201142,Kevin Durant,2020/21,35,17.23,0.6078,45.0,26.94
1628989,Kevin Huerter,2020/21,69,10.59,0.528,36.3,11.91
1628995,Kevin Knox II,2020/21,42,3.4,0.514,39.3,3.88
201567,Kevin Love,2020/21,25,10.08,0.5218,36.5,12.2
1629645,Kevin Porter Jr.,2020/21,26,14.12,0.4932,31.1,16.58
1626172,Kevon Looney,2020/21,61,3.23,0.5584,23.5,4.11
203920,Khem Birch,2020/21,67,5.67,0.5145,25.0,7.19
203114,Khris Middleton,2020/21,68,15.79,0.5461,41.4,20.37
1629017,Khyri Thomas,2020/21,5,13.2,0.553,33.3,16.4
1630165,Killian Hayes,2020/21,26,7.73,0.403,27.8,6.77
1629681,Killian Tillie,2020/21,18,3.17,0.4211,30.3,3.17
1630184,Kira Lewis Jr.,2020/21,54,6.24,0.4451,33.3,6.35
1627739,Kris Dunn,2020/21,4,3.0,0.0833,0.0,1.25
204001,Kristaps Porziņģis,2020/21,43,15.88,0.5469,37.6,20.12
1629657,Kyle Guy,2020/21,31,2.84,0.4034,28.3,2.81
1628398,Kyle Kuzma,2020/21,68,11.13,0.533,36.1,12.85
200768,Kyle Lowry,2020/21,46,12.96,0.5461,39.6,17.2
202681,Kyrie Irving,2020/21,54,20.11,0.5755,40.2,26.87
1630205,Lamar Stevens,2020/21,40,3.4,0.4706,16.0,4.12
1629013,Landry Shamet,2020/21,61,7.48,0.5493,38.7,9.3
204038,Langston Galloway,2020/21,40,3.67,0.5714,42.4,4.75
1626204,Larry Nance Jr.,2020/21,35,7.77,0.546,36.0,9.34
1628374,Lauri Markkanen,2020/21,51,10.22,0.594,40.2,13.63
2544,LeBron James,2020/21,45,18.29,0.5759,36.5,25.02
1629022,Lonnie Walker IV,2020/21,60,10.15,0.5025,35.5,11.15
101150,Lou Williams,2020/21,66,9.79,0.4636,39.9,11.35
1629663,Louis King,2020/21,6,5.67,0.5588,36.4,7.33
1629652,Luguentz Dort,2020/21,52,12.29,0.475,34.3,14.02
1628379,Luke Kennard,2020/21,63,6.57,0.5966,44.6,8.25
1628436,Luke Kornet,2020/21,31,3.26,0.5099,25.4,3.42
1630201,Malachi Flynn,2020/21,47,7.23,0.4529,32.1,7.51
1627763,Malcolm Brogdon,2020/21,56,17.5,0.527,38.8,21.18
1627736,Malik Beasley,2020/21,37,16.22,0.5467,39.9,19.57
1630238,Malik Fitts,2020/21,3,1.0,0.5,50.0,1.0
1628370,Malik Monk,2020/21,42,9.5,0.5401,40.1,11.67
202694,Marcus Morris Sr.,2020/21,57,10.25,0.5925,47.3,13.42
203935,Marcus Smart,2020/21,48,10.62,0.4892,33.0,13.06
1628365,Markelle Fultz,2020/21,8,13.0,0.4135,25.0,12.88
202693,Markieff Morris,2020/21,61,6.2,0.4907,31.1,6.67
1630210,Markus Howard,2020/21,37,2.86,0.4623,27.7,2.84
1629716,Marques Bolden,2020/21,6,0.5,0.3333,0.0,1.17
1627737,Marquese Chriss,2020/21,2,7.0,0.3929,20.0,6.5
1630222,Mason Jones,2020/21,32,3.84,0.5203,36.4,5.25
203486,Mason Plumlee,2020/21,56,6.8,0.6142,0.0,10.38
1629680,Matisse Thybulle,2020/21,65,3.74,0.5082,30.1,3.92
1629744,Matt Thomas,2020/21,45,2.82,0.5,33.8,3.09
203521,Matthew Dellavedova,2020/21,13,4.31,0.2857,16.0,2.77
203090,Maurice Harkless,2020/21,37,4.46,0.4879,27.4,5.24
1629622,Max Strus,2020/21,39,4.79,0.5882,33.8,6.05
1628467,Maxi Kleber,2020/21,50,5.5,0.58,41.0,7.06
203086,Meyers Leonard,2020/21,3,2.33,0.6429,42.9,3.33
1629662,Mfiondu Kabengele,2020/21,39,2.28,0.4438,26.0,2.44
203487,Michael Carter-Williams,2020/21,31,8.71,0.4167,24.6,8.84
1629008,Michael Porter Jr.,2020/21,61,13.39,0.6463,44.5,19.05
1628969,Mikal Bridges,2020/21,72,9.29,0.6428,42.5,13.47
201144,Mike Conley,2020/21,51,12.55,0.5516,41.2,16.22
1628455,Mike James,2020/21,13,7.08,0.4293,35.5,7.69
203488,Mike Muscala,2020/21,35,7.63,0.573,37.0,9.69
203118,Mike Scott,2020/21,51,4.14,0.4858,34.2,4.18
1628970,Miles Bridges,2020/21,66,9.42,0.5965,40.0,12.73
1629011,Mitchell Robinson,2020/21,31,5.68,0.6534,0.0,8.26
1629671,Miye Oni,2020/21,54,1.83,0.5051,34.1,1.94
1628420,Monte Morris,2020/21,47,8.23,0.5465,38.1,10.23
1626149,Montrezl Harrell,2020/21,69,8.74,0.6219,0.0,13.49
1629650,Moses Brown,2020/21,43,6.23,0.5448,0.0,8.6
1628539,Mychal Mulder,2020/21,60,4.42,0.6094,39.7,5.62
1626167,Myles Turner,2020/21,47,9.19,0.5567,33.5,12.6
1630230,Naji Marshall,2020/21,32,6.53,0.4617,34.9,7.69
1629642,Nassir Little,2020/21,48,3.48,0.5509,35.0,4.58
1630268,Nate Darling,2020/21,7,1.0,0.4286,28.6,1.29
1630207,Nate Hinton,2020/21,21,2.0,0.4048,21.1,1.95
1630233,Nathan Knight,2020/21,33,3.03,0.4,18.2,3.76
1629675,Naz Reid,2020/21,70,8.3,0.5757,35.1,11.2
203457,Nerlens Noel,2020/21,64,3.48,0.6143,0.0,5.06
1629651,Nic Claxton,2020/21,32,4.53,0.6241,20.0,6.62
1630208,Nick Richards,2020/21,18,0.5,0.4444,0.0,0.83
1630185,Nico Mannion,2020/21,30,3.8,0.4386,36.7,4.1
203999,Nikola Jokić,2020/21,72,17.96,0.6017,38.8,26.36
202696,Nikola Vučević,2020/21,70,19.94,0.5401,40.0,23.41
203943,Noah Vonleh,2020/21,4,0.75,0.0,0.0,0.0
1626181,Norman Powell,2020/21,69,13.3,0.5703,41.1,18.59
203658,Norvel Pelle,2020/21,13,1.15,0.5333,0.0,1.54
1630167,Obi Toppin,2020/21,62,3.37,0.5598,30.6,4.08
1630168,Onyeka Okongwu,2020/21,50,2.98,0.6443,0.0,4.56
1629052,Oshae Brissett,2020/21,21,7.19,0.5927,42.3,10.9
203490,Otto Porter Jr.,2020/21,28,8.11,0.5176,37.5,9.68
200782,P.J. Tucker,2020/21,52,3.4,0.4859,33.6,3.71
1629023,P.J. Washington,2020/21,64,10.72,0.5219,38.6,12.88
1628408,PJ Dozier,2020/21,50,7.1,0.4831,31.5,7.7
1627783,Pascal Siakam,2020/21,56,17.16,0.4927,29.7,21.36
1626192,Pat Connaughton,2020/21,69,5.61,0.5646,37.1,6.78
201976,Patrick Beverley,2020/21,37,5.95,0.55,39.7,7.51
1627775,Patrick McCaw,2020/21,5,0.2,1.0,0.0,1.0
202335,Patrick Patterson,2020/21,38,4.34,0.5576,35.7,5.18
1630172,Patrick Williams,2020/21,71,7.44,0.5341,39.1,9.23
201988,Patty Mills,2020/21,68,8.99,0.5442,37.5,10.82
202331,Paul George,2020/21,54,17.65,0.5567,41.1,23.31
200794,Paul Millsap,2020/21,56,7.16,0.5374,34.3,8.96
1630194,Paul Reed,2020/21,26,3.0,0.5385,0.0,3.38
1628778,Paul Watson,2020/21,27,3.04,0.6463,46.9,4.11
1630202,Payton Pritchard,2020/21,66,6.33,0.5622,41.1,7.73
1626188,Quinn Cook,2020/21,23,2.96,0.5074,42.3,3.3
1629683,Quinndary Weatherspoon,2020/21,20,1.75,0.4714,16.7,2.3
1630181,R.J. Hampton,2020/21,51,6.14,0.4776,31.0,6.94
1629628,RJ Barrett,2020/21,72,14.72,0.4991,40.1,17.56
200765,Rajon Rondo,2020/21,45,4.78,0.5256,40.4,5.38
203526,Raul Neto,2020/21,64,6.98,0.5391,39.0,8.7
1629034,Ray Spalding,2020/21,2,2.0,0.5,0.0,2.0
1629730,Rayjon Tucker,2020/21,14,1.29,0.5556,28.6,2.43
203493,Reggie Bullock Jr.,2020/21,65,8.63,0.5873,41.0,10.91
202704,Reggie Jackson,2020/21,67,8.73,0.5538,43.3,10.67
1629617,Reggie Perry,2020/21,26,3.0,0.4359,19.0,3.0
1626158,Richaun Holmes,2020/21,61,9.43,0.6383,18.2,14.25
201937,Ricky Rubio,2020/21,68,7.32,0.4538,30.8,8.56
203496,Robert Covington,2020/21,70,7.27,0.5334,37.9,8.47
1629606,Robert Franks,2020/21,7,4.0,0.5536,33.3,6.14
1629057,Robert Williams III,2020/21,52,4.96,0.7209,0.0,8.02
1630218,Robert Woodard II,2020/21,13,1.54,0.425,16.7,1.54
201577,Robin Lopez,2020/21,71,5.99,0.6388,27.8,9.04
203918,Rodney Hood,2020/21,55,4.73,0.4269,30.1,4.47
203585,Rodney McGruder,2020/21,16,4.38,0.6071,45.8,5.69
1629641,Romeo Langford,2020/21,18,3.28,0.3983,27.8,3.11
1626178,Rondae Hollis-Jefferson,2020/21,11,1.64,0.5,0.0,2.45
1626220,Royce O'Neale,2020/21,71,5.55,0.5799,38.5,6.99
200752,Rudy Gay,2020/21,63,9.97,0.5048,38.1,11.37
203497,Rudy Gobert,2020/21,71,8.15,0.6753,0.0,14.3
1629060,Rui Hachimura,2020/21,57,11.37,0.5131,32.8,13.84
201566,Russell Westbrook,2020/21,65,19.05,0.4742,31.5,22.23
1630240,Saben Lee,2020/21,48,4.38,0.4905,34.8,5.56
1630180,Saddiq Bey,2020/21,70,9.87,0.5304,38.0,12.24
1630241,Sam Merrill,2020/21,30,2.4,0.5903,44.7,2.97
1630253,Sean McDermott,2020/21,18,1.83,0.4697,22.7,2.17
1629635,Sekou Doumbouya,2020/21,56,5.04,0.4255,22.6,5.09
1628400,Semi Ojeleye,2020/21,56,3.95,0.5339,36.7,4.64
201586,Serge Ibaka,2020/21,41,8.9,0.563,33.9,11.07
203552,Seth Curry,2020/21,57,9.68,0.5815,45.0,12.47
1628983,Shai Gilgeous-Alexander,2020/21,35,16.14,0.5708,41.8,23.71
1629003,Shake Milton,2020/21,63,10.59,0.503,35.0,12.97
1628414,Sindarius Thornwell,2020/21,21,2.19,0.4022,30.4,1.95
1630219,Skylar Mays,2020/21,33,2.97,0.5204,35.0,3.76
203524,Solomon Hill,2020/21,71,4.2,0.4732,32.1,4.46
203915,Spencer Dinwiddie,2020/21,3,5.33,0.4375,28.6,6.67
1626169,Stanley Johnson,2020/21,61,3.82,0.4785,32.8,4.38
201939,Stephen Curry,2020/21,63,21.67,0.6055,42.1,31.98
1628425,Sterling Brown,2020/21,51,6.57,0.5836,42.3,8.16
1629004,Svi Mykhailiuk,2020/21,66,7.67,0.5148,33.4,8.47
1628388,T.J. Leaf,2020/21,7,1.43,0.5,0.0,1.71
204456,T.J. McConnell,2020/21,69,7.1,0.5745,31.3,8.64
203933,T.J. Warren,2020/21,4,12.75,0.5294,0.0,15.5
1629605,Tacko Fall,2020/21,19,1.53,0.7241,0.0,2.47
201959,Taj Gibson,2020/21,45,3.51,0.6361,20.0,5.36
1629659,Talen Horton-Tucker,2020/21,65,7.52,0.4959,28.2,9.0
1627752,Taurean Prince,2020/21,41,7.98,0.4954,40.0,9.49
1629611,Terance Mann,2020/21,67,5.22,0.5629,41.8,7.04
1629056,Terence Davis,2020/21,61,7.48,0.5351,36.7,8.74
1628390,Terrance Ferguson,2020/21,13,0.54,0.1429,0.0,0.15
203082,Terrence Ross,2020/21,46,13.39,0.4846,33.7,15.59
1626179,Terry Rozier,2020/21,69,16.43,0.5476,38.9,20.39
201152,Thaddeus Young,2020/21,68,9.74,0.568,26.7,12.1
1629033,Theo Pinson,2020/21,17,0.53,0.1111,0.0,0.12
1628418,Thomas Bryant,2020/21,10,9.1,0.6978,42.9,14.3
1627748,Thon Maker,2020/21,8,2.25,0.5556,0.0,3.75
204025,Tim Frazier,2020/21,5,4.0,0.15,0.0,1.6
203501,Tim Hardaway Jr.,2020/21,70,13.01,0.5604,39.1,16.61
1627789,Timothe Luwawu-Cabarrot,2020/21,58,6.14,0.4705,31.4,6.38
202699,Tobias Harris,2020/21,62,14.9,0.5563,39.4,19.52
1628396,Tony Bradley,2020/21,42,4.69,0.665,0.0,7.14
203503,Tony Snell,2020/21,47,3.64,0.6959,56.9,5.3
1628470,Torrey Craig,2020/21,50,4.54,0.5661,36.8,5.48
1629027,Trae Young,2020/21,63,17.65,0.4991,34.3,25.3
1630200,Tre Jones,2020/21,37,2.11,0.4936,60.0,2.54
1629682,Tremont Waters,2020/21,26,3.23,0.494,39.5,3.81
1630235,Trent Forrest,2020/21,30,2.37,0.4859,19.2,2.93
203504,Trey Burke,2020/21,62,5.69,0.5099,35.4,6.63
202684,Tristan Thompson,2020/21,54,6.04,0.5184,0.0,7.57
1628972,Troy Brown Jr.,2020/21,34,4.24,0.5069,31.4,4.74
1629660,Ty Jerome,2020/21,33,8.7,0.5697,42.3,10.7
1630189,Tyler Bey,2020/21,18,1.22,0.3409,25.0,1.0
1629076,Tyler Cook,2020/21,32,3.22,0.6748,50.0,4.88
1629639,Tyler Herro,2020/21,54,12.94,0.5157,36.0,15.09
204020,Tyler Johnson,2020/21,39,4.69,0.5246,36.4,5.38
1630179,Tyrell Terry,2020/21,11,1.45,0.3125,0.0,1.0
1630169,Tyrese Haliburton,2020/21,58,10.67,0.5695,40.9,12.98
1630178,Tyrese Maxey,2020/21,61,7.03,0.4977,30.1,8.0
1626145,Tyus Jones,2020/21,70,5.9,0.4855,32.1,6.31
2617,Udonis Haslem,2020/21,1,2.0,1.0,0.0,4.0
1630176,Vernon Carey Jr.,2020/21,19,1.89,0.5139,14.3,2.42
203506,Victor Oladipo,2020/21,33,17.45,0.4757,32.6,19.76
1629738,Vincent Poirier,2020/21,10,1.2,0.25,0.0,0.8
201961,Wayne Ellington,2020/21,46,7.35,0.6124,42.2,9.61
1628976,Wendell Carter Jr.,2020/21,54,8.46,0.5197,29.4,11.22
1629117,Wenyen Gabriel,2020/21,21,2.86,0.5083,40.6,3.43
1628411,Wes Iwundu,2020/21,41,2.49,0.3578,12.2,2.41
202083,Wesley Matthews,2020/21,58,4.34,0.4841,33.5,4.81
203115,Will Barton,2020/21,56,10.86,0.5066,38.1,12.7
1630266,Will Magnay,2020/21,1,1.0,0.0,0.0,0.0
1626161,Willie Cauley-Stein,2020/21,53,3.43,0.6346,9.1,5.28
1626195,Willy Hernangomez,2020/21,47,5.7,0.5653,10.0,7.77
1630214,Xavier Tillman,2020/21,59,5.07,0.5953,33.8,6.61
1627812,Yogi Ferrell,2020/21,10,5.7,0.4298,32.1,5.6
1629139,Yuta Watanabe,2020/21,50,3.6,0.5389,40.0,4.36
203897,Zach LaVine,2020/21,58,19.36,0.5957,41.9,27.43
1630192,Zeke Nnaji,2020/21,42,2.48,0.5962,40.7,3.24
1629627,Zion Williamson,2020/21,61,17.0,0.6162,29.4,27.0
203932,Aaron Gordon,2021/22,75,11.12,0.5725,33.5,15.01
1630565,Aaron Henry,2021/22,6,0.83,0.2,0.0,0.33
1628988,Aaron Holiday,2021/22,63,5.37,0.5044,37.9,6.35
1630174,Aaron Nesmith,2021/22,52,3.5,0.4808,27.0,3.77
1630598,Aaron Wiggins,2021/22,50,6.74,0.5252,30.4,8.32
1627846,Abdel Nader,2021/22,14,2.5,0.4,28.6,2.43
1629678,Admiral Schofield,2021/22,38,3.39,0.5194,32.9,3.84
1629958,Ahmad Caver,2021/22,1,1.0,1.0,0.0,2.0
201143,Al Horford,2021/22,69,8.25,0.5457,33.6,10.16
202692,Alec Burks,2021/22,81,8.99,0.4993,40.4,11.65
1630758,Aleem Ford,2021/22,5,4.0,0.35,13.3,2.8
1627936,Alex Caruso,2021/22,41,6.24,0.4805,33.3,7.41
203458,Alex Len,2021/22,39,4.51,0.5511,28.6,6.03
1628035,Alfonzo McKinnie,2021/22,17,3.59,0.4672,33.3,3.47
1628993,Alize Johnson,2021/22,23,1.7,0.4359,0.0,1.78
1630578,Alperen Sengun,2021/22,72,7.29,0.5019,24.8,9.61
1629599,Amir Coffey,2021/22,69,6.75,0.5558,37.8,8.97
203083,Andre Drummond,2021/22,73,5.93,0.5704,0.0,7.95
2738,Andre Iguodala,2021/22,31,3.9,0.4504,23.0,4.0
203952,Andrew Wiggins,2021/22,73,13.96,0.5432,39.3,17.21
1629014,Anfernee Simons,2021/22,57,13.98,0.5552,40.5,17.33
203076,Anthony Davis,2021/22,40,17.38,0.5417,18.6,23.18
1630162,Anthony Edwards,2021/22,72,17.29,0.5273,35.7,21.29
1630264,Anthony Gill,2021/22,44,2.48,0.633,53.8,4.09
1630237,Anthony Lamb,2021/22,2,1.0,0.0,0.0,0.0
1629717,Armoni Brooks,2021/22,54,5.35,0.4671,29.7,5.33
1629083,Arnoldas Kulboka,2021/22,2,0.5,0.0,0.0,0.0
1630559,Austin Reaves,2021/22,61,5.21,0.5425,31.7,7.28
203085,Austin Rivers,2021/22,67,5.22,0.53,34.2,6.01
202340,Avery Bradley,2021/22,62,5.65,0.54,39.0,6.35
1630245,Ayo Dosunmu,2021/22,77,6.95,0.585,37.6,8.82
1629168,BJ Johnson,2021/22,4,6.25,0.52,40.0,6.5
203463,Ben McLemore,2021/22,64,8.42,0.5408,36.2,10.23
202687,Bismack Biyombo,2021/22,36,4.03,0.5931,0.0,5.83
201933,Blake Griffin,2021/22,56,5.59,0.4856,26.2,6.41
1626171,Bobby Portis,2021/22,72,12.1,0.5551,39.3,14.61
1629626,Bol Bol,2021/22,14,1.93,0.5741,25.0,2.36
1630538,Bones Hyland,2021/22,69,8.28,0.5175,36.6,10.12
202954,Brad Wanamaker,2021/22,23,3.35,0.3896,23.5,3.61
203078,Bradley Beal,2021/22,40,19.27,0.4922,30.0,23.2
1630527,Brandon Boston,2021/22,51,6.37,0.4369,30.6,6.73
1629634,Brandon Clarke,2021/22,64,6.98,0.6499,22.7,10.41
1629164,Brandon Goodwin,2021/22,36,4.28,0.4773,34.5,4.75
1627742,Brandon Ingram,2021/22,55,17.87,0.4985,32.7,22.65
202688,Brandon Knight,2021/22,5,5.0,0.48,23.5,6.4
1630314,Brandon Williams,2021/22,24,11.75,0.4273,29.2,12.88
1630296,Braxton Key,2021/22,11,6.55,0.5,28.6,7.18
1630271,Brodric Thomas,2021/22,12,1.5,0.5,22.2,1.75
201572,Brook Lopez,2021/22,13,10.08,0.5382,35.8,12.38
1628971,Bruce Brown,2021/22,72,7.03,0.5435,40.4,8.99
1628981,Bruno Fernando,2021/22,30,1.83,0.6636,50.0,2.93
1627854,Bryn Forbes,2021/22,75,7.19,0.5417,41.4,8.84
1627741,Buddy Hield,2021/22,81,13.56,0.5255,36.6,15.62
1629604,CJ Elleby,2021/22,58,5.31,0.4529,29.4,5.84
203468,CJ McCollum,2021/22,62,18.77,0.5387,38.8,22.1
1630595,Cade Cunningham,2021/22,64,16.11,0.4714,31.4,17.41
1628997,Caleb Martin,2021/22,60,6.83,0.5854,41.3,9.18
1629629,Cam Reddish,2021/22,49,8.33,0.4853,35.9,10.14
1630560,Cam Thomas,2021/22,67,7.51,0.4801,27.0,8.51
1629661,Cameron Johnson,2021/22,66,9.2,0.5964,42.5,12.45
1630787,Cameron McGriff,2021/22,3,4.67,0.4286,33.3,4.67
1628419,Cameron Oliver,2021/22,2,7.5,0.7,33.3,11.5
1627747,Caris LeVert,2021/22,58,14.72,0.4918,32.0,17.0
1630637,Carlik Jones,2021/22,5,1.8,0.1111,0.0,0.8
1629035,Carsen Edwards,2021/22,4,7.5,0.3667,25.0,5.75
1630199,Cassius Stanley,2021/22,9,5.11,0.4565,23.5,5.78
1630216,Cassius Winston,2021/22,7,1.57,0.4545,33.3,2.0
1627760,Cat Barber,2021/22,3,1.33,0.0,0.0,0.0
1628990,Chandler Hutchison,2021/22,6,0.33,0.5,0.0,0.67
1629646,Charles Bassey,2021/22,23,2.04,0.6383,0.0,3.0
1629718,Charlie Brown Jr.,2021/22,22,1.77,0.2692,8.3,1.36
1630602,Chaundee Brown Jr.,2021/22,5,6.4,0.4062,33.3,6.2
1627767,Cheick Diallo,2021/22,3,2.67,0.375,0.0,3.67
1629002,Chimezie Metu,2021/22,60,7.48,0.5156,30.6,8.9
1628449,Chris Boucher,2021/22,80,7.21,0.5234,29.7,9.43
1629185,Chris Chiozza,2021/22,34,2.38,0.4012,32.1,1.97
1630537,Chris Duarte,2021/22,55,11.29,0.5072,36.9,13.09
101108,Chris Paul,2021/22,65,11.32,0.536,31.7,14.74
1629735,Chris Silva,2021/22,10,1.5,0.5333,0.0,2.6
1626174,Christian Wood,2021/22,68,12.91,0.5757,39.0,17.91
1629643,Chuma Okeke,2021/22,70,8.21,0.4783,31.8,8.64
1629632,Coby White,2021/22,61,10.56,0.5388,38.5,12.66
1628998,Cody Martin,2021/22,71,5.96,0.5544,38.4,7.66
203469,Cody Zeller,2021/22,27,3.33,0.5667,0.0,5.19
1629012,Collin Sexton,2021/22,11,13.73,0.4868,24.4,16.0
1630557,Corey Kispert,2021/22,77,6.68,0.5642,35.0,8.23
202709,Cory Joseph,2021/22,65,6.15,0.5262,41.4,8.02
1628591,Craig Sword,2021/22,3,1.33,0.75,0.0,2.0
1626156,D'Angelo Russell,2021/22,65,15.0,0.5015,34.0,18.09
1628391,D.J. Wilson,2021/22,4,3.75,0.7333,0.0,7.5
1629610,DaQuan Jeffries,2021/22,3,0.67,0.5,0.0,0.67
1630227,Daishen Nix,2021/22,24,2.79,0.4552,26.9,3.21
1629751,Dakota Mathias,2021/22,6,1.0,0.5,33.3,1.0
1627745,Damian Jones,2021/22,56,4.75,0.6767,34.5,8.11
203081,Damian Lillard,2021/22,29,19.03,0.4855,32.4,23.97
1627814,Damion Lee,2021/22,63,6.08,0.5235,33.7,7.41
1628422,Damyean Dotson,2021/22,2,2.0,0.5,0.0,2.0
1629655,Daniel Gafford,2021/22,72,5.71,0.6934,0.0,9.4
1630187,Daniel Oturu,2021/22,3,2.0,0.5,0.0,3.0
1627863,Danuel House Jr.,2021/22,42,4.71,0.5152,37.6,5.9
1629647,Darius Bazley,2021/22,69,9.41,0.4838,29.7,10.8
1629636,Darius Garland,2021/22,68,17.25,0.5362,38.3,21.66
201954,Darren Collison,2021/22,3,2.33,0.2857,0.0,1.33
1630561,David Duke Jr.,2021/22,22,4.91,0.4028,24.3,4.73
1630525,David Johnson,2021/22,2,0.5,0.0,0.0,0.0
1628021,David Nwaba,2021/22,46,3.83,0.5256,30.6,5.07
1630558,Davion Mitchell,2021/22,75,11.24,0.4775,31.6,11.48
1628432,Davon Reed,2021/22,48,3.35,0.618,43.0,4.35
1630549,Day'Ron Sharpe,2021/22,32,4.66,0.5839,28.6,6.19
1628368,De'Aaron Fox,2021/22,59,18.51,0.5064,29.7,23.17
1629631,De'Andre Hunter,2021/22,53,10.85,0.5061,37.9,13.38
1629001,De'Anthony Melton,2021/22,73,9.52,0.5043,37.4,10.84
201599,DeAndre Jordan,2021/22,48,2.98,0.6434,0.0,4.29
1627761,DeAndre' Bembry,2021/22,56,3.95,0.595,41.7,5.07
201942,DeMar DeRozan,2021/22,76,20.2,0.5205,35.2,27.87
202326,DeMarcus Cousins,2021/22,48,6.75,0.517,30.3,8.96
1629731,Dean Wade,2021/22,51,4.25,0.5737,35.9,5.27
1627749,Dejounte Murray,2021/22,68,18.25,0.5004,32.7,21.15
1626153,Delon Wright,2021/22,77,3.49,0.5353,37.9,4.44
203471,Dennis Schröder,2021/22,64,11.31,0.4903,34.4,13.55
1628372,Dennis Smith Jr.,2021/22,37,5.11,0.4339,22.2,5.57
1627756,Denzel Valentine,2021/22,24,2.75,0.5227,40.4,2.88
202324,Derrick Favors,2021/22,39,4.67,0.522,12.5,5.28
1627884,Derrick Jones Jr.,2021/22,51,3.82,0.5897,32.8,5.61
201565,Derrick Rose,2021/22,26,10.54,0.5128,40.2,11.96
1628476,Derrick Walton Jr.,2021/22,3,8.67,0.2885,23.1,6.33
1628401,Derrick White,2021/22,75,10.67,0.4931,31.2,13.23
1626164,Devin Booker,2021/22,68,20.9,0.5303,38.3,26.79
1629962,Devin Cannady,2021/22,5,8.8,0.5114,40.5,10.0
1630170,Devin Vassell,2021/22,71,10.76,0.5164,36.1,12.28
1629653,Devon Dotson,2021/22,11,2.09,0.5217,22.2,2.64
1629719,Devontae Cacok,2021/22,15,2.07,0.6774,0.0,3.07
1628984,Devonte' Graham,2021/22,76,10.72,0.481,34.1,11.87
203473,Dewayne Dedmon,2021/22,67,4.33,0.5983,40.4,6.3
1629712,Didi Louzada,2021/22,9,3.67,0.5,39.1,3.89
1628415,Dillon Brooks,2021/22,32,16.44,0.4753,30.9,18.44
1628378,Donovan Mitchell,2021/22,67,20.54,0.5327,35.5,25.87
1628978,Donte DiVincenzo,2021/22,42,8.0,0.4613,33.9,9.05
1627827,Dorian Finney-Smith,2021/22,80,8.65,0.5954,39.5,11.0
203926,Doug McDermott,2021/22,51,9.12,0.5785,42.2,11.33
203110,Draymond Green,2021/22,46,5.59,0.5564,29.6,7.52
1629234,Drew Eubanks,2021/22,71,5.23,0.6024,21.7,7.69
1630613,Duane Washington Jr.,2021/22,48,8.9,0.5,37.7,9.85
1629130,Duncan Robinson,2021/22,79,9.19,0.5592,37.2,10.92
2730,Dwight Howard,2021/22,60,3.65,0.6301,53.3,6.2
203939,Dwight Powell,2021/22,82,4.89,0.687,35.1,8.74
1629685,Dylan Windler,2021/22,50,1.96,0.4847,30.0,2.2
202334,Ed Davis,2021/22,31,0.52,0.6875,0.0,0.9
203901,Elfrid Payton,2021/22,50,3.5,0.3943,22.2,3.0
1630190,Elijah Hughes,2021/22,36,4.0,0.4132,26.3,3.5
1629150,Emanuel Terry,2021/22,3,1.67,0.0,0.0,0.0
1626144,Emmanuel Mudiay,2021/22,2,1.0,0.0,0.0,1.5
202683,Enes Freedom,2021/22,35,2.77,0.5361,40.0,3.66
202339,Eric Bledsoe,2021/22,54,8.67,0.4754,31.3,9.89
201569,Eric Gordon,2021/22,57,9.89,0.5851,41.2,13.42
1629672,Eric Paschall,2021/22,58,4.05,0.5702,37.0,5.76
203095,Evan Fournier,2021/22,80,12.06,0.5415,38.9,14.06
1630596,Evan Mobley,2021/22,69,12.03,0.5223,25.0,14.99
1630624,Feron Hunt,2021/22,2,1.0,0.0,0.0,0.0
1628402,Frank Jackson,2021/22,53,9.11,0.4907,30.8,10.57
1626163,Frank Kaminsky,2021/22,9,7.33,0.5833,33.3,10.56
1628373,Frank Ntilikina,2021/22,58,3.84,0.4843,34.2,4.14
1630532,Franz Wagner,2021/22,79,12.34,0.5169,35.4,15.15
1627832,Fred VanVleet,2021/22,65,16.88,0.5132,37.7,20.31
1630273,Freddie Gillespie,2021/22,9,2.44,0.4091,0.0,2.33
1629216,Gabe Vincent,2021/22,68,7.54,0.5331,36.8,8.69
1628221,Gabe York,2021/22,2,3.5,0.3571,16.7,4.0
1630466,Gabriel Deck,2021/22,7,2.0,0.6429,50.0,2.57
202066,Garrett Temple,2021/22,59,5.0,0.4763,31.9,5.24
1629726,Garrison Mathews,2021/22,65,7.09,0.5499,36.0,10.0
1629109,Gary Clark,2021/22,38,2.32,0.5341,40.0,2.66
203914,Gary Harris,2021/22,61,9.07,0.5389,38.4,11.13
1627780,Gary Payton II,2021/22,71,4.85,0.6788,35.8,7.07
1629018,Gary Trent Jr.,2021/22,70,15.51,0.5106,38.3,18.33
201588,George Hill,2021/22,54,5.09,0.5036,30.6,6.19
1628994,George King,2021/22,4,1.25,0.0,0.0,0.25
1627777,Georges Niang,2021/22,76,7.41,0.5755,40.3,9.21
202330,Gordon Hayward,2021/22,49,12.59,0.5284,39.1,15.88
203476,Gorgui Dieng,2021/22,44,2.55,0.6027,42.6,3.5
1629684,Grant Williams,2021/22,77,5.61,0.5972,41.1,7.82
1630535,Greg Brown III,2021/22,48,3.96,0.4763,31.1,4.69
202328,Greg Monroe,2021/22,14,4.07,0.5614,0.0,5.43
203084,Harrison Barnes,2021/22,77,10.83,0.554,39.4,16.43
202355,Hassan Whiteside,2021/22,65,5.08,0.6515,0.0,8.22
1629755,Hassani Gravett,2021/22,8,4.75,0.6184,42.3,6.25
1629312,Haywood Highsmith,2021/22,19,2.42,0.4457,32.1,2.26
1630529,Herbert Jones,2021/22,78,7.38,0.5252,33.7,9.51
1630193,Immanuel Quickley,2021/22,78,9.28,0.4869,34.6,11.31
1629067,Isaac Bonga,2021/22,15,0.87,0.2692,25.0,0.8
1630171,Isaac Okoro,2021/22,67,6.43,0.5441,35.0,8.78
1628392,Isaiah Hartenstein,2021/22,68,5.38,0.6448,46.7,8.28
1630543,Isaiah Jackson,2021/22,36,5.72,0.5752,31.3,8.25
1630198,Isaiah Joe,2021/22,55,3.22,0.4774,33.3,3.6
1630587,Isaiah Livers,2021/22,19,4.74,0.6056,42.2,6.37
1629676,Isaiah Roby,2021/22,45,7.18,0.582,44.4,10.09
1630191,Isaiah Stewart,2021/22,71,6.9,0.5255,32.6,8.3
202738,Isaiah Thomas,2021/22,22,7.59,0.485,33.7,8.36
1630225,Isaiah Todd,2021/22,12,2.17,0.3462,25.0,1.67
202397,Ish Smith,2021/22,65,6.62,0.4593,37.3,6.31
1630688,Ish Wainright,2021/22,45,2.31,0.4856,32.2,2.4
1627826,Ivica Zubac,2021/22,76,6.51,0.6263,0.0,10.33
1630550,JT Thor,2021/22,33,1.67,0.5,25.9,2.03
1629630,Ja Morant,2021/22,57,20.65,0.5302,34.4,27.44
203210,JaMychal Green,2021/22,67,4.88,0.5367,26.6,6.45
1630605,JaQuori McLaughlin,2021/22,4,0.5,0.0,0.0,0.0
201580,JaVale McGee,2021/22,74,6.19,0.631,22.2,9.19
203953,Jabari Parker,2021/22,12,3.17,0.5789,50.0,4.42
1630183,Jaden McDaniels,2021/22,70,7.91,0.5325,31.7,9.24
1630531,Jaden Springer,2021/22,2,0.5,1.0,0.0,1.0
203109,Jae Crowder,2021/22,67,8.12,0.5156,34.8,9.43
1630256,Jae'Sean Tate,2021/22,78,9.35,0.5412,31.2,11.78
1630186,Jahmi'us Ramsey,2021/22,19,3.05,0.4569,27.8,3.16
1627774,Jake Layman,2021/22,34,2.15,0.4658,22.9,2.38
1627751,Jakob Poeltl,2021/22,68,9.75,0.6192,100.0,13.46
1628973,Jalen Brunson,2021/22,79,12.76,0.5486,37.3,16.27
1630224,Jalen Green,2021/22,67,14.24,0.5079,34.3,17.27
1630552,Jalen Johnson,2021/22,22,1.86,0.5732,23.1,2.36
1629667,Jalen McDaniels,2021/22,55,4.62,0.565,38.0,6.18
1630188,Jalen Smith,2021/22,51,6.86,0.56,32.8,9.22
1630591,Jalen Suggs,2021/22,48,11.42,0.3996,21.4,11.75
1630547,James Bouknight,2021/22,31,4.55,0.4078,34.7,4.58
203516,James Ennis III,2021/22,7,3.43,0.5208,37.5,4.14
201935,James Harden,2021/22,65,15.26,0.4849,33.0,22.03
201949,James Johnson,2021/22,62,4.95,0.5065,27.1,5.48
1630691,Jamorko Pickett,2021/22,13,3.85,0.49,33.3,3.85
1630215,Jared Butler,2021/22,42,3.6,0.4967,31.8,3.83
1629607,Jared Harper,2021/22,5,5.2,0.6346,41.7,7.4
1628991,Jaren Jackson Jr.,2021/22,78,13.28,0.4768,31.9,16.31
1629020,Jarred Vanderbilt,2021/22,74,4.88,0.59,14.3,6.92
1629633,Jarrett Culver,2021/22,37,3.65,0.4222,25.5,3.51
1629600,Jarron Cumberland,2021/22,3,0.67,0.5,0.0,0.67
1629750,Javonte Green,2021/22,65,5.0,0.5969,35.6,7.2
1630606,Javonte Smart,2021/22,17,3.53,0.3833,29.6,3.0
1629637,Jaxson Hayes,2021/22,70,5.69,0.6407,35.1,9.34
1630643,Jay Huff,2021/22,4,0.75,0.0,0.0,0.0
1630206,Jay Scrubb,2021/22,18,2.56,0.4565,28.6,2.72
1627759,Jaylen Brown,2021/22,66,18.44,0.5415,35.8,23.62
1629658,Jaylen Hoard,2021/22,7,12.86,0.5389,36.0,14.71
1628537,Jaylen Morris,2021/22,3,2.0,0.0,0.0,0.67
1629669,Jaylen Nowell,2021/22,62,6.66,0.5508,39.4,8.5
1629873,Jaysean Paige,2021/22,1,3.0,0.0,0.0,0.0
1628369,Jayson Tatum,2021/22,76,20.58,0.5262,35.3,26.92
1630288,Jeff Dowtin Jr.,2021/22,9,2.89,0.3269,11.1,2.11
201145,Jeff Green,2021/22,75,7.05,0.5737,31.5,10.29
1629203,Jemerrio Jones,2021/22,2,1.5,0.6667,0.0,2.0
203924,Jerami Grant,2021/22,47,14.87,0.4914,35.8,19.23
1630526,Jeremiah Robinson-Earl,2021/22,49,6.61,0.5031,35.2,7.47
203087,Jeremy Lamb,2021/22,56,6.2,0.4625,32.4,7.32
1630579,Jericho Sims,2021/22,41,1.32,0.7222,0.0,2.2
1628975,Jevon Carter,2021/22,66,3.83,0.5178,38.8,4.2
202710,Jimmy Butler III,2021/22,57,14.54,0.4964,23.3,21.39
1629111,Jock Landale,2021/22,54,3.78,0.5662,32.6,4.91
203925,Joe Harris,2021/22,14,8.86,0.6169,46.6,11.29
2207,Joe Johnson,2021/22,1,1.0,1.0,0.0,2.0
1630580,Joe Wieskamp,2021/22,29,1.93,0.4821,32.6,2.1
1630555,Joel Ayayi,2021/22,7,0.86,0.1667,0.0,0.29
203954,Joel Embiid,2021/22,68,19.62,0.5341,37.1,30.57
1628381,John Collins,2021/22,54,11.93,0.5761,36.4,16.22
1629723,John Konchar,2021/22,72,3.64,0.6145,41.3,4.85
1630257,Jon Teske,2021/22,3,0.33,0.0,0.0,0.0
1630228,Jonathan Kuminga,2021/22,70,6.57,0.5674,33.6,9.31
203903,Jordan Clarkson,2021/22,79,14.09,0.504,31.8,16.03
1630692,Jordan Goodwin,2021/22,2,1.5,0.0,0.0,0.0
1629162,Jordan McLaughlin,2021/22,62,3.23,0.5075,31.8,3.76
1629670,Jordan Nwora,2021/22,62,7.45,0.4881,34.8,7.85
1629673,Jordan Poole,2021/22,76,13.92,0.5477,36.4,18.49
1630648,Jordan Schakel,2021/22,4,2.75,0.1364,16.7,1.25
1630528,Josh Christopher,2021/22,74,6.76,0.504,29.6,7.93
1630581,Josh Giddey,2021/22,54,12.41,0.4612,26.3,12.48
1630182,Josh Green,2021/22,67,3.82,0.5625,35.9,4.76
1628404,Josh Hart,2021/22,54,10.54,0.5685,34.3,14.94
1628367,Josh Jackson,2021/22,51,5.88,0.455,25.4,6.43
1629006,Josh Okogie,2021/22,49,2.12,0.4712,29.8,2.71
1626196,Josh Richardson,2021/22,65,8.22,0.5337,41.5,10.25
1630563,Joshua Primo,2021/22,50,5.4,0.4519,30.7,5.76
201950,Jrue Holiday,2021/22,67,14.24,0.5702,41.1,18.28
1629308,Juan Toscano-Anderson,2021/22,73,3.22,0.5489,32.2,4.08
1627823,Juancho Hernangomez,2021/22,40,2.65,0.5283,34.8,3.27
203944,Julius Randle,2021/22,72,17.31,0.4591,30.8,20.1
1630551,Justin Champagnie,2021/22,36,1.86,0.5373,35.7,2.25
203200,Justin Holiday,2021/22,74,8.95,0.5279,36.7,10.12
1628382,Justin Jackson,2021/22,7,2.14,0.4333,33.3,2.14
1629620,Justin Robinson,2021/22,25,3.72,0.3978,29.5,3.12
1626159,Justise Winslow,2021/22,48,5.35,0.4572,22.7,5.71
1629752,Juwan Morgan,2021/22,2,1.5,0.8333,50.0,2.5
1630231,KJ Martin,2021/22,79,6.62,0.5908,35.7,8.81
1629644,KZ Okpala,2021/22,21,3.29,0.5,34.6,3.67
1630539,Kai Jones,2021/22,21,0.67,0.6786,50.0,1.05
1626157,Karl-Anthony Towns,2021/22,74,16.41,0.5906,41.0,24.57
1626208,Keifer Sykes,2021/22,32,5.94,0.4342,30.0,5.62
1628966,Keita Bates-Diop,2021/22,59,4.46,0.5494,30.9,5.68
1629103,Kelan Martin,2021/22,30,5.7,0.4737,29.3,5.7
1629640,Keldon Johnson,2021/22,75,13.48,0.5445,39.8,17.04
1629833,Keljin Blevins,2021/22,31,3.58,0.4009,29.2,3.06
203482,Kelly Olynyk,2021/22,40,7.15,0.5175,33.6,9.12
1626162,Kelly Oubre Jr.,2021/22,76,12.26,0.5424,34.5,14.96
202689,Kemba Walker,2021/22,37,10.0,0.5014,36.7,11.65
1629026,Kenrich Williams,2021/22,49,6.47,0.5252,33.9,7.41
203145,Kent Bazemore,2021/22,39,3.56,0.4281,36.3,3.38
203484,Kentavious Caldwell-Pope,2021/22,77,10.77,0.5314,39.0,13.22
1630553,Keon Johnson,2021/22,37,7.35,0.4154,34.0,7.22
1630556,Kessler Edwards,2021/22,48,5.56,0.5019,35.3,5.92
201142,Kevin Durant,2021/22,55,20.27,0.57,38.3,29.87
1628989,Kevin Huerter,2021/22,74,10.27,0.5592,38.9,12.05
1628995,Kevin Knox II,2021/22,30,2.83,0.4529,27.8,3.1
201567,Kevin Love,2021/22,74,10.28,0.5526,39.2,13.61
1630698,Kevin Pangos,2021/22,24,1.92,0.3913,23.1,1.62
1629645,Kevin Porter Jr.,2021/22,61,13.25,0.5105,37.5,15.56
1626172,Kevon Looney,2021/22,82,4.44,0.5714,0.0,5.99
203920,Khem Birch,2021/22,55,3.64,0.485,0.0,4.49
203114,Khris Middleton,2021/22,66,15.47,0.522,37.3,20.08
1630165,Killian Hayes,2021/22,66,6.95,0.4314,26.3,6.86
1629681,Killian Tillie,2021/22,36,3.53,0.4449,31.4,3.28
1630184,Kira Lewis Jr.,2021/22,24,6.08,0.4486,22.4,5.88
202691,Klay Thompson,2021/22,32,17.91,0.5288,38.5,20.38
1627739,Kris Dunn,2021/22,14,7.29,0.4363,9.1,7.57
204001,Kristaps Porziņģis,2021/22,51,15.04,0.5098,31.0,20.2
1629657,Kyle Guy,2021/22,19,3.42,0.5077,35.0,3.89
1628398,Kyle Kuzma,2021/22,66,14.18,0.5203,34.1,17.12
200768,Kyle Lowry,2021/22,63,9.95,0.555,37.7,13.4
202681,Kyrie Irving,2021/22,29,21.24,0.5503,41.8,27.45
1630205,Lamar Stevens,2021/22,63,5.06,0.5172,27.7,6.08
202362,Lance Stephenson,2021/22,46,7.02,0.4969,30.0,8.35
1629013,Landry Shamet,2021/22,69,7.03,0.5206,36.8,8.3
204038,Langston Galloway,2021/22,7,3.71,0.2692,12.5,2.0
1626204,Larry Nance Jr.,2021/22,46,5.37,0.5688,32.9,6.98
1628374,Lauri Markkanen,2021/22,61,11.52,0.542,35.8,14.75
2544,LeBron James,2021/22,56,21.8,0.5901,35.9,30.27
1630195,Leandro Bolmaro,2021/22,35,1.54,0.3611,27.8,1.43
1629623,Lindell Wigginton,2021/22,19,3.21,0.5,34.6,4.21
1630322,Lindy Waters III,2021/22,25,7.0,0.5571,36.3,7.96
1629022,Lonnie Walker IV,2021/22,70,10.91,0.4797,31.4,12.13
101150,Lou Williams,2021/22,56,5.71,0.4484,36.3,6.32
1629663,Louis King,2021/22,10,4.7,0.4043,29.6,4.5
1629652,Luguentz Dort,2021/22,51,14.24,0.4931,33.2,17.2
1630568,Luka Garza,2021/22,32,4.59,0.5034,32.7,5.81
1628379,Luke Kennard,2021/22,70,9.13,0.5978,44.9,11.9
1628436,Luke Kornet,2021/22,15,1.8,0.4815,0.0,2.0
1630640,MJ Walker,2021/22,2,2.0,0.0,0.0,0.0
1630644,Mac McClung,2021/22,2,3.0,0.5833,33.3,4.0
1630201,Malachi Flynn,2021/22,44,4.16,0.4754,33.3,4.3
1627763,Malcolm Brogdon,2021/22,36,15.08,0.5009,31.2,19.08
1630792,Malcolm Hill,2021/22,19,2.74,0.5865,36.1,3.79
1627736,Malik Beasley,2021/22,79,10.76,0.5318,37.7,12.06
1630238,Malik Fitts,2021/22,15,1.27,0.5526,50.0,1.4
1628370,Malik Monk,2021/22,76,10.87,0.5781,39.1,13.79
1629005,Malik Newman,2021/22,1,5.0,0.6,0.0,8.0
1630585,Marcus Garrett,2021/22,12,1.75,0.2619,25.0,1.08
202694,Marcus Morris Sr.,2021/22,54,12.8,0.5072,36.7,15.37
203935,Marcus Smart,2021/22,71,10.11,0.5007,33.1,12.13
1628365,Markelle Fultz,2021/22,18,9.72,0.4857,23.5,10.83
202693,Markieff Morris,2021/22,17,6.71,0.5307,33.3,7.59
1630210,Markus Howard,2021/22,31,3.26,0.5248,40.0,4.06
1627737,Marquese Chriss,2021/22,34,3.94,0.4925,32.0,4.53
1630222,Mason Jones,2021/22,4,3.75,0.5,25.0,6.75
203486,Mason Plumlee,2021/22,73,4.38,0.6406,0.0,6.53
1629680,Matisse Thybulle,2021/22,66,4.55,0.575,31.3,5.74
1629760,Matt Mooney,2021/22,1,1.0,0.0,0.0,0.0
1630346,Matt Ryan,2021/22,1,5.0,0.3,20.0,3.0
1629744,Matt Thomas,2021/22,40,3.35,0.541,38.5,4.03
203090,Maurice Harkless,2021/22,47,3.85,0.5442,30.7,4.62
1629622,Max Strus,2021/22,68,8.29,0.602,41.0,10.6
1628467,Maxi Kleber,2021/22,59,6.0,0.5155,32.5,6.97
1628982,Melvin Frazier Jr.,2021/22,3,16.0,0.2812,4.8,10.67
1630695,Micah Potter,2021/22,3,3.67,0.4545,0.0,4.0
1629008,Michael Porter Jr.,2021/22,9,11.44,0.4078,20.8,9.89
1628969,Mikal Bridges,2021/22,82,10.46,0.6008,36.9,14.17
201144,Mike Conley,2021/22,72,10.99,0.5417,40.8,13.69
203488,Mike Muscala,2021/22,43,5.77,0.5968,42.9,8.0
1628970,Miles Bridges,2021/22,80,15.18,0.5544,33.1,20.16
1630540,Miles McBride,2021/22,40,2.7,0.375,25.0,2.23
1629011,Mitchell Robinson,2021/22,72,4.76,0.7609,0.0,8.47
1629671,Miye Oni,2021/22,16,0.56,0.2778,12.5,0.31
1628420,Monte Morris,2021/22,75,10.31,0.564,39.5,12.6
1626149,Montrezl Harrell,2021/22,71,7.82,0.6486,23.5,13.13
1629650,Moses Brown,2021/22,40,2.7,0.5926,0.0,4.28
1630541,Moses Moody,2021/22,52,3.52,0.5464,36.4,4.38
1630589,Moses Wright,2021/22,4,1.0,0.25,0.0,1.25
1628539,Mychal Mulder,2021/22,17,4.53,0.4221,31.5,4.06
1629619,Myles Powell,2021/22,11,1.55,0.3235,16.7,1.18
1626167,Myles Turner,2021/22,42,9.36,0.5865,33.3,12.86
1630230,Naji Marshall,2021/22,55,4.89,0.4442,20.0,5.69
1629642,Nassir Little,2021/22,42,7.5,0.5413,33.1,9.76
1630207,Nate Hinton,2021/22,2,0.5,0.0,0.0,0.0
1630233,Nathan Knight,2021/22,37,2.38,0.5341,30.8,3.73
1629675,Naz Reid,2021/22,77,6.18,0.5494,34.3,8.27
1629674,Neemias Queta,2021/22,15,2.53,0.4474,0.0,3.0
203457,Nerlens Noel,2021/22,25,2.4,0.5333,0.0,3.4
1629651,Nic Claxton,2021/22,47,5.62,0.6742,0.0,8.72
1630208,Nick Richards,2021/22,50,1.8,0.6667,0.0,3.0
203917,Nik Stauskas,2021/22,8,1.75,0.5,40.0,2.25
203999,Nikola Jokić,2021/22,74,17.72,0.6198,33.7,27.08
202696,Nikola Vučević,2021/22,73,15.81,0.5182,31.4,17.64
1626181,Norman Powell,2021/22,45,13.44,0.5488,41.9,18.96
203658,Norvel Pelle,2021/22,3,1.67,0.6,0.0,2.0
1630167,Obi Toppin,2021/22,72,6.57,0.5856,30.8,9.0
1630846,Olivier Sarr,2021/22,22,4.59,0.6386,44.8,6.95
1630209,Omer Yurtseven,2021/22,56,4.41,0.5283,9.1,5.34
1630168,Onyeka Okongwu,2021/22,48,4.71,0.6903,0.0,8.17
1629052,Oshae Brissett,2021/22,67,7.55,0.4931,35.0,9.15
203490,Otto Porter Jr.,2021/22,63,6.6,0.5601,37.0,8.17
200782,P.J. Tucker,2021/22,71,6.03,0.5771,41.5,7.59
1629023,P.J. Washington,2021/22,65,8.18,0.5733,36.5,10.28
1628408,PJ Dozier,2021/22,18,5.5,0.4394,31.3,5.39
1628238,Paris Bass,2021/22,2,3.0,0.3333,0.0,3.0
1627783,Pascal Siakam,2021/22,68,17.75,0.5249,34.4,22.81
1626192,Pat Connaughton,2021/22,65,7.63,0.6048,39.5,9.92
201976,Patrick Beverley,2021/22,58,7.52,0.5011,34.3,9.19
1630172,Patrick Williams,2021/22,17,6.0,0.6029,51.7,9.0
201988,Patty Mills,2021/22,81,9.8,0.551,40.0,11.4
202331,Paul George,2021/22,31,20.52,0.4929,35.4,24.32
200794,Paul Millsap,2021/22,33,3.48,0.4261,22.9,3.48
1630194,Paul Reed,2021/22,38,2.53,0.5729,25.0,3.05
1628778,Paul Watson,2021/22,9,3.89,0.4286,23.1,3.44
1630202,Payton Pritchard,2021/22,71,5.25,0.5643,41.2,6.23
1627822,Petr Cornelie,2021/22,13,1.15,0.3667,12.5,1.08
1629656,Quentin Grimes,2021/22,46,5.11,0.5574,38.1,5.98
1629683,Quinndary Weatherspoon,2021/22,11,1.91,0.5952,20.0,2.73
1630181,R.J. Hampton,2021/22,64,7.14,0.453,35.0,7.64
1629628,RJ Barrett,2021/22,70,17.06,0.4657,34.2,20.03
200765,Rajon Rondo,2021/22,39,4.51,0.4744,35.2,4.77
203526,Raul Neto,2021/22,70,6.3,0.5023,29.2,7.51
1629730,Rayjon Tucker,2021/22,5,1.8,0.8889,80.0,4.2
203493,Reggie Bullock Jr.,2021/22,68,7.37,0.5419,36.0,8.57
202704,Reggie Jackson,2021/22,75,16.29,0.4603,32.6,16.84
1629617,Reggie Perry,2021/22,10,7.9,0.5253,18.8,9.2
1626158,Richaun Holmes,2021/22,45,6.67,0.6633,40.0,10.4
201937,Ricky Rubio,2021/22,34,12.09,0.4343,33.9,13.09
1630306,Rob Edwards,2021/22,2,2.0,0.375,25.0,1.5
203496,Robert Covington,2021/22,71,7.01,0.5482,37.8,8.51
1629057,Robert Williams III,2021/22,61,6.03,0.7364,0.0,9.95
1630218,Robert Woodard II,2021/22,12,1.33,0.1562,25.0,0.58
201577,Robin Lopez,2021/22,36,5.53,0.5578,33.3,7.06
203918,Rodney Hood,2021/22,52,3.02,0.465,33.0,3.13
203585,Rodney McGruder,2021/22,51,4.41,0.5644,39.7,5.35
1629641,Romeo Langford,2021/22,48,3.98,0.5105,34.1,4.54
1626220,Royce O'Neale,2021/22,77,5.77,0.5912,38.9,7.4
1630612,Ruben Nembhard Jr.,2021/22,14,1.29,0.3333,0.0,1.07
200752,Rudy Gay,2021/22,55,6.89,0.5066,34.5,8.11
203497,Rudy Gobert,2021/22,66,7.7,0.7126,0.0,15.56
1629060,Rui Hachimura,2021/22,42,9.07,0.563,44.7,11.31
201566,Russell Westbrook,2021/22,78,15.81,0.4765,29.8,18.47
1630240,Saben Lee,2021/22,37,4.78,0.4294,23.3,5.62
1630180,Saddiq Bey,2021/22,82,13.85,0.489,34.6,16.11
1630573,Sam Hauser,2021/22,26,1.92,0.65,43.2,2.5
1630241,Sam Merrill,2021/22,6,4.0,0.4792,30.4,4.17
1630572,Sandro Mamukelashvili,2021/22,41,2.8,0.5913,42.3,3.76
1630567,Scottie Barnes,2021/22,74,12.59,0.5236,30.1,15.32
203816,Scotty Hopson,2021/22,1,4.0,0.5,0.0,4.0
1629635,Sekou Doumbouya,2021/22,2,4.0,0.6875,50.0,7.0
1628400,Semi Ojeleye,2021/22,30,3.3,0.3788,30.0,3.27
201586,Serge Ibaka,2021/22,54,5.48,0.5625,37.4,6.76
203552,Seth Curry,2021/22,64,11.55,0.594,42.2,15.0
1628983,Shai Gilgeous-Alexander,2021/22,56,18.79,0.4957,30.0,24.48
1629003,Shake Milton,2021/22,55,7.33,0.4826,32.3,8.18
1629783,Shaq Buchanan,2021/22,2,2.0,0.25,0.0,1.0
1630536,Sharife Cooper,2021/22,13,1.08,0.25,16.7,0.54
1630219,Skylar Mays,2021/22,28,2.29,0.5625,32.0,2.86
203524,Solomon Hill,2021/22,13,1.54,0.2,15.4,0.62
203915,Spencer Dinwiddie,2021/22,67,10.97,0.4925,33.9,13.72
1626169,Stanley Johnson,2021/22,48,5.23,0.5319,31.4,6.67
201939,Stephen Curry,2021/22,64,19.12,0.5535,38.0,25.47
1628425,Sterling Brown,2021/22,49,3.16,0.471,30.4,3.27
1629004,Svi Mykhailiuk,2021/22,56,4.18,0.4765,30.6,4.55
204456,T.J. McConnell,2021/22,27,7.7,0.5048,30.3,8.48
1629605,Tacko Fall,2021/22,11,1.09,0.4167,0.0,1.09
201959,Taj Gibson,2021/22,52,3.19,0.5633,39.5,4.4
1629659,Talen Horton-Tucker,2021/22,60,8.97,0.4619,26.9,9.95
1627752,Taurean Prince,2021/22,69,5.65,0.5641,37.6,7.28
1629611,Terance Mann,2021/22,81,8.52,0.5391,36.5,10.77
1629056,Terence Davis,2021/22,30,8.9,0.515,32.9,10.37
203082,Terrence Ross,2021/22,63,8.79,0.4666,29.2,9.98
1626179,Terry Rozier,2021/22,73,15.99,0.539,37.4,19.29
1630678,Terry Taylor,2021/22,33,6.67,0.6409,31.6,9.64
201152,Thaddeus Young,2021/22,52,5.23,0.5496,35.4,6.19
1629033,Theo Pinson,2021/22,19,2.05,0.4872,33.3,2.53
1628418,Thomas Bryant,2021/22,27,5.48,0.5608,28.6,7.44
204025,Tim Frazier,2021/22,12,3.75,0.3778,35.3,3.25
203501,Tim Hardaway Jr.,2021/22,42,12.62,0.4906,33.6,14.24
1627789,Timothe Luwawu-Cabarrot,2021/22,52,3.58,0.5161,36.1,4.37
202699,Tobias Harris,2021/22,73,14.0,0.5318,36.7,17.22
1628396,Tony Bradley,2021/22,55,2.24,0.5854,0.0,2.96
203503,Tony Snell,2021/22,53,3.23,0.5351,35.2,3.53
1628470,Torrey Craig,2021/22,78,5.65,0.5408,32.9,6.62
1629027,Trae Young,2021/22,76,20.32,0.5359,38.2,28.36
1629309,Trayvon Palmer,2021/22,1,1.0,0.0,0.0,0.0
1630200,Tre Jones,2021/22,69,4.91,0.5044,19.6,5.99
1630544,Tre Mann,2021/22,60,9.8,0.4762,36.0,10.42
1629682,Tremont Waters,2021/22,3,4.67,0.3571,22.2,3.33
1630570,Trendon Watford,2021/22,48,5.56,0.5487,23.7,7.58
1630235,Trent Forrest,2021/22,60,2.58,0.5065,18.5,3.25
1630243,Trevelin Queen,2021/22,10,3.3,0.5909,37.5,4.3
1630286,Trevon Scott,2021/22,2,3.0,0.5,0.0,3.0
203504,Trey Burke,2021/22,42,5.12,0.4512,31.7,5.1
1630530,Trey Murphy III,2021/22,62,4.47,0.5217,38.2,5.39
202684,Tristan Thompson,2021/22,57,4.68,0.53,33.3,6.04
1628972,Troy Brown Jr.,2021/22,66,3.91,0.5097,35.3,4.29
1629660,Ty Jerome,2021/22,48,6.83,0.4604,29.0,7.08
1629076,Tyler Cook,2021/22,20,1.9,0.6053,0.0,3.35
1629639,Tyler Herro,2021/22,66,17.0,0.5245,39.9,20.71
204020,Tyler Johnson,2021/22,6,3.33,0.425,38.5,2.83
1630179,Tyrell Terry,2021/22,2,0.5,1.0,0.0,1.0
1630169,Tyrese Haliburton,2021/22,77,11.81,0.5616,41.4,15.34
1630178,Tyrese Maxey,2021/22,75,13.27,0.5518,42.7,17.48
1627820,Tyrone Wallace,2021/22,6,3.33,0.4,25.0,2.83
1626145,Tyus Jones,2021/22,73,7.56,0.5236,39.0,8.66
2617,Udonis Haslem,2021/22,13,2.38,0.4677,25.0,2.46
1630586,Usman Garuba,2021/22,24,1.83,0.4886,25.0,2.0
1630176,Vernon Carey Jr.,2021/22,7,1.86,0.5385,0.0,2.86
203506,Victor Oladipo,2021/22,8,9.12,0.5822,41.7,12.38
1630249,Vít Krejčí,2021/22,30,5.57,0.503,32.7,6.23
201961,Wayne Ellington,2021/22,43,5.51,0.5865,38.9,6.67
1627782,Wayne Selden,2021/22,3,1.33,0.375,50.0,1.67
1628976,Wendell Carter Jr.,2021/22,62,11.03,0.576,32.7,15.02
1629117,Wenyen Gabriel,2021/22,26,4.23,0.5273,28.6,5.42
1628411,Wes Iwundu,2021/22,3,6.0,0.5278,60.0,7.33
202083,Wesley Matthews,2021/22,49,4.49,0.5159,33.8,5.08
203115,Will Barton,2021/22,71,12.62,0.5251,36.5,14.69
1626161,Willie Cauley-Stein,2021/22,20,1.75,0.4714,50.0,1.7
1626195,Willy Hernangomez,2021/22,50,6.54,0.526,33.3,9.06
1629875,Xavier Moon,2021/22,10,5.1,0.5392,35.7,5.8
1630270,Xavier Sneed,2021/22,9,1.11,0.25,12.5,0.56
1630214,Xavier Tillman,2021/22,53,4.08,0.4769,20.4,4.75
1629139,Yuta Watanabe,2021/22,38,3.63,0.5036,34.2,4.29
1628380,Zach Collins,2021/22,28,5.54,0.5355,34.1,7.79
203897,Zach LaVine,2021/22,67,17.7,0.5544,38.9,24.4
1630285,Zavier Simpson,2021/22,4,13.0,0.375,12.5,11.0
1630192,Zeke Nnaji,2021/22,41,4.54,0.6156,46.3,6.59
1630533,Ziaire Williams,2021/22,62,6.84,0.5401,31.4,8.08
1629597,Zylan Cheatham,2021/22,1,3.0,0.0,0.0,0.0
1630639,A.J. Lawson,2022/23,15,2.93,0.6136,40.0,3.73
1631260,AJ Green,2022/23,35,3.57,0.6,41.9,4.4
1631100,AJ Griffin,2022/23,72,7.4,0.56,39.0,8.88
203932,Aaron Gordon,2022/23,68,11.19,0.6032,34.7,16.31
1628988,Aaron Holiday,2022/23,63,3.49,0.5,40.9,3.92
1630174,Aaron Nesmith,2022/23,73,8.08,0.5246,36.6,10.11
1630598,Aaron Wiggins,2022/23,70,5.19,0.5785,39.3,6.84
1629678,Admiral Schofield,2022/23,37,3.3,0.5492,32.4,4.19
201143,Al Horford,2022/23,63,7.6,0.6273,44.6,9.78
202692,Alec Burks,2022/23,51,9.0,0.5436,41.4,12.78
1627936,Alex Caruso,2022/23,67,4.27,0.5507,36.4,5.58
203458,Alex Len,2022/23,26,1.15,0.5333,0.0,1.65
1628993,Alize Johnson,2022/23,4,1.5,0.5,0.0,1.75
1630578,Alperen Sengun,2022/23,75,10.65,0.5651,33.3,14.79
1629599,Amir Coffey,2022/23,50,2.9,0.4241,27.5,3.44
203083,Andre Drummond,2022/23,67,4.09,0.6058,0.0,5.96
2738,Andre Iguodala,2022/23,8,1.88,0.5,11.1,2.12
1629614,Andrew Nembhard,2022/23,75,8.59,0.5124,35.0,9.45
203952,Andrew Wiggins,2022/23,37,14.3,0.5567,39.6,17.11
1629014,Anfernee Simons,2022/23,62,16.85,0.5483,37.7,21.06
203076,Anthony Davis,2022/23,56,17.18,0.5733,25.7,25.91
1630162,Anthony Edwards,2022/23,79,19.51,0.5279,36.9,24.63
1630264,Anthony Gill,2022/23,59,2.24,0.553,13.8,3.31
1630237,Anthony Lamb,2022/23,62,5.06,0.5876,36.7,6.69
1630559,Austin Reaves,2022/23,64,7.66,0.6163,39.8,13.02
203085,Austin Rivers,2022/23,52,4.02,0.5383,35.0,4.9
1630245,Ayo Dosunmu,2022/23,80,7.12,0.5447,31.2,8.59
1627732,Ben Simmons,2022/23,42,5.6,0.566,0.0,6.93
1631097,Bennedict Mathurin,2022/23,78,12.19,0.4869,32.3,16.69
202687,Bismack Biyombo,2022/23,61,3.38,0.5777,0.0,4.31
201933,Blake Griffin,2022/23,41,3.17,0.5731,34.8,4.15
1631104,Blake Wesley,2022/23,37,5.81,0.3674,38.5,4.97
1626171,Bobby Portis,2022/23,70,11.47,0.5548,37.0,14.1
1629626,Bol Bol,2022/23,70,6.83,0.5774,26.5,9.06
1630538,Bones Hyland,2022/23,56,10.2,0.5018,37.1,11.77
203078,Bradley Beal,2022/23,50,17.56,0.5513,36.5,23.2
1630527,Brandon Boston,2022/23,22,5.55,0.4672,41.4,6.5
1629634,Brandon Clarke,2022/23,56,6.23,0.6576,16.7,9.98
1627742,Brandon Ingram,2022/23,45,18.56,0.5222,39.0,24.71
1630296,Braxton Key,2022/23,3,0.33,1.0,0.0,1.33
201572,Brook Lopez,2022/23,78,11.53,0.6062,37.4,15.88
1628971,Bruce Brown,2022/23,80,9.26,0.5445,35.8,11.54
1628981,Bruno Fernando,2022/23,39,2.87,0.5268,0.0,3.92
1631121,Bryce McGowens,2022/23,46,4.39,0.4604,32.5,5.35
1627854,Bryn Forbes,2022/23,25,3.32,0.4458,30.4,3.56
1631205,Buddy Boeheim,2022/23,10,2.7,0.2593,16.0,1.6
1627741,Buddy Hield,2022/23,80,12.97,0.5963,42.5,16.8
203468,CJ McCollum,2022/23,75,17.92,0.5153,38.9,20.91
1630595,Cade Cunningham,2022/23,12,18.67,0.4531,27.9,19.92
1631216,Caleb Houstan,2022/23,51,3.57,0.489,33.8,3.78
1628997,Caleb Martin,2022/23,71,7.72,0.5401,35.6,9.62
1629629,Cam Reddish,2022/23,40,7.8,0.5176,31.3,9.68
1630560,Cam Thomas,2022/23,57,8.0,0.4967,38.3,10.6
1629661,Cameron Johnson,2022/23,42,11.29,0.5791,40.4,15.48
1627747,Caris LeVert,2022/23,74,10.03,0.5168,39.2,12.12
1630637,Carlik Jones,2022/23,7,2.14,0.5,50.0,2.86
1628435,Chance Comanche,2022/23,1,5.0,0.6,0.0,7.0
1629646,Charles Bassey,2022/23,35,3.86,0.6556,37.5,5.69
1631320,Chima Moneke,2022/23,2,1.0,0.5,0.0,1.0
1629002,Chimezie Metu,2022/23,66,3.32,0.6096,23.7,4.86
1628449,Chris Boucher,2022/23,76,6.96,0.552,32.8,9.37
1630537,Chris Duarte,2022/23,46,7.24,0.452,31.6,7.87
101108,Chris Paul,2022/23,59,11.32,0.5135,37.5,13.88
1629735,Chris Silva,2022/23,1,1.0,1.0,0.0,2.0
1631128,Christian Braun,2022/23,76,3.8,0.5536,35.4,4.74
1631132,Christian Koloko,2022/23,58,2.59,0.4833,8.3,3.14
1626174,Christian Wood,2022/23,67,11.48,0.5832,37.6,16.63
1629643,Chuma Okeke,2022/23,27,4.52,0.459,30.2,4.74
1629632,Coby White,2022/23,74,8.03,0.5505,37.2,9.66
1628998,Cody Martin,2022/23,7,5.14,0.4306,21.4,5.0
203469,Cody Zeller,2022/23,15,3.93,0.6271,0.0,6.53
1631306,Cole Swider,2022/23,7,1.29,0.5,37.5,1.29
1629012,Collin Sexton,2022/23,48,9.75,0.5577,39.3,14.27
1630557,Corey Kispert,2022/23,74,7.91,0.6368,42.4,11.08
202709,Cory Joseph,2022/23,62,5.66,0.5271,38.9,6.89
1626156,D'Angelo Russell,2022/23,71,13.35,0.5717,39.6,17.79
1630227,Daishen Nix,2022/23,57,4.16,0.4262,28.6,3.96
1631207,Dalen Terry,2022/23,38,1.89,0.4931,25.9,2.24
1627745,Damian Jones,2022/23,41,2.1,0.6977,58.8,3.46
203081,Damian Lillard,2022/23,58,20.72,0.5641,37.1,32.17
1627814,Damion Lee,2022/23,74,6.11,0.5642,44.5,8.16
1629655,Daniel Gafford,2022/23,78,5.06,0.7316,0.0,9.04
1627863,Danuel House Jr.,2022/23,56,3.52,0.566,33.6,4.79
1629647,Darius Bazley,2022/23,43,4.26,0.5082,37.7,5.21
1630620,Darius Days,2022/23,4,3.0,0.5417,30.0,3.75
1629636,Darius Garland,2022/23,69,16.36,0.5372,41.0,21.59
1630561,David Duke Jr.,2022/23,23,3.39,0.4679,8.3,3.7
1631223,David Roddy,2022/23,70,6.0,0.506,30.7,6.66
1630558,Davion Mitchell,2022/23,80,4.99,0.5326,32.0,5.62
1628432,Davon Reed,2022/23,43,1.95,0.4345,37.0,2.07
1630549,Day'Ron Sharpe,2022/23,48,3.56,0.5614,54.5,4.73
1628368,De'Aaron Fox,2022/23,73,18.23,0.5571,32.4,25.01
1629631,De'Andre Hunter,2022/23,67,12.27,0.5219,35.0,15.36
1629001,De'Anthony Melton,2022/23,77,8.45,0.5461,39.0,10.13
201599,DeAndre Jordan,2022/23,39,2.95,0.7696,100.0,5.1
201942,DeMar DeRozan,2022/23,74,17.61,0.5219,32.4,24.54
1629731,Dean Wade,2022/23,44,4.02,0.5395,35.4,4.68
1627749,Dejounte Murray,2022/23,74,17.82,0.5144,34.4,20.47
1626153,Delon Wright,2022/23,50,5.82,0.5447,34.5,7.38
203471,Dennis Schröder,2022/23,66,9.85,0.4723,32.9,12.58
1628372,Dennis Smith Jr.,2022/23,54,8.37,0.4381,21.6,8.78
1629126,Deonte Burton,2022/23,2,1.0,0.0,0.0,0.0
1631220,Dereon Seabron,2022/23,5,1.0,0.4,0.0,0.8
1627884,Derrick Jones Jr.,2022/23,64,3.59,0.5587,33.8,4.98
201565,Derrick Rose,2022/23,27,5.89,0.4434,30.2,5.63
1628401,Derrick White,2022/23,82,9.24,0.56,38.1,12.4
1626164,Devin Booker,2022/23,53,20.13,0.5459,35.1,27.75
1630170,Devin Vassell,2022/23,38,15.66,0.5252,38.7,18.5
1629653,Devon Dotson,2022/23,6,1.67,0.15,25.0,0.5
1628984,Devonte' Graham,2022/23,73,5.9,0.5116,35.2,7.38
203473,Dewayne Dedmon,2022/23,38,3.97,0.5497,30.8,5.24
1628415,Dillon Brooks,2022/23,73,13.58,0.4677,32.6,14.34
1631230,Dominick Barlow,2022/23,28,3.07,0.5349,0.0,3.93
1628378,Donovan Mitchell,2022/23,68,20.62,0.5717,38.6,28.26
1631495,Donovan Williams,2022/23,2,2.5,0.4,0.0,2.0
1628978,Donte DiVincenzo,2022/23,72,7.5,0.5741,39.7,9.42
1627827,Dorian Finney-Smith,2022/23,66,7.59,0.505,33.7,8.35
203926,Doug McDermott,2022/23,64,8.17,0.5746,41.3,10.22
203110,Draymond Green,2022/23,73,6.49,0.5696,30.5,8.45
1629234,Drew Eubanks,2022/23,78,4.28,0.6512,38.9,6.64
1630696,Dru Smith,2022/23,15,3.0,0.4556,26.3,2.93
1630613,Duane Washington Jr.,2022/23,31,8.26,0.4453,36.0,7.87
1629130,Duncan Robinson,2022/23,42,5.64,0.5042,32.8,6.38
203939,Dwight Powell,2022/23,76,3.54,0.7323,0.0,6.66
1629685,Dylan Windler,2022/23,3,1.0,0.8333,50.0,1.67
1630700,Dyson Daniels,2022/23,59,3.53,0.4832,31.4,3.85
1628410,Edmond Sumner,2022/23,53,5.08,0.5186,35.6,7.13
201569,Eric Gordon,2022/23,69,9.46,0.5467,37.1,12.41
203095,Evan Fournier,2022/23,27,6.15,0.4428,30.7,6.11
1630596,Evan Mobley,2022/23,79,11.99,0.566,21.6,16.16
1628402,Frank Jackson,2022/23,1,3.0,0.0,0.0,0.0
1626163,Frank Kaminsky,2022/23,36,1.75,0.5952,39.4,2.47
1628373,Frank Ntilikina,2022/23,47,2.81,0.428,25.4,2.87
1630532,Franz Wagner,2022/23,80,13.97,0.5429,36.1,18.56
1627832,Fred VanVleet,2022/23,69,16.12,0.4861,34.2,19.35
1629216,Gabe Vincent,2022/23,68,8.34,0.5053,33.4,9.43
1628221,Gabe York,2022/23,3,7.0,0.5238,33.3,8.0
202066,Garrett Temple,2022/23,25,1.8,0.5222,42.3,2.0
1629726,Garrison Mathews,2022/23,54,3.72,0.5199,35.0,4.76
203914,Gary Harris,2022/23,48,6.4,0.6026,43.1,8.27
1627780,Gary Payton II,2022/23,22,3.14,0.6884,50.0,4.59
1629018,Gary Trent Jr.,2022/23,66,14.17,0.5219,36.9,17.39
201588,George Hill,2022/23,46,3.61,0.5723,35.8,5.04
1627777,Georges Niang,2022/23,78,6.44,0.5956,40.1,8.17
202330,Gordon Hayward,2022/23,50,11.62,0.5198,32.5,14.66
203476,Gorgui Dieng,2022/23,31,3.77,0.4744,28.0,3.9
1629684,Grant Williams,2022/23,79,6.03,0.5746,39.5,8.11
1630535,Greg Brown III,2022/23,16,1.75,0.4107,14.3,1.75
203084,Harrison Barnes,2022/23,82,9.65,0.5563,37.4,15.0
1629312,Haywood Highsmith,2022/23,54,4.0,0.5162,33.9,4.37
1630529,Herbert Jones,2022/23,66,7.59,0.525,33.5,9.83
1630193,Immanuel Quickley,2022/23,81,11.56,0.5374,37.0,14.93
1630171,Isaac Okoro,2022/23,76,4.66,0.5819,36.3,6.45
1628392,Isaiah Hartenstein,2022/23,82,3.99,0.5474,21.6,4.95
1630543,Isaiah Jackson,2022/23,63,5.05,0.566,14.3,7.22
1630198,Isaiah Joe,2022/23,73,6.96,0.5994,40.9,9.47
1630587,Isaiah Livers,2022/23,52,5.54,0.5451,36.5,6.65
1630600,Isaiah Mobley,2022/23,12,2.33,0.4821,37.5,2.58
1629676,Isaiah Roby,2022/23,42,3.69,0.4903,30.0,4.1
1630191,Isaiah Stewart,2022/23,50,8.82,0.5181,32.7,11.34
1630225,Isaiah Todd,2022/23,6,3.17,0.1842,10.0,1.5
202397,Ish Smith,2022/23,43,3.05,0.4046,16.7,2.51
1630688,Ish Wainright,2022/23,60,3.78,0.4956,32.9,4.18
1627826,Ivica Zubac,2022/23,76,6.76,0.6342,0.0,10.76
1631120,JD Davison,2022/23,12,1.58,0.4737,28.6,1.58
1630550,JT Thor,2022/23,69,3.45,0.4811,31.7,3.8
1629630,Ja Morant,2022/23,61,19.9,0.5041,30.7,26.16
203210,JaMychal Green,2022/23,57,4.42,0.623,37.8,6.42
201580,JaVale McGee,2022/23,42,2.98,0.648,40.0,4.43
1631095,Jabari Smith Jr.,2022/23,79,11.29,0.4753,30.7,12.78
1631133,Jabari Walker,2022/23,56,3.54,0.4596,28.6,3.86
1631298,Jack White,2022/23,17,1.12,0.5,33.3,1.24
1631367,Jacob Gilyard,2022/23,1,3.0,0.5,33.3,3.0
1630702,Jaden Hardy,2022/23,48,6.94,0.533,40.4,8.75
1631093,Jaden Ivey,2022/23,74,13.28,0.4771,34.3,16.27
1630183,Jaden McDaniels,2022/23,79,9.06,0.5915,39.8,12.06
1630531,Jaden Springer,2022/23,16,2.19,0.5143,40.0,2.62
203109,Jae Crowder,2022/23,18,5.22,0.6064,43.6,6.89
1630256,Jae'Sean Tate,2022/23,31,7.39,0.5087,28.3,9.13
1631222,Jake LaRavia,2022/23,35,2.71,0.5158,33.8,3.0
1627751,Jakob Poeltl,2022/23,72,8.58,0.6294,0.0,12.46
1628973,Jalen Brunson,2022/23,68,17.57,0.5473,41.6,24.01
1631105,Jalen Duren,2022/23,67,5.94,0.6482,0.0,9.13
1630224,Jalen Green,2022/23,76,17.88,0.4853,33.8,22.14
1630552,Jalen Johnson,2022/23,70,4.6,0.5373,28.8,5.64
1629667,Jalen McDaniels,2022/23,80,7.71,0.5178,33.2,9.44
1630188,Jalen Smith,2022/23,68,7.47,0.5295,28.3,9.44
1630591,Jalen Suggs,2022/23,53,8.38,0.4932,32.7,9.89
1631114,Jalen Williams,2022/23,75,10.59,0.5674,35.6,14.08
1631288,Jamal Cain,2022/23,18,3.67,0.6136,35.0,5.44
1627750,Jamal Murray,2022/23,65,16.02,0.537,39.8,19.97
1631123,Jamaree Bouyea,2022/23,5,2.8,0.5,33.3,3.0
1630547,James Bouknight,2022/23,34,5.68,0.443,30.3,5.62
201935,James Harden,2022/23,58,14.52,0.5362,38.5,20.97
201949,James Johnson,2022/23,18,2.72,0.4796,20.0,2.83
1630164,James Wiseman,2022/23,45,7.53,0.5634,20.0,10.0
1630215,Jared Butler,2022/23,6,5.33,0.5781,50.0,6.17
1631197,Jared Rhoden,2022/23,14,3.14,0.4432,25.0,3.21
1628991,Jaren Jackson Jr.,2022/23,63,13.05,0.5669,35.5,18.62
1629020,Jarred Vanderbilt,2022/23,78,5.78,0.5798,32.2,7.94
1629714,Jarrell Brantley,2022/23,4,3.5,0.7143,44.4,5.5
1629633,Jarrett Culver,2022/23,10,4.3,0.407,8.3,4.4
1630554,Jason Preston,2022/23,14,2.93,0.5,27.8,2.93
1629750,Javonte Green,2022/23,32,3.38,0.625,37.1,5.16
1629637,Jaxson Hayes,2022/23,47,3.32,0.5609,10.3,4.96
1630643,Jay Huff,2022/23,7,3.57,0.72,50.0,7.29
1630206,Jay Scrubb,2022/23,2,3.5,0.8571,100.0,6.5
1627759,Jaylen Brown,2022/23,67,20.64,0.5499,33.5,26.63
1629669,Jaylen Nowell,2022/23,65,9.62,0.5016,28.9,10.83
1631119,Jaylin Williams,2022/23,49,4.78,0.5342,40.7,5.88
1628369,Jayson Tatum,2022/23,74,21.07,0.5433,35.0,30.07
1630288,Jeff Dowtin Jr.,2022/23,25,2.28,0.4825,31.3,2.44
201145,Jeff Green,2022/23,56,5.86,0.5335,28.8,7.8
203924,Jerami Grant,2022/23,63,14.49,0.5542,40.1,20.48
1630526,Jeremiah Robinson-Earl,2022/23,43,5.77,0.5181,33.3,6.79
1631110,Jeremy Sochan,2022/23,56,9.86,0.4828,24.6,10.96
1630579,Jericho Sims,2022/23,52,2.06,0.7757,0.0,3.42
1628975,Jevon Carter,2022/23,81,6.98,0.5487,42.1,8.04
202710,Jimmy Butler III,2022/23,64,13.88,0.5597,35.0,22.91
1629111,Jock Landale,2022/23,69,4.88,0.5593,25.0,6.61
203925,Joe Harris,2022/23,74,5.95,0.6182,42.6,7.59
1630580,Joe Wieskamp,2022/23,9,1.56,0.3214,25.0,1.0
203954,Joel Embiid,2022/23,66,20.12,0.573,33.0,33.08
1631219,John Butler Jr.,2022/23,19,2.79,0.3962,22.9,2.37
1628381,John Collins,2022/23,71,9.96,0.5573,29.2,13.11
1629723,John Konchar,2022/23,72,4.44,0.525,33.9,5.06
202322,John Wall,2022/23,34,9.97,0.4558,30.3,11.35
1631098,Johnny Davis,2022/23,28,6.11,0.4357,24.3,5.82
1630548,Johnny Juzang,2022/23,18,5.78,0.4087,23.8,4.83
1628371,Jonathan Isaac,2022/23,11,4.82,0.4717,40.0,5.0
1630228,Jonathan Kuminga,2022/23,67,7.42,0.5795,37.0,9.94
203903,Jordan Clarkson,2022/23,61,16.9,0.5194,33.8,20.84
1630692,Jordan Goodwin,2022/23,62,5.69,0.5014,32.2,6.56
1631160,Jordan Hall,2022/23,9,3.11,0.375,20.0,3.11
1629162,Jordan McLaughlin,2022/23,43,3.37,0.5034,30.8,3.74
1629670,Jordan Nwora,2022/23,62,7.18,0.5326,40.8,8.74
1629673,Jordan Poole,2022/23,82,15.59,0.5141,33.6,20.43
1630648,Jordan Schakel,2022/23,2,1.0,0.75,100.0,1.5
1630528,Josh Christopher,2022/23,64,5.14,0.497,23.6,5.81
1630581,Josh Giddey,2022/23,76,14.71,0.5161,32.5,16.58
1630182,Josh Green,2022/23,60,6.37,0.6257,40.2,9.1
1628404,Josh Hart,2022/23,76,6.84,0.5875,37.2,9.78
1631169,Josh Minott,2022/23,15,2.4,0.5278,33.3,3.07
1629006,Josh Okogie,2022/23,72,5.75,0.471,33.5,7.35
1626196,Josh Richardson,2022/23,65,8.52,0.528,36.5,10.06
1630563,Joshua Primo,2022/23,4,6.5,0.4038,25.0,7.0
201950,Jrue Holiday,2022/23,67,15.27,0.5562,38.4,19.25
1629308,Juan Toscano-Anderson,2022/23,52,2.75,0.4755,18.6,2.98
1627823,Juancho Hernangomez,2022/23,42,2.71,0.4956,25.4,2.9
1630577,Julian Champagnie,2022/23,17,7.65,0.5808,40.2,9.71
203944,Julius Randle,2022/23,77,18.6,0.5356,34.3,25.14
1630551,Justin Champagnie,2022/23,5,3.0,0.3667,20.0,2.2
203200,Justin Holiday,2022/23,46,4.43,0.4902,32.2,4.46
1628382,Justin Jackson,2022/23,23,1.17,0.3519,25.0,0.87
1631303,Justin Minaya,2022/23,4,5.75,0.3696,25.0,4.25
1626159,Justise Winslow,2022/23,29,6.83,0.4444,31.1,6.76
1630231,KJ Martin,2022/23,82,8.78,0.6167,31.5,12.67
1629644,KZ Okpala,2022/23,35,1.09,0.5132,33.3,1.31
1630539,Kai Jones,2022/23,46,2.61,0.575,21.1,3.41
1626157,Karl-Anthony Towns,2022/23,29,14.76,0.5654,36.6,20.76
202695,Kawhi Leonard,2022/23,52,16.75,0.5718,41.6,23.83
1631099,Keegan Murray,2022/23,80,9.78,0.5844,41.1,12.2
1628966,Keita Bates-Diop,2022/23,67,6.94,0.5677,39.4,9.66
1629640,Keldon Johnson,2022/23,63,17.67,0.5121,32.9,21.98
203482,Kelly Olynyk,2022/23,68,8.19,0.5826,39.4,12.46
1626162,Kelly Oubre Jr.,2022/23,48,17.06,0.4969,31.9,20.25
202689,Kemba Walker,2022/23,9,6.33,0.4825,25.0,8.0
1631112,Kendall Brown,2022/23,6,1.17,0.5714,0.0,1.5
1629134,Kendrick Nunn,2022/23,70,6.43,0.5122,35.4,7.09
1631113,Kennedy Chandler,2022/23,36,2.31,0.4337,13.3,2.17
1631254,Kenneth Lofton Jr.,2022/23,24,3.88,0.5591,35.3,5.0
1629026,Kenrich Williams,2022/23,53,6.53,0.5896,37.3,8.02
203484,Kentavious Caldwell-Pope,2022/23,76,8.32,0.5688,42.3,10.82
1631165,Keon Ellis,2022/23,16,1.0,0.625,50.0,1.5
1630553,Keon Johnson,2022/23,40,4.45,0.4551,34.6,4.72
1630556,Kessler Edwards,2022/23,36,2.58,0.4785,30.9,2.78
201142,Kevin Durant,2022/23,47,18.34,0.6143,40.4,29.06
1628989,Kevin Huerter,2022/23,75,11.55,0.6033,40.2,15.2
1628995,Kevin Knox II,2022/23,63,5.27,0.5557,34.9,6.59
201567,Kevin Love,2022/23,62,6.84,0.5059,33.4,8.21
1629645,Kevin Porter Jr.,2022/23,59,14.98,0.5221,36.6,19.15
1630284,Kevon Harris,2022/23,34,3.15,0.514,37.2,4.15
1626172,Kevon Looney,2022/23,82,4.68,0.6302,0.0,7.05
203920,Khem Birch,2022/23,20,1.6,0.6094,50.0,2.15
203114,Khris Middleton,2022/23,33,12.3,0.4988,31.5,15.06
1630165,Killian Hayes,2022/23,76,10.72,0.4258,28.0,10.34
1630184,Kira Lewis Jr.,2022/23,25,3.52,0.5398,44.1,4.56
202691,Klay Thompson,2022/23,69,18.14,0.5563,41.2,21.87
1627739,Kris Dunn,2022/23,22,9.82,0.5764,47.2,13.18
204001,Kristaps Porziņģis,2022/23,65,15.66,0.5653,38.5,23.15
1628398,Kyle Kuzma,2022/23,64,17.84,0.5184,33.3,21.2
200768,Kyle Lowry,2022/23,55,8.82,0.5144,34.5,11.18
202681,Kyrie Irving,2022/23,60,20.05,0.5719,37.9,27.05
1630205,Lamar Stevens,2022/23,62,4.65,0.5,31.6,5.29
1629013,Landry Shamet,2022/23,40,7.5,0.5017,37.7,8.65
1626204,Larry Nance Jr.,2022/23,65,4.69,0.6328,33.3,6.78
1628374,Lauri Markkanen,2022/23,66,17.35,0.586,39.1,25.62
2544,LeBron James,2022/23,55,22.16,0.5492,32.1,28.91
1630195,Leandro Bolmaro,2022/23,14,1.43,0.15,0.0,0.43
1631311,Lester Quinones,2022/23,4,1.25,0.6,50.0,2.5
1629623,Lindell Wigginton,2022/23,7,5.29,0.5676,33.3,7.14
1630322,Lindy Waters III,2022/23,41,4.34,0.5562,35.8,5.22
1629022,Lonnie Walker IV,2022/23,56,9.41,0.5342,36.5,11.68
1629663,Louis King,2022/23,1,13.0,0.7692,50.0,20.0
1629652,Luguentz Dort,2022/23,74,11.8,0.4656,33.0,13.69
1630568,Luka Garza,2022/23,28,4.14,0.6034,35.9,6.46
1628379,Luke Kennard,2022/23,59,6.47,0.6662,49.4,9.25
1628436,Luke Kornet,2022/23,69,2.46,0.6735,23.1,3.78
1630644,Mac McClung,2022/23,2,10.0,0.55,36.4,12.5
1630201,Malachi Flynn,2022/23,53,4.57,0.4566,35.3,4.64
1631103,Malaki Branham,2022/23,66,9.26,0.5033,30.2,10.2
1627763,Malcolm Brogdon,2022/23,67,10.93,0.5738,44.4,14.93
1630792,Malcolm Hill,2022/23,5,0.8,0.625,33.3,1.0
1627736,Malik Beasley,2022/23,81,11.57,0.5203,35.7,12.65
1628370,Malik Monk,2022/23,77,10.34,0.5383,35.9,13.52
1630699,MarJon Beauchamp,2022/23,52,4.67,0.4918,33.1,5.12
202694,Marcus Morris Sr.,2022/23,65,9.89,0.5132,36.5,11.2
203935,Marcus Smart,2022/23,61,9.87,0.5108,33.6,11.52
1631109,Mark Williams,2022/23,43,5.84,0.6375,0.0,9.0
1628365,Markelle Fultz,2022/23,60,11.32,0.5339,31.0,13.95
202693,Markieff Morris,2022/23,35,3.29,0.5304,39.4,3.77
203486,Mason Plumlee,2022/23,79,6.13,0.6798,0.0,10.85
1629680,Matisse Thybulle,2022/23,71,3.56,0.5415,36.5,4.13
1630346,Matt Ryan,2022/23,34,3.18,0.5185,38.1,3.59
203521,Matthew Dellavedova,2022/23,32,1.56,0.43,33.3,1.47
1631108,Max Christie,2022/23,41,2.59,0.5377,41.9,3.12
1629622,Max Strus,2022/23,80,9.88,0.5348,35.0,11.54
1628467,Maxi Kleber,2022/23,37,4.57,0.571,34.8,5.95
203086,Meyers Leonard,2022/23,9,3.22,0.6034,38.9,4.78
1629662,Mfiondu Kabengele,2022/23,4,1.75,0.2857,0.0,1.5
1630695,Micah Potter,2022/23,7,2.14,0.8,57.1,3.43
203487,Michael Carter-Williams,2022/23,4,3.5,0.4643,33.3,4.25
1629008,Michael Porter Jr.,2022/23,62,13.18,0.6022,41.4,17.42
1628969,Mikal Bridges,2022/23,83,15.27,0.5347,38.2,20.13
201144,Mike Conley,2022/23,67,9.1,0.5385,38.5,11.91
203488,Mike Muscala,2022/23,63,4.63,0.5873,39.1,6.08
1630540,Miles McBride,2022/23,64,3.36,0.4512,29.9,3.47
1629011,Mitchell Robinson,2022/23,59,4.75,0.6714,0.0,7.37
1628420,Monte Morris,2022/23,62,8.31,0.5553,38.2,10.26
1626149,Montrezl Harrell,2022/23,57,3.67,0.5981,0.0,5.61
1629650,Moses Brown,2022/23,36,2.67,0.6354,0.0,4.31
1630541,Moses Moody,2022/23,63,3.6,0.5837,36.3,4.79
1631217,Moussa Diabaté,2022/23,22,2.14,0.5213,50.0,2.68
1626167,Myles Turner,2022/23,62,11.82,0.6119,37.3,17.95
1630230,Naji Marshall,2022/23,77,7.42,0.4904,30.3,9.06
1629642,Nassir Little,2022/23,54,5.61,0.538,36.7,6.65
1631466,Nate Williams,2022/23,5,7.8,0.6538,37.5,10.6
1630233,Nathan Knight,2022/23,38,2.13,0.6173,36.4,3.66
1629675,Naz Reid,2022/23,68,8.49,0.6023,34.6,11.49
1629674,Neemias Queta,2022/23,5,1.8,0.6667,0.0,2.4
203457,Nerlens Noel,2022/23,17,2.12,0.375,50.0,2.06
1629651,Nic Claxton,2022/23,76,7.72,0.7053,0.0,12.64
1630208,Nick Richards,2022/23,65,4.82,0.631,100.0,8.18
203999,Nikola Jokić,2022/23,69,14.81,0.66,38.3,24.49
1631107,Nikola Jović,2022/23,15,4.6,0.4638,22.9,5.47
202696,Nikola Vučević,2022/23,82,14.0,0.5727,34.9,17.65
203943,Noah Vonleh,2022/23,23,1.04,0.4792,25.0,1.09
1626181,Norman Powell,2022/23,60,11.83,0.5592,39.7,16.98
1630167,Obi Toppin,2022/23,67,6.25,0.5477,34.4,7.42
1630846,Olivier Sarr,2022/23,9,3.33,0.5167,12.5,4.0
1630209,Omer Yurtseven,2022/23,9,3.0,0.6481,42.9,4.44
1630168,Onyeka Okongwu,2022/23,80,6.21,0.6419,30.8,9.89
1631115,Orlando Robinson,2022/23,31,2.87,0.5281,0.0,3.74
1629052,Oshae Brissett,2022/23,65,4.91,0.4608,31.0,6.12
203490,Otto Porter Jr.,2022/23,8,3.75,0.6,35.3,5.5
1631172,Ousmane Dieng,2022/23,39,4.64,0.4917,26.5,4.95
200782,P.J. Tucker,2022/23,75,3.0,0.5489,39.3,3.55
1629023,P.J. Washington,2022/23,73,13.4,0.5199,34.8,15.67
1628408,PJ Dozier,2022/23,16,2.06,0.3333,12.5,1.38
1627783,Pascal Siakam,2022/23,71,18.49,0.5152,32.4,24.23
1626192,Pat Connaughton,2022/23,61,6.9,0.5214,33.9,7.64
201976,Patrick Beverley,2022/23,67,5.37,0.5111,33.5,6.19
1630172,Patrick Williams,2022/23,82,8.26,0.5487,41.5,10.16
201988,Patty Mills,2022/23,40,5.22,0.5287,36.6,6.15
202331,Paul George,2022/23,56,17.93,0.5359,37.1,23.79
1630194,Paul Reed,2022/23,69,3.03,0.5957,16.7,4.16
1630202,Payton Pritchard,2022/23,48,5.1,0.5265,36.4,5.62
1631212,Peyton Watson,2022/23,23,2.57,0.5424,42.9,3.26
1629656,Quentin Grimes,2022/23,71,8.48,0.5988,38.6,11.25
1631245,Quenton Jackson,2022/23,9,4.67,0.4643,8.3,6.22
1630181,R.J. Hampton,2022/23,47,5.04,0.5169,35.3,6.43
1629628,RJ Barrett,2022/23,73,16.11,0.4851,31.0,19.6
1630564,RaiQuan Gray,2022/23,1,12.0,0.5833,40.0,16.0
203526,Raul Neto,2022/23,48,2.29,0.5727,28.6,3.27
203493,Reggie Bullock Jr.,2022/23,78,6.03,0.5691,38.0,7.19
202704,Reggie Jackson,2022/23,68,9.41,0.4859,33.3,10.19
1626158,Richaun Holmes,2022/23,42,2.12,0.6461,62.5,3.1
201937,Ricky Rubio,2022/23,33,5.39,0.4017,25.6,5.18
203496,Robert Covington,2022/23,48,4.77,0.5633,39.7,6.0
1629057,Robert Williams III,2022/23,35,4.86,0.7471,0.0,7.97
201577,Robin Lopez,2022/23,37,2.03,0.6533,50.0,3.03
203585,Rodney McGruder,2022/23,32,4.75,0.5428,42.3,5.72
1629641,Romeo Langford,2022/23,43,6.02,0.4981,26.2,6.91
1631199,Ron Harper Jr.,2022/23,9,1.78,0.5938,33.3,2.22
1626220,Royce O'Neale,2022/23,76,7.8,0.5236,38.9,8.83
200752,Rudy Gay,2022/23,56,5.12,0.4373,25.4,5.23
203497,Rudy Gobert,2022/23,70,7.8,0.6593,0.0,13.41
1629060,Rui Hachimura,2022/23,63,9.27,0.53,31.9,11.22
201566,Russell Westbrook,2022/23,73,13.58,0.4808,31.1,15.88
1631157,Ryan Rollins,2022/23,12,1.67,0.425,33.3,1.92
1630240,Saben Lee,2022/23,25,4.84,0.4504,36.7,6.04
1630180,Saddiq Bey,2022/23,77,10.86,0.5126,36.1,13.79
1630573,Sam Hauser,2022/23,80,4.95,0.6313,41.8,6.4
1630241,Sam Merrill,2022/23,5,4.4,0.5227,27.8,5.0
1630572,Sandro Mamukelashvili,2022/23,43,5.35,0.487,30.3,6.12
1630567,Scottie Barnes,2022/23,77,13.19,0.4867,28.1,15.31
1630590,Scotty Pippen Jr.,2022/23,6,2.0,0.375,33.3,2.33
201586,Serge Ibaka,2022/23,16,3.38,0.537,33.3,4.12
203552,Seth Curry,2022/23,61,7.36,0.5679,40.5,9.2
1631101,Shaedon Sharpe,2022/23,80,8.1,0.5509,36.0,9.86
1628983,Shai Gilgeous-Alexander,2022/23,68,20.31,0.5308,34.5,31.4
1629003,Shake Milton,2022/23,76,6.62,0.5348,37.8,8.38
1630219,Skylar Mays,2022/23,6,11.33,0.5882,46.2,15.33
203915,Spencer Dinwiddie,2022/23,79,13.29,0.5243,36.9,17.33
1626169,Stanley Johnson,2022/23,30,4.07,0.6066,45.0,5.8
1630649,Stanley Umude,2022/23,1,1.0,0.0,0.0,2.0
201939,Stephen Curry,2022/23,56,20.23,0.6139,42.7,29.43
1628425,Sterling Brown,2022/23,4,1.0,0.0,0.0,0.0
1629004,Svi Mykhailiuk,2022/23,32,5.41,0.5665,42.4,6.94
204456,T.J. McConnell,2022/23,75,6.95,0.5681,44.1,8.67
203933,T.J. Warren,2022/23,42,6.43,0.5296,32.8,7.48
201959,Taj Gibson,2022/23,49,2.55,0.552,33.3,3.43
1629659,Talen Horton-Tucker,2022/23,65,9.43,0.4666,28.6,10.74
1631106,Tari Eason,2022/23,82,8.05,0.4932,34.3,9.27
1627752,Taurean Prince,2022/23,54,7.02,0.5646,38.1,9.13
1629611,Terance Mann,2022/23,81,6.47,0.5926,38.9,8.8
1629056,Terence Davis,2022/23,64,5.69,0.5453,36.6,6.73
203082,Terrence Ross,2022/23,63,7.38,0.5323,36.8,8.29
1626179,Terry Rozier,2022/23,63,18.86,0.4844,32.7,21.1
1630678,Terry Taylor,2022/23,31,2.42,0.5533,26.3,2.87
201152,Thaddeus Young,2022/23,54,3.67,0.5606,17.6,4.44
1629033,Theo Pinson,2022/23,40,2.17,0.4828,35.5,2.38
1628418,Thomas Bryant,2022/23,59,6.25,0.6585,44.1,9.81
203501,Tim Hardaway Jr.,2022/23,71,11.93,0.5266,38.5,14.35
202699,Tobias Harris,2022/23,74,11.42,0.5751,38.9,14.66
1628396,Tony Bradley,2022/23,12,1.0,0.625,60.0,1.58
1628470,Torrey Craig,2022/23,79,6.33,0.556,39.5,7.44
1629027,Trae Young,2022/23,73,19.04,0.4849,33.5,26.22
1630200,Tre Jones,2022/23,68,10.93,0.4892,28.5,12.87
1630544,Tre Mann,2022/23,67,7.48,0.4741,31.5,7.72
1630570,Trendon Watford,2022/23,62,5.21,0.5991,39.1,7.4
1630235,Trent Forrest,2022/23,23,2.61,0.4167,0.0,2.26
1630243,Trevelin Queen,2022/23,7,4.14,0.2759,13.3,3.0
1631309,Trevor Hudgins,2022/23,5,1.8,0.3333,25.0,1.8
1631211,Trevor Keels,2022/23,3,1.33,0.375,25.0,1.0
1630530,Trey Murphy III,2022/23,79,10.13,0.61,40.6,14.53
1628972,Troy Brown Jr.,2022/23,76,6.12,0.5452,38.1,7.12
1629660,Ty Jerome,2022/23,45,5.38,0.5599,38.9,6.87
1631102,TyTy Washington Jr.,2022/23,31,5.16,0.4219,23.8,4.68
1628416,Tyler Dorsey,2022/23,3,1.67,0.9,50.0,3.0
1629639,Tyler Herro,2022/23,67,16.55,0.5307,37.8,20.1
1630169,Tyrese Haliburton,2022/23,56,15.02,0.5856,40.0,20.71
1631213,Tyrese Martin,2022/23,16,1.44,0.413,14.3,1.31
1630178,Tyrese Maxey,2022/23,60,15.22,0.5685,43.4,20.3
1626145,Tyus Jones,2022/23,80,8.88,0.5232,37.1,10.28
2617,Udonis Haslem,2022/23,7,4.14,0.3966,33.3,3.86
1630586,Usman Garuba,2022/23,75,2.36,0.5537,40.7,3.0
1630176,Vernon Carey Jr.,2022/23,11,0.73,0.25,0.0,0.55
203506,Victor Oladipo,2022/23,42,9.6,0.4839,33.0,10.69
1631246,Vince Williams Jr.,2022/23,15,2.67,0.35,14.3,2.0
1630249,Vít Krejčí,2022/23,29,1.28,0.473,23.8,1.24
1631117,Walker Kessler,2022/23,74,5.59,0.721,33.3,9.18
1628976,Wendell Carter Jr.,2022/23,57,10.75,0.5905,35.6,15.23
1631111,Wendell Moore Jr.,2022/23,29,1.48,0.4419,11.8,1.45
1629117,Wenyen Gabriel,2022/23,68,3.82,0.6154,27.8,5.47
202083,Wesley Matthews,2022/23,52,3.08,0.4844,31.5,3.44
203115,Will Barton,2022/23,56,6.5,0.4698,36.7,6.77
1626195,Willy Hernangomez,2022/23,38,4.45,0.5355,27.3,6.89
1641645,Xavier Cooks,2022/23,10,2.8,0.6071,0.0,3.8
1629875,Xavier Moon,2022/23,4,2.25,0.3889,33.3,1.75
1630270,Xavier Sneed,2022/23,4,2.5,0.65,50.0,4.25
1630214,Xavier Tillman,2022/23,61,5.02,0.6209,26.7,7.03
1629139,Yuta Watanabe,2022/23,58,4.0,0.6207,44.4,5.55
1628380,Zach Collins,2022/23,63,8.7,0.5684,37.4,11.6
203897,Zach LaVine,2022/23,77,18.03,0.5584,37.5,24.84
1630192,Zeke Nnaji,2022/23,53,3.7,0.6046,26.2,5.23
1630533,Ziaire Williams,2022/23,37,5.3,0.4923,25.8,5.68
1629627,Zion Williamson,2022/23,29,16.17,0.6151,36.8,26.0
1630639,A.J. Lawson,2023/24,42,2.88,0.5,26.0,3.24
1631260,AJ Green,2023/24,56,3.5,0.5995,40.8,4.5
1631100,AJ Griffin,2023/24,20,3.1,0.371,25.6,2.4
203932,Aaron Gordon,2023/24,73,9.81,0.5838,29.0,13.88
1628988,Aaron Holiday,2023/24,78,5.35,0.5468,38.7,6.59
1630174,Aaron Nesmith,2023/24,72,8.82,0.6063,41.9,12.18
1630598,Aaron Wiggins,2023/24,78,4.83,0.6446,49.2,6.95
1641745,Adam Flagler,2023/24,2,3.5,0.2143,16.7,1.5
1641766,Adama Sanogo,2023/24,9,3.0,0.5185,0.0,4.0
1629678,Admiral Schofield,2023/24,23,1.13,0.5,37.5,1.13
201143,Al Horford,2023/24,65,6.45,0.6396,41.9,8.65
202692,Alec Burks,2023/24,66,8.62,0.478,37.6,10.44
1627936,Alex Caruso,2023/24,71,7.62,0.5933,40.8,10.07
1641788,Alex Fudge,2023/24,6,2.5,0.4333,20.0,2.5
203458,Alex Len,2023/24,48,1.69,0.6173,0.0,2.5
1631214,Alondes Williams,2023/24,7,1.14,0.25,0.0,0.71
1630578,Alperen Sengun,2023/24,63,15.59,0.5535,29.7,21.13
1641708,Amen Thompson,2023/24,62,7.19,0.5448,13.8,9.55
1629599,Amir Coffey,2023/24,70,5.03,0.571,38.0,6.61
203083,Andre Drummond,2023/24,79,6.08,0.5563,0.0,8.39
1641748,Andre Jackson Jr.,2023/24,57,1.75,0.585,37.0,2.19
1641847,Andrew Funk,2023/24,5,0.8,0.0,0.0,0.0
1629614,Andrew Nembhard,2023/24,68,7.68,0.5565,35.7,9.21
203952,Andrew Wiggins,2023/24,71,10.99,0.5109,35.8,13.23
1629014,Anfernee Simons,2023/24,46,18.2,0.5233,38.5,22.59
1641710,Anthony Black,2023/24,69,3.58,0.5405,39.4,4.58
203076,Anthony Davis,2023/24,76,16.88,0.567,27.1,24.68
1630162,Anthony Edwards,2023/24,79,19.72,0.5218,35.7,25.94
1630264,Anthony Gill,2023/24,50,3.2,0.5,24.4,3.78
1629717,Armoni Brooks,2023/24,10,4.6,0.4457,34.4,4.2
1630204,Ashton Hagans,2023/24,19,3.74,0.4648,32.0,4.21
1641709,Ausar Thompson,2023/24,63,7.62,0.5052,18.6,8.83
1630559,Austin Reaves,2023/24,82,11.46,0.5681,36.7,15.85
1630245,Ayo Dosunmu,2023/24,76,9.46,0.5834,40.3,12.16
1641767,Ben Sheppard,2023/24,57,4.02,0.5,31.4,4.42
1627732,Ben Simmons,2023/24,15,4.93,0.5811,0.0,6.13
1631097,Bennedict Mathurin,2023/24,59,11.24,0.5068,37.4,14.51
1641731,Bilal Coulibaly,2023/24,63,6.86,0.5093,34.6,8.44
202687,Bismack Biyombo,2023/24,40,3.27,0.5649,0.0,4.35
1631104,Blake Wesley,2023/24,61,3.52,0.5023,21.8,4.39
1626171,Bobby Portis,2023/24,82,11.2,0.5621,40.7,13.78
1629626,Bol Bol,2023/24,43,3.51,0.6887,42.3,5.19
1630538,Bones Hyland,2023/24,37,6.78,0.4741,32.6,6.92
203078,Bradley Beal,2023/24,53,13.87,0.5816,43.0,18.19
1641764,Brandin Podziemski,2023/24,74,8.07,0.5293,38.5,9.22
1630527,Brandon Boston,2023/24,32,5.03,0.4472,26.9,5.22
1629634,Brandon Clarke,2023/24,6,9.83,0.5678,16.7,11.33
1627742,Brandon Ingram,2023/24,64,15.89,0.5339,35.5,20.81
1641706,Brandon Miller,2023/24,74,14.64,0.5245,37.3,17.28
1630314,Brandon Williams,2023/24,17,3.18,0.3981,20.0,3.18
1630296,Braxton Key,2023/24,20,0.85,0.4706,40.0,1.1
1641729,Brice Sensabaugh,2023/24,32,6.81,0.4679,29.6,7.53
201572,Brook Lopez,2023/24,79,9.56,0.5828,36.6,12.53
1628971,Bruce Brown,2023/24,67,8.69,0.5232,32.3,10.84
1628981,Bruno Fernando,2023/24,45,4.16,0.5829,0.0,6.27
1631121,Bryce McGowens,2023/24,59,3.9,0.513,33.3,5.12
1631205,Buddy Boeheim,2023/24,10,2.9,0.4483,32.0,3.4
1627741,Buddy Hield,2023/24,84,10.12,0.5653,38.6,12.06
203468,CJ McCollum,2023/24,66,15.98,0.572,42.9,20.03
1630595,Cade Cunningham,2023/24,62,18.82,0.5,35.5,22.66
1631216,Caleb Houstan,2023/24,59,3.49,0.5631,37.3,4.29
1628997,Caleb Martin,2023/24,64,8.73,0.5036,34.9,10.0
1629629,Cam Reddish,2023/24,48,4.88,0.4679,33.6,5.42
1630560,Cam Thomas,2023/24,66,18.03,0.5025,36.4,22.45
1641715,Cam Whitmore,2023/24,47,9.94,0.5385,35.9,12.32
1629661,Cameron Johnson,2023/24,58,10.67,0.5574,39.1,13.38
1627747,Caris LeVert,2023/24,68,12.06,0.4866,32.5,14.0
1641717,Cason Wallace,2023/24,82,5.39,0.6018,41.9,6.84
1629646,Charles Bassey,2023/24,19,2.11,0.725,0.0,3.32
1629718,Charlie Brown Jr.,2023/24,8,1.25,0.3,28.6,0.75
1631096,Chet Holmgren,2023/24,82,11.62,0.5976,37.0,16.55
1629002,Chimezie Metu,2023/24,51,4.78,0.5615,29.8,6.51
1628449,Chris Boucher,2023/24,50,4.34,0.5783,33.0,6.44
1630537,Chris Duarte,2023/24,59,3.56,0.4857,34.6,3.9
1641753,Chris Livingston,2023/24,21,1.05,0.5227,20.0,1.24
101108,Chris Paul,2023/24,58,8.05,0.5246,37.1,9.19
1631128,Christian Braun,2023/24,82,5.89,0.5248,38.4,7.32
1626174,Christian Wood,2023/24,50,5.28,0.5322,30.7,6.94
1629643,Chuma Okeke,2023/24,47,2.38,0.4598,28.0,2.28
1629632,Coby White,2023/24,79,15.3,0.5339,37.6,19.1
1628998,Cody Martin,2023/24,28,7.68,0.4442,31.4,7.54
203469,Cody Zeller,2023/24,43,1.44,0.4274,33.3,1.77
1641732,Colby Jones,2023/24,30,2.37,0.4085,9.1,2.13
1631306,Cole Swider,2023/24,18,2.11,0.5263,33.3,2.33
1630658,Colin Castleton,2023/24,16,1.0,0.5625,0.0,1.5
1631221,Collin Gillespie,2023/24,24,2.88,0.5725,39.5,3.62
1629012,Collin Sexton,2023/24,78,13.31,0.5491,39.4,18.69
1630557,Corey Kispert,2023/24,80,9.93,0.602,38.3,13.38
202709,Cory Joseph,2023/24,26,2.46,0.4609,31.0,2.42
1641854,Craig Porter Jr.,2023/24,51,4.47,0.5351,35.3,5.59
1626156,D'Angelo Russell,2023/24,76,14.21,0.5602,41.5,18.01
1641793,D'Moi Hodge,2023/24,7,2.14,0.4333,25.0,2.0
1630618,D.J. Carton,2023/24,4,2.0,0.4375,25.0,2.75
1628391,D.J. Wilson,2023/24,2,3.0,0.8333,100.0,5.0
1629610,DaQuan Jeffries,2023/24,17,1.0,0.4118,20.0,0.82
1630227,Daishen Nix,2023/24,15,1.6,0.5,35.3,1.8
1631207,Dalen Terry,2023/24,59,2.66,0.4936,23.0,3.05
1627745,Damian Jones,2023/24,39,1.85,0.6181,21.4,2.74
203081,Damian Lillard,2023/24,73,17.49,0.5098,35.4,24.32
1629655,Daniel Gafford,2023/24,74,6.49,0.725,0.0,11.0
203957,Dante Exum,2023/24,55,5.49,0.6209,49.1,7.78
1627863,Danuel House Jr.,2023/24,34,3.09,0.519,30.0,4.24
1641727,Dariq Whitehead,2023/24,2,2.5,0.2,0.0,1.5
1629647,Darius Bazley,2023/24,9,3.33,0.6333,25.0,5.33
1629636,Darius Garland,2023/24,57,14.75,0.5244,37.1,18.04
1630561,David Duke Jr.,2023/24,4,4.5,0.6389,50.0,6.5
1631223,David Roddy,2023/24,65,6.29,0.4621,29.3,6.54
1630558,Davion Mitchell,2023/24,72,4.49,0.5402,36.1,5.26
1630549,Day'Ron Sharpe,2023/24,61,4.82,0.5782,26.7,6.8
1628368,De'Aaron Fox,2023/24,74,20.93,0.5339,36.9,26.57
1629631,De'Andre Hunter,2023/24,57,11.63,0.5468,38.5,15.63
1629001,De'Anthony Melton,2023/24,38,9.47,0.4931,36.0,11.08
201599,DeAndre Jordan,2023/24,36,2.58,0.6237,0.0,3.94
1630610,DeJon Jarreau,2023/24,9,5.56,0.38,30.8,4.78
201942,DeMar DeRozan,2023/24,79,17.15,0.5074,33.3,24.01
1629731,Dean Wade,2023/24,54,4.3,0.5841,39.1,5.39
1627749,Dejounte Murray,2023/24,78,18.76,0.528,36.3,22.47
1626153,Delon Wright,2023/24,47,4.0,0.4601,36.8,4.47
203471,Dennis Schröder,2023/24,80,11.59,0.5092,37.5,14.03
1628372,Dennis Smith Jr.,2023/24,56,6.04,0.4822,29.4,6.59
1641726,Dereck Lively II,2023/24,55,5.38,0.7466,0.0,8.78
1631220,Dereon Seabron,2023/24,6,2.17,0.3462,50.0,2.33
1627884,Derrick Jones Jr.,2023/24,76,6.51,0.5657,34.3,8.64
201565,Derrick Rose,2023/24,24,6.88,0.5061,36.6,7.96
1628401,Derrick White,2023/24,73,11.49,0.5781,39.6,15.16
1626164,Devin Booker,2023/24,68,19.19,0.5502,36.4,27.07
1630170,Devin Vassell,2023/24,68,15.53,0.5502,37.2,19.46
1628984,Devonte' Graham,2023/24,23,4.7,0.4676,30.1,4.96
1641926,Dexter Dennis,2023/24,4,4.75,0.5526,12.5,5.5
1628415,Dillon Brooks,2023/24,72,10.67,0.515,35.9,12.71
1631376,Dmytro Skapintsev,2023/24,2,0.5,0.0,0.0,0.0
1631230,Dominick Barlow,2023/24,33,3.42,0.5088,33.3,4.36
1628378,Donovan Mitchell,2023/24,55,19.8,0.5455,36.8,26.6
1628978,Donte DiVincenzo,2023/24,81,12.4,0.5842,40.1,15.54
1627827,Dorian Finney-Smith,2023/24,68,7.51,0.5352,34.8,8.53
203926,Doug McDermott,2023/24,64,4.44,0.5986,41.0,5.48
203110,Draymond Green,2023/24,55,6.76,0.5659,39.5,8.64
1629234,Drew Eubanks,2023/24,75,3.37,0.6067,100.0,5.05
1641809,Drew Peterson,2023/24,3,2.0,0.9167,60.0,3.67
1630696,Dru Smith,2023/24,9,3.67,0.5606,41.2,4.33
1629130,Duncan Robinson,2023/24,68,9.93,0.5889,39.5,12.87
1641871,Duop Reath,2023/24,68,7.34,0.5491,35.9,9.07
203939,Dwight Powell,2023/24,63,1.68,0.684,33.3,3.3
1629685,Dylan Windler,2023/24,17,1.76,0.7167,48.1,2.53
1630700,Dyson Daniels,2023/24,61,5.1,0.5145,31.1,5.8
1630604,E.J. Liddell,2023/24,8,0.75,0.1667,0.0,0.5
1641734,Emoni Bates,2023/24,15,3.27,0.4082,30.3,2.73
201569,Eric Gordon,2023/24,68,9.09,0.5647,37.8,11.01
203095,Evan Fournier,2023/24,32,6.91,0.4321,25.4,6.88
1630596,Evan Mobley,2023/24,50,11.04,0.5996,37.3,15.7
1628373,Frank Ntilikina,2023/24,5,1.8,0.1667,12.5,1.0
1630532,Franz Wagner,2023/24,72,15.22,0.5246,28.1,19.74
1627832,Fred VanVleet,2023/24,73,13.95,0.527,38.7,17.4
1641713,GG Jackson,2023/24,48,11.73,0.5187,35.7,14.56
1629216,Gabe Vincent,2023/24,11,4.45,0.3367,10.7,3.09
202066,Garrett Temple,2023/24,27,2.89,0.4487,30.0,3.26
1629726,Garrison Mathews,2023/24,66,3.42,0.6438,44.0,4.92
203914,Gary Harris,2023/24,54,5.5,0.569,37.1,6.89
1627780,Gary Payton II,2023/24,44,4.16,0.6175,36.4,5.45
1629018,Gary Trent Jr.,2023/24,71,11.93,0.5313,39.3,13.72
1627777,Georges Niang,2023/24,82,7.71,0.5672,37.6,9.37
202330,Gordon Hayward,2023/24,51,7.9,0.5099,41.1,9.8
1641711,Gradey Dick,2023/24,60,7.42,0.5236,36.5,8.5
1629684,Grant Williams,2023/24,76,7.96,0.5603,37.5,10.32
1630535,Greg Brown III,2023/24,6,1.83,0.5,33.3,2.5
1630611,Gui Santos,2023/24,23,2.39,0.6,37.0,3.57
203084,Harrison Barnes,2023/24,82,8.93,0.5758,38.7,12.2
1628385,Harry Giles III,2023/24,23,2.17,0.49,21.4,2.43
1629312,Haywood Highsmith,2023/24,66,4.98,0.5805,39.6,6.14
1630929,Henri Drell,2023/24,4,2.5,0.5,33.3,2.75
1630529,Herbert Jones,2023/24,76,7.74,0.5952,41.8,11.01
1641816,Hunter Tyson,2023/24,18,1.11,0.5,28.6,1.11
1630193,Immanuel Quickley,2023/24,68,13.15,0.5296,39.5,17.0
1630171,Isaac Okoro,2023/24,69,6.96,0.5771,39.1,9.38
1628392,Isaiah Hartenstein,2023/24,75,4.87,0.6452,33.3,7.76
1630543,Isaiah Jackson,2023/24,60,3.88,0.6652,0.0,6.38
1630198,Isaiah Joe,2023/24,78,6.22,0.6093,41.6,8.15
1630587,Isaiah Livers,2023/24,23,5.04,0.4397,28.6,4.96
1630600,Isaiah Mobley,2023/24,10,2.4,0.4792,30.0,2.3
1630191,Isaiah Stewart,2023/24,46,8.3,0.5746,38.3,10.93
202738,Isaiah Thomas,2023/24,6,1.67,0.4,50.0,1.33
1631209,Isaiah Wong,2023/24,1,3.0,0.3333,0.0,2.0
202397,Ish Smith,2023/24,43,3.67,0.4304,50.0,3.23
1630688,Ish Wainright,2023/24,11,2.18,0.4375,35.0,2.09
1627826,Ivica Zubac,2023/24,68,7.63,0.6493,0.0,11.68
1631167,Izaiah Brockington,2023/24,1,5.0,0.4,0.0,4.0
1631120,JD Davison,2023/24,8,1.5,0.5417,42.9,2.0
1630550,JT Thor,2023/24,63,2.9,0.5137,34.6,3.16
1629630,Ja Morant,2023/24,9,18.89,0.5118,27.5,25.11
201580,JaVale McGee,2023/24,46,2.87,0.6023,14.3,4.02
1631095,Jabari Smith Jr.,2023/24,76,10.96,0.5366,36.3,13.74
1631133,Jabari Walker,2023/24,72,7.07,0.5,29.5,8.86
1631298,Jack White,2023/24,4,4.0,0.1875,20.0,1.5
1631367,Jacob Gilyard,2023/24,41,3.66,0.57,40.5,4.22
1631210,Jacob Toppin,2023/24,9,1.0,0.6111,25.0,1.44
1630702,Jaden Hardy,2023/24,73,6.56,0.4916,36.2,7.26
1631093,Jaden Ivey,2023/24,77,12.64,0.4923,33.6,15.39
1630183,Jaden McDaniels,2023/24,72,8.72,0.5573,33.7,10.51
1630531,Jaden Springer,2023/24,49,3.02,0.4324,20.8,3.33
203109,Jae Crowder,2023/24,50,5.4,0.5296,34.9,6.24
1630256,Jae'Sean Tate,2023/24,65,3.52,0.5218,29.9,4.08
1630186,Jahmi'us Ramsey,2023/24,7,5.86,0.5122,27.3,6.71
1631170,Jaime Jaquez Jr.,2023/24,75,9.29,0.5359,32.2,11.85
1631222,Jake LaRavia,2023/24,35,8.66,0.4769,34.0,10.83
1627751,Jakob Poeltl,2023/24,50,7.56,0.6561,0.0,11.1
1628973,Jalen Brunson,2023/24,77,21.4,0.5434,40.1,28.73
1630622,Jalen Crutcher,2023/24,1,1.0,0.0,0.0,0.0
1631105,Jalen Duren,2023/24,61,9.25,0.6188,0.0,13.79
1630224,Jalen Green,2023/24,82,16.24,0.4981,33.2,19.63
1641720,Jalen Hood-Schifino,2023/24,21,2.14,0.2444,13.3,1.62
1630552,Jalen Johnson,2023/24,56,12.54,0.562,35.5,16.0
1629667,Jalen McDaniels,2023/24,50,3.78,0.3757,16.9,3.38
1629618,Jalen Pickett,2023/24,27,1.3,0.5571,36.0,1.56
1641771,Jalen Slawson,2023/24,12,0.5,0.6667,0.0,0.67
1630188,Jalen Smith,2023/24,61,6.48,0.6696,42.4,9.85
1630591,Jalen Suggs,2023/24,75,9.52,0.5777,39.7,12.57
1631114,Jalen Williams,2023/24,71,13.99,0.5916,42.7,19.08
1630592,Jalen Wilson,2023/24,43,4.16,0.4916,32.4,4.98
1631288,Jamal Cain,2023/24,26,3.04,0.5,35.5,3.73
1627750,Jamal Murray,2023/24,59,16.71,0.5543,42.5,21.19
1631123,Jamaree Bouyea,2023/24,9,3.11,0.375,11.1,2.33
1630547,James Bouknight,2023/24,14,2.93,0.5976,43.3,3.57
201935,James Harden,2023/24,72,11.42,0.5414,38.1,16.56
201949,James Johnson,2023/24,9,1.11,0.3,0.0,0.89
1630164,James Wiseman,2023/24,63,4.84,0.6131,0.0,7.08
1641716,Jarace Walker,2023/24,33,3.33,0.5091,40.0,3.64
1630215,Jared Butler,2023/24,40,5.03,0.5473,30.8,6.28
1631197,Jared Rhoden,2023/24,17,3.88,0.5909,38.7,4.88
1628991,Jaren Jackson Jr.,2023/24,66,17.59,0.4948,32.0,22.52
1629020,Jarred Vanderbilt,2023/24,29,3.93,0.5526,29.6,5.17
1630554,Jason Preston,2023/24,7,2.71,0.3158,0.0,1.71
1631241,Javon Freeman-Liberty,2023/24,22,5.64,0.4839,23.8,6.95
1629750,Javonte Green,2023/24,9,8.33,0.6667,37.0,12.22
1629637,Jaxson Hayes,2023/24,70,2.5,0.72,0.0,4.33
1630643,Jay Huff,2023/24,20,0.75,0.7,33.3,1.15
1627759,Jaylen Brown,2023/24,70,17.94,0.5569,35.4,23.0
1629669,Jaylen Nowell,2023/24,13,6.0,0.4744,20.7,6.23
1631119,Jaylin Williams,2023/24,69,3.3,0.5329,36.8,4.0
1628369,Jayson Tatum,2023/24,74,19.27,0.5515,37.6,26.85
1630288,Jeff Dowtin Jr.,2023/24,12,3.0,0.6806,47.4,4.33
201145,Jeff Green,2023/24,78,4.69,0.5287,33.1,6.53
203924,Jerami Grant,2023/24,54,15.74,0.5159,40.2,20.96
1630526,Jeremiah Robinson-Earl,2023/24,39,2.44,0.5421,33.3,2.95
1631110,Jeremy Sochan,2023/24,74,10.49,0.4832,30.8,11.64
1630579,Jericho Sims,2023/24,45,1.22,0.6909,0.0,2.04
1631257,Jermaine Samuels Jr.,2023/24,14,1.0,0.6429,0.0,1.43
1629010,Jerome Robinson,2023/24,22,1.5,0.3636,11.8,1.41
1641724,Jett Howard,2023/24,18,1.67,0.45,28.0,1.61
1628975,Jevon Carter,2023/24,72,5.07,0.4836,32.9,4.96
202710,Jimmy Butler III,2023/24,60,13.22,0.5372,41.4,20.77
1629111,Jock Landale,2023/24,56,3.68,0.5388,25.0,4.89
203925,Joe Harris,2023/24,16,2.44,0.4872,33.3,2.44
203954,Joel Embiid,2023/24,39,21.82,0.5605,38.8,34.69
1628381,John Collins,2023/24,68,10.97,0.5898,37.1,15.1
1629723,John Konchar,2023/24,55,3.78,0.5144,31.7,4.27
1631098,Johnny Davis,2023/24,50,3.08,0.4481,35.0,3.04
1630548,Johnny Juzang,2023/24,20,5.5,0.6091,41.6,7.2
1628371,Jonathan Isaac,2023/24,58,4.93,0.5839,37.5,6.78
1630228,Jonathan Kuminga,2023/24,74,11.65,0.5597,32.1,16.05
1629007,Jontay Porter,2023/24,26,4.0,0.4808,33.3,4.42
203903,Jordan Clarkson,2023/24,55,14.84,0.4688,29.4,17.13
1630259,Jordan Ford,2023/24,6,1.17,0.7143,66.7,2.0
1630692,Jordan Goodwin,2023/24,57,6.7,0.4241,29.8,6.46
1641722,Jordan Hawkins,2023/24,67,6.81,0.5011,36.6,7.82
1629162,Jordan McLaughlin,2023/24,56,2.59,0.6276,47.2,3.48
1641757,Jordan Miller,2023/24,8,1.12,0.6111,50.0,1.62
1629670,Jordan Nwora,2023/24,52,5.75,0.5351,33.6,7.0
1629673,Jordan Poole,2023/24,78,15.21,0.4907,32.6,17.38
1641775,Jordan Walsh,2023/24,9,1.67,0.4667,22.2,1.67
1630581,Josh Giddey,2023/24,80,10.59,0.523,33.7,12.32
1630182,Josh Green,2023/24,57,6.56,0.5749,38.5,8.23
1628404,Josh Hart,2023/24,81,8.38,0.4934,31.0,9.4
1631169,Josh Minott,2023/24,32,1.12,0.5278,40.0,1.56
1629006,Josh Okogie,2023/24,60,3.43,0.4879,30.9,4.62
1626196,Josh Richardson,2023/24,43,8.07,0.5389,34.7,9.88
1630563,Joshua Primo,2023/24,2,1.5,0.3333,0.0,1.0
201950,Jrue Holiday,2023/24,69,9.99,0.5806,42.9,12.46
1629308,Juan Toscano-Anderson,2023/24,11,1.09,0.2917,25.0,0.64
1631262,Jules Bernard,2023/24,19,3.37,0.5391,37.9,3.89
1630577,Julian Champagnie,2023/24,74,5.43,0.5336,36.5,6.81
1641763,Julian Phillips,2023/24,40,1.93,0.4935,31.6,2.23
1631124,Julian Strawther,2023/24,50,4.44,0.4617,29.7,4.54
203944,Julius Randle,2023/24,46,18.17,0.5179,31.1,23.96
1630551,Justin Champagnie,2023/24,15,5.2,0.4936,28.9,5.93
203200,Justin Holiday,2023/24,58,3.34,0.5954,40.4,4.03
1631303,Justin Minaya,2023/24,34,2.18,0.3784,24.5,1.79
1630231,KJ Martin,2023/24,60,3.02,0.558,28.6,3.73
1629232,Kaiser Gates,2023/24,1,4.0,0.0,0.0,0.0
1626157,Karl-Anthony Towns,2023/24,62,15.34,0.5752,41.6,21.76
202695,Kawhi Leonard,2023/24,68,17.09,0.5852,41.7,23.72
1631099,Keegan Murray,2023/24,77,12.66,0.5482,35.8,15.22
1628966,Keita Bates-Diop,2023/24,53,3.13,0.497,30.4,3.72
1629640,Keldon Johnson,2023/24,69,12.49,0.5273,34.6,15.71
203482,Kelly Olynyk,2023/24,78,6.37,0.6157,38.7,9.77
1626162,Kelly Oubre Jr.,2023/24,68,12.91,0.4983,31.1,15.43
1631112,Kendall Brown,2023/24,15,1.0,0.5333,0.0,1.4
1631254,Kenneth Lofton Jr.,2023/24,21,3.71,0.5064,29.2,4.57
1629026,Kenrich Williams,2023/24,69,4.06,0.5679,39.7,4.71
203484,Kentavious Caldwell-Pope,2023/24,76,7.72,0.5664,40.6,10.08
1631165,Keon Ellis,2023/24,57,4.07,0.6121,41.7,5.44
1630553,Keon Johnson,2023/24,5,4.2,0.4762,40.0,6.2
1630556,Kessler Edwards,2023/24,54,1.52,0.5366,38.5,1.72
201142,Kevin Durant,2023/24,75,19.15,0.5815,41.3,27.09
1628989,Kevin Huerter,2023/24,64,8.75,0.5527,36.1,10.23
1628995,Kevin Knox II,2023/24,31,6.0,0.5457,33.0,7.19
201567,Kevin Love,2023/24,55,6.53,0.5571,34.4,8.82
1630284,Kevon Harris,2023/24,2,1.5,0.6667,0.0,2.0
1626172,Kevon Looney,2023/24,74,3.15,0.5966,0.0,4.51
1641749,Keyontae Johnson,2023/24,9,1.78,0.3438,33.3,1.22
1641718,Keyonte George,2023/24,75,10.87,0.4816,33.4,12.99
203114,Khris Middleton,2023/24,55,11.69,0.5661,38.1,15.05
1630165,Killian Hayes,2023/24,42,6.74,0.4523,29.7,6.88
1630184,Kira Lewis Jr.,2023/24,28,3.29,0.3913,12.1,3.18
202691,Klay Thompson,2023/24,77,14.71,0.5508,38.7,17.86
1641738,Kobe Brown,2023/24,44,2.05,0.4889,29.2,2.02
1641723,Kobe Bufkin,2023/24,17,5.41,0.4185,22.5,4.76
1627739,Kris Dunn,2023/24,66,4.74,0.5351,36.9,5.41
1631200,Kris Murray,2023/24,62,5.9,0.4631,26.8,6.06
204001,Kristaps Porziņģis,2023/24,57,13.19,0.5891,37.5,20.09
1628398,Kyle Kuzma,2023/24,70,18.76,0.5206,33.6,22.19
200768,Kyle Lowry,2023/24,60,6.28,0.5623,39.2,8.12
202681,Kyrie Irving,2023/24,58,19.5,0.5734,41.1,25.64
1630205,Lamar Stevens,2023/24,38,6.32,0.4792,30.4,7.16
1629013,Landry Shamet,2023/24,46,5.96,0.5274,33.8,7.11
1626204,Larry Nance Jr.,2023/24,61,3.95,0.6286,41.5,5.74
1628374,Lauri Markkanen,2023/24,55,16.18,0.5781,39.9,23.24
2544,LeBron James,2023/24,71,17.87,0.5985,41.0,25.66
1641778,Leaky Black,2023/24,26,2.0,0.5673,45.0,2.65
1631159,Leonard Miller,2023/24,17,1.18,0.7,40.0,1.71
1631311,Lester Quinones,2023/24,37,3.81,0.5106,36.4,4.43
1629623,Lindell Wigginton,2023/24,3,1.67,0.4,0.0,2.0
1630322,Lindy Waters III,2023/24,38,2.74,0.649,43.5,3.61
1629022,Lonnie Walker IV,2023/24,58,8.48,0.5285,38.4,9.74
1629652,Luguentz Dort,2023/24,79,8.32,0.5571,39.4,10.89
1630568,Luka Garza,2023/24,25,3.0,0.54,28.1,3.96
1628379,Luke Kennard,2023/24,39,8.08,0.6175,45.0,11.0
1628436,Luke Kornet,2023/24,63,3.22,0.702,100.0,5.3
1630201,Malachi Flynn,2023/24,69,4.71,0.5046,33.1,5.51
1631103,Malaki Branham,2023/24,75,8.37,0.5056,34.7,9.2
1627763,Malcolm Brogdon,2023/24,39,12.72,0.5222,41.2,15.72
1627736,Malik Beasley,2023/24,79,9.14,0.5983,41.3,11.25
1628370,Malik Monk,2023/24,72,12.4,0.5263,35.0,15.42
1642013,Malik Williams,2023/24,7,4.86,0.2794,20.0,2.71
1641970,Maozinha Pereira,2023/24,7,5.0,0.5857,38.5,6.86
1630699,MarJon Beauchamp,2023/24,48,3.46,0.5783,40.0,4.4
202694,Marcus Morris Sr.,2023/24,49,5.39,0.5303,40.3,6.45
1631204,Marcus Sasser,2023/24,71,7.21,0.5156,37.5,8.25
203935,Marcus Smart,2023/24,20,11.85,0.519,31.3,14.45
1631109,Mark Williams,2023/24,19,7.95,0.649,0.0,12.74
1628365,Markelle Fultz,2023/24,43,7.58,0.4785,22.2,7.79
202693,Markieff Morris,2023/24,26,2.62,0.4485,35.7,2.54
1641806,Markquis Nowell,2023/24,1,1.0,0.0,0.0,2.0
1629716,Marques Bolden,2023/24,11,2.27,0.68,0.0,3.36
1630222,Mason Jones,2023/24,5,1.6,0.375,28.6,1.4
203486,Mason Plumlee,2023/24,46,3.33,0.5686,0.0,5.3
1629680,Matisse Thybulle,2023/24,65,4.88,0.5237,34.6,5.45
1630562,Matt Hurt,2023/24,8,4.25,0.4265,25.0,4.0
1630346,Matt Ryan,2023/24,28,4.04,0.615,45.1,5.43
1631108,Max Christie,2023/24,67,3.6,0.5145,35.6,4.24
1629622,Max Strus,2023/24,70,10.4,0.533,35.1,12.19
1628467,Maxi Kleber,2023/24,43,3.4,0.5411,34.8,4.44
1641721,Maxwell Lewis,2023/24,34,0.62,0.2143,11.1,0.32
1630695,Micah Potter,2023/24,16,2.5,0.5875,42.9,3.31
1629008,Michael Porter Jr.,2023/24,81,13.32,0.5857,39.7,16.74
1628969,Mikal Bridges,2023/24,82,15.78,0.5209,37.2,19.59
201144,Mike Conley,2023/24,76,8.47,0.5955,44.2,11.43
203488,Mike Muscala,2023/24,53,2.94,0.4487,29.2,2.96
1628970,Miles Bridges,2023/24,69,17.54,0.5269,34.9,21.0
1630540,Miles McBride,2023/24,68,6.68,0.5716,41.0,8.26
1629011,Mitchell Robinson,2023/24,31,4.1,0.5748,0.0,5.58
1628420,Monte Morris,2023/24,33,4.64,0.4935,38.6,4.97
1629650,Moses Brown,2023/24,22,2.95,0.5077,0.0,3.41
1630541,Moses Moody,2023/24,66,6.36,0.5476,36.0,8.08
1631338,Mouhamadou Gueye,2023/24,11,3.45,0.2895,0.0,2.36
1631243,Mouhamed Gueye,2023/24,6,3.83,0.413,33.3,4.0
1631217,Moussa Diabaté,2023/24,11,1.73,0.5263,0.0,2.64
1626167,Myles Turner,2023/24,77,11.81,0.5875,35.8,17.05
1630230,Naji Marshall,2023/24,66,5.56,0.5422,38.7,7.06
1629642,Nassir Little,2023/24,45,2.76,0.5444,30.0,3.38
1630207,Nate Hinton,2023/24,15,1.73,0.5577,50.0,2.2
1631466,Nate Williams,2023/24,22,2.27,0.56,40.0,2.86
1629675,Naz Reid,2023/24,81,10.51,0.5764,41.4,13.46
1629674,Neemias Queta,2023/24,28,3.71,0.6442,0.0,5.5
1629651,Nic Claxton,2023/24,71,8.2,0.6297,20.0,11.85
1630208,Nick Richards,2023/24,67,5.61,0.6915,0.0,9.73
1641733,Nick Smith Jr.,2023/24,51,5.67,0.5,43.2,5.92
203999,Nikola Jokić,2023/24,79,17.86,0.612,35.9,26.39
1631107,Nikola Jović,2023/24,46,6.11,0.5676,39.9,7.65
202696,Nikola Vučević,2023/24,76,15.93,0.5219,29.4,18.03
1641730,Noah Clowney,2023/24,23,4.04,0.6022,36.4,5.78
1626181,Norman Powell,2023/24,76,10.11,0.5944,43.5,13.89
1630167,Obi Toppin,2023/24,82,7.06,0.6615,40.3,10.28
1630846,Olivier Sarr,2023/24,15,1.27,0.6316,33.3,2.27
1641765,Olivier-Maxence Prosper,2023/24,40,2.6,0.4471,28.9,3.02
1630209,Omer Yurtseven,2023/24,48,3.83,0.5516,20.8,4.62
1630168,Onyeka Okongwu,2023/24,55,6.64,0.6425,33.3,10.2
1631115,Orlando Robinson,2023/24,36,2.0,0.5556,53.3,2.75
1631131,Oscar Tshiebwe,2023/24,8,2.5,0.5,0.0,3.25
1629052,Oshae Brissett,2023/24,55,2.78,0.4935,27.3,3.65
203490,Otto Porter Jr.,2023/24,15,2.2,0.5455,34.8,2.6
1631172,Ousmane Dieng,2023/24,33,3.52,0.5129,30.0,4.03
200782,P.J. Tucker,2023/24,31,1.61,0.49,37.1,1.68
1629023,P.J. Washington,2023/24,73,11.11,0.5179,32.0,12.86
1627783,Pascal Siakam,2023/24,80,15.89,0.5692,34.6,21.71
1626192,Pat Connaughton,2023/24,76,4.57,0.5533,34.5,5.63
1630311,Pat Spencer,2023/24,6,0.67,0.5,0.0,0.67
201976,Patrick Beverley,2023/24,73,5.19,0.4974,33.7,6.18
1630172,Patrick Williams,2023/24,43,8.35,0.5251,39.9,9.98
201988,Patty Mills,2023/24,32,4.09,0.4427,27.6,3.97
202331,Paul George,2023/24,74,16.7,0.5692,41.3,22.58
1630194,Paul Reed,2023/24,82,5.85,0.5615,36.8,7.32
1630202,Payton Pritchard,2023/24,82,7.74,0.5835,38.5,9.6
1631250,Pete Nance,2023/24,8,0.75,0.25,100.0,0.38
1631212,Peyton Watson,2023/24,80,5.59,0.5157,29.6,6.65
1629656,Quentin Grimes,2023/24,51,6.43,0.4954,33.8,7.04
1631245,Quenton Jackson,2023/24,3,0.33,0.0,0.0,0.67
1630181,R.J. Hampton,2023/24,8,1.75,0.3214,12.5,1.25
1629628,RJ Barrett,2023/24,58,15.17,0.5466,36.0,20.17
1630564,RaiQuan Gray,2023/24,3,5.67,0.6765,42.9,7.67
1641712,Rayan Rupert,2023/24,39,4.13,0.4224,35.9,3.97
203493,Reggie Bullock Jr.,2023/24,44,1.86,0.5793,40.3,2.18
202704,Reggie Jackson,2023/24,82,9.22,0.4987,35.9,10.16
1626158,Richaun Holmes,2023/24,40,3.67,0.5612,33.3,4.97
1641741,Ricky Council IV,2023/24,32,3.5,0.5357,37.5,5.41
203496,Robert Covington,2023/24,29,3.38,0.5357,33.9,4.38
1629057,Robert Williams III,2023/24,6,4.33,0.6538,0.0,6.83
201577,Robin Lopez,2023/24,16,1.19,0.4211,25.0,1.12
1626220,Royce O'Neale,2023/24,79,6.82,0.5417,37.0,7.7
203497,Rudy Gobert,2023/24,76,8.08,0.6612,0.0,13.96
1629060,Rui Hachimura,2023/24,68,9.94,0.6095,42.2,13.57
201566,Russell Westbrook,2023/24,68,9.75,0.4857,27.3,11.09
1631157,Ryan Rollins,2023/24,13,2.08,0.5741,75.0,3.38
1630240,Saben Lee,2023/24,24,2.29,0.3818,12.5,2.96
1630180,Saddiq Bey,2023/24,63,11.06,0.4971,31.6,13.7
1630573,Sam Hauser,2023/24,79,7.06,0.6228,42.4,9.01
1630241,Sam Merrill,2023/24,61,6.44,0.584,40.4,7.95
1630572,Sandro Mamukelashvili,2023/24,46,3.37,0.5323,29.7,4.13
1628426,Sasha Vezenkov,2023/24,42,4.55,0.5576,37.5,5.36
1630703,Scoot Henderson,2023/24,62,12.85,0.4398,32.5,14.0
1630567,Scottie Barnes,2023/24,60,15.7,0.5281,34.1,19.85
1630590,Scotty Pippen Jr.,2023/24,21,9.67,0.5665,41.7,12.9
203552,Seth Curry,2023/24,44,4.64,0.4853,35.2,5.14
1641754,Seth Lundy,2023/24,9,1.89,0.3235,23.1,1.56
1631101,Shaedon Sharpe,2023/24,32,13.56,0.4747,33.3,15.94
1628983,Shai Gilgeous-Alexander,2023/24,75,19.83,0.5672,35.3,30.05
1629003,Shake Milton,2023/24,48,4.06,0.4513,28.1,4.5
1631321,Sidy Cissoko,2023/24,12,2.75,0.5,8.3,3.75
1630219,Skylar Mays,2023/24,38,4.18,0.4465,29.6,4.08
203915,Spencer Dinwiddie,2023/24,76,8.42,0.4891,33.7,10.46
1630649,Stanley Umude,2023/24,24,3.5,0.5833,45.3,5.29
201939,Stephen Curry,2023/24,74,19.53,0.5734,40.8,26.43
1629004,Svi Mykhailiuk,2023/24,41,3.34,0.5693,38.9,3.95
204456,T.J. McConnell,2023/24,71,8.35,0.5717,40.9,10.24
203933,T.J. Warren,2023/24,11,3.73,0.4634,15.4,3.73
201959,Taj Gibson,2023/24,20,1.85,0.4324,20.0,1.7
1629659,Talen Horton-Tucker,2023/24,51,9.12,0.4602,33.0,10.12
1631106,Tari Eason,2023/24,22,8.59,0.5132,36.0,9.77
1627752,Taurean Prince,2023/24,78,7.33,0.5656,39.6,8.94
1641707,Taylor Hendricks,2023/24,40,6.0,0.5604,37.9,7.3
1631386,Taze Moore,2023/24,4,4.75,0.4474,14.3,4.5
1629611,Terance Mann,2023/24,75,6.57,0.5872,34.8,8.77
1631173,Terquavion Smith,2023/24,16,2.88,0.5326,37.1,3.25
1626179,Terry Rozier,2023/24,61,16.36,0.5175,36.3,19.75
1630678,Terry Taylor,2023/24,31,1.26,0.5385,22.2,1.48
201152,Thaddeus Young,2023/24,33,3.27,0.6065,14.3,4.15
1628418,Thomas Bryant,2023/24,38,3.92,0.5906,18.2,5.71
203501,Tim Hardaway Jr.,2023/24,79,12.35,0.5097,35.3,14.42
1641851,Timmy Allen,2023/24,5,4.6,0.2609,0.0,2.6
202699,Tobias Harris,2023/24,70,13.59,0.5347,35.3,17.2
1628470,Torrey Craig,2023/24,53,4.74,0.5498,39.2,5.72
1641787,Tosan Evbuomwan,2023/24,17,4.18,0.5915,37.5,5.94
1641739,Toumani Camara,2023/24,70,6.26,0.516,33.7,7.53
1629027,Trae Young,2023/24,54,18.67,0.5164,37.3,25.72
1631218,Trayce Jackson-Davis,2023/24,68,4.88,0.7018,0.0,7.94
1630200,Tre Jones,2023/24,77,7.79,0.5583,33.5,10.01
1630544,Tre Mann,2023/24,41,7.71,0.5332,37.3,9.32
1630570,Trendon Watford,2023/24,63,4.94,0.5707,39.7,6.86
1630235,Trent Forrest,2023/24,38,2.37,0.3889,20.0,2.18
1630243,Trevelin Queen,2023/24,14,2.71,0.4079,17.6,2.86
1641998,Trey Jemison III,2023/24,25,5.44,0.5515,0.0,6.84
1630530,Trey Murphy III,2023/24,57,10.89,0.5789,38.0,14.77
202684,Tristan Thompson,2023/24,49,2.43,0.6134,0.0,3.29
1641774,Tristan Vukcevic,2023/24,10,6.7,0.5075,27.8,8.5
1628972,Troy Brown Jr.,2023/24,59,3.83,0.4757,33.3,4.19
1629660,Ty Jerome,2023/24,2,2.0,0.5,0.0,2.0
1631102,TyTy Washington Jr.,2023/24,11,1.82,0.35,33.3,1.27
1629639,Tyler Herro,2023/24,42,17.5,0.5306,39.6,20.83
1630169,Tyrese Haliburton,2023/24,69,15.19,0.5701,36.4,20.13
1630178,Tyrese Maxey,2023/24,70,20.27,0.5243,37.3,25.94
1626145,Tyus Jones,2023/24,66,10.09,0.5691,41.4,11.97
1630586,Usman Garuba,2023/24,6,1.0,0.1667,0.0,0.5
1641705,Victor Wembanyama,2023/24,71,16.7,0.5185,32.5,21.44
1631246,Vince Williams Jr.,2023/24,52,7.29,0.5501,37.8,10.02
1630249,Vít Krejčí,2023/24,22,4.73,0.625,41.2,6.14
1631117,Walker Kessler,2023/24,64,5.47,0.66,21.1,8.09
1628976,Wendell Carter Jr.,2023/24,55,7.73,0.6,37.4,10.96
1631111,Wendell Moore Jr.,2023/24,25,0.72,0.5,0.0,0.72
1629117,Wenyen Gabriel,2023/24,5,4.4,0.3864,16.7,3.4
202083,Wesley Matthews,2023/24,36,2.69,0.4742,34.8,3.06
1629875,Xavier Moon,2023/24,14,3.29,0.3478,11.8,2.36
1630214,Xavier Tillman,2023/24,54,5.17,0.4695,24.7,5.26
1629139,Yuta Watanabe,2023/24,34,3.41,0.4612,29.4,3.44
1628380,Zach Collins,2023/24,69,8.93,0.5308,32.0,11.25
203897,Zach LaVine,2023/24,25,15.04,0.5306,34.9,19.48
1630285,Zavier Simpson,2023/24,7,7.71,0.3611,29.4,6.0
1630192,Zeke Nnaji,2023/24,58,2.57,0.4832,26.1,3.21
1630533,Ziaire Williams,2023/24,51,7.41,0.4735,30.7,8.24
1629627,Zion Williamson,2023/24,70,15.63,0.5731,33.3,22.87
1630639,A.J. Lawson,2024/25,26,7.31,0.5079,32.7,9.08
1631260,AJ Green,2024/25,73,5.81,0.612,42.7,7.41
1642358,AJ Johnson,2024/25,29,7.34,0.4413,26.7,7.59
203932,Aaron Gordon,2024/25,51,9.75,0.6066,43.6,14.67
1628988,Aaron Holiday,2024/25,62,4.32,0.5709,39.8,5.48
1630174,Aaron Nesmith,2024/25,45,8.42,0.6174,43.1,12.02
1630598,Aaron Wiggins,2024/25,76,9.58,0.5769,38.3,12.03
1641745,Adam Flagler,2024/25,37,2.59,0.3333,19.4,1.76
1641766,Adama Sanogo,2024/25,4,1.75,0.5714,0.0,2.0
1641737,Adem Bona,2024/25,58,3.31,0.7031,0.0,5.81
1642349,Ajay Mitchell,2024/25,36,5.11,0.5571,38.3,6.5
201143,Al Horford,2024/25,60,7.68,0.5466,36.3,8.97
202692,Alec Burks,2024/25,49,5.53,0.5867,42.5,7.27
1627936,Alex Caruso,2024/25,54,5.81,0.5414,35.3,7.07
1642505,Alex Ducas,2024/25,21,1.43,0.5667,47.6,1.71
203458,Alex Len,2024/25,46,1.37,0.5238,22.2,1.61
1642024,Alex Reese,2024/25,15,3.6,0.6204,36.6,5.07
1642259,Alex Sarr,2024/25,67,12.36,0.4571,30.8,12.97
1631214,Alondes Williams,2024/25,1,2.0,1.25,100.0,5.0
1630578,Alperen Sengun,2024/25,76,15.04,0.5052,23.3,19.09
1641708,Amen Thompson,2024/25,69,10.1,0.5746,27.5,14.06
1629599,Amir Coffey,2024/25,72,7.08,0.5696,40.9,9.67
203083,Andre Drummond,2024/25,40,5.85,0.5064,15.0,7.33
1641748,Andre Jackson Jr.,2024/25,67,2.94,0.5533,39.5,3.43
1629614,Andrew Nembhard,2024/25,65,8.29,0.5056,29.1,10.05
203952,Andrew Wiggins,2024/25,60,13.98,0.5256,37.4,17.97
1629014,Anfernee Simons,2024/25,70,16.07,0.5213,36.3,19.26
1641710,Anthony Black,2024/25,78,7.95,0.4726,31.8,9.44
203076,Anthony Davis,2024/25,51,17.84,0.5357,28.2,24.73
1630162,Anthony Edwards,2024/25,79,20.41,0.5465,39.5,27.56
1630264,Anthony Gill,2024/25,51,1.73,0.5455,32.3,2.53
1641817,Anton Watson,2024/25,9,1.0,0.4444,0.0,0.89
1641810,Antonio Reeves,2024/25,44,5.64,0.5585,39.5,6.93
1630574,Ariel Hukporti,2024/25,25,1.24,0.6774,0.0,1.92
1642422,Armel Traore,2024/25,9,2.11,0.3158,0.0,1.56
1641709,Ausar Thompson,2024/25,59,7.8,0.5467,22.4,10.07
1630559,Austin Reaves,2024/25,73,14.21,0.5564,37.7,20.21
1630245,Ayo Dosunmu,2024/25,46,9.76,0.5612,32.8,12.3
1631248,Baylor Scheierman,2024/25,31,3.55,0.4727,31.7,3.65
1641767,Ben Sheppard,2024/25,63,4.56,0.5366,34.2,5.27
1627732,Ben Simmons,2024/25,51,4.37,0.5202,0.0,5.02
1631097,Bennedict Mathurin,2024/25,72,11.85,0.5158,34.0,16.06
1641731,Bilal Coulibaly,2024/25,59,10.58,0.472,28.1,12.32
202687,Bismack Biyombo,2024/25,28,4.07,0.5877,0.0,5.14
1631104,Blake Wesley,2024/25,58,3.21,0.4812,29.3,3.74
1626171,Bobby Portis,2024/25,49,12.14,0.5202,36.5,13.88
1641752,Bobi Klintman,2024/25,8,1.25,0.7,40.0,1.88
1629626,Bol Bol,2024/25,36,5.08,0.612,34.4,6.78
1630538,Bones Hyland,2024/25,24,4.92,0.5339,39.0,6.21
203078,Bradley Beal,2024/25,53,13.09,0.5706,38.6,17.02
1642382,Branden Carlson,2024/25,32,3.03,0.5567,33.3,3.81
1641764,Brandin Podziemski,2024/25,64,9.83,0.5366,37.2,11.67
1630527,Brandon Boston,2024/25,42,9.07,0.5,35.0,10.67
1629634,Brandon Clarke,2024/25,64,5.94,0.6224,5.9,8.34
1627742,Brandon Ingram,2024/25,18,18.5,0.53,37.4,22.22
1641706,Brandon Miller,2024/25,27,18.19,0.5092,35.5,21.04
1630314,Brandon Williams,2024/25,33,5.7,0.5851,40.0,8.33
1630296,Braxton Key,2024/25,3,1.33,0.0,0.0,1.0
1641729,Brice Sensabaugh,2024/25,71,8.44,0.5902,42.2,10.87
1642355,Bronny James,2024/25,27,2.48,0.3806,28.1,2.3
201572,Brook Lopez,2024/25,80,9.68,0.5988,37.3,13.01
1628971,Bruce Brown,2024/25,41,7.54,0.4644,33.3,8.29
1628981,Bruno Fernando,2024/25,17,2.88,0.5306,0.0,3.41
1631121,Bryce McGowens,2024/25,13,1.08,0.2857,0.0,1.0
1642267,Bub Carrington,2024/25,82,9.12,0.4933,33.9,9.84
1627741,Buddy Hield,2024/25,82,9.59,0.5464,37.0,11.12
203468,CJ McCollum,2024/25,56,17.86,0.5295,37.3,21.12
1630595,Cade Cunningham,2024/25,70,20.81,0.5206,35.6,26.14
1631216,Caleb Houstan,2024/25,58,3.28,0.5895,40.0,4.12
1628997,Caleb Martin,2024/25,45,6.76,0.4852,35.9,7.91
1642353,Cam Christie,2024/25,13,1.85,0.3333,15.4,1.38
1629629,Cam Reddish,2024/25,33,2.85,0.4734,27.7,3.18
1642285,Cam Spencer,2024/25,25,3.28,0.5305,36.5,4.24
1630560,Cam Thomas,2024/25,25,18.16,0.5132,34.9,23.96
1641715,Cam Whitmore,2024/25,51,7.9,0.5248,35.5,9.35
1629661,Cameron Johnson,2024/25,57,13.11,0.5817,39.0,18.77
1627747,Caris LeVert,2024/25,64,9.36,0.5559,37.3,12.12
1641717,Cason Wallace,2024/25,68,7.19,0.5501,35.6,8.35
1629646,Charles Bassey,2024/25,36,3.25,0.5812,0.0,4.36
1631096,Chet Holmgren,2024/25,32,10.66,0.5543,37.9,14.97
1628449,Chris Boucher,2024/25,50,7.4,0.5865,36.3,10.04
1630537,Chris Duarte,2024/25,17,1.53,0.5769,40.0,2.12
1641753,Chris Livingston,2024/25,21,1.29,0.3333,0.0,1.43
101108,Chris Paul,2024/25,82,7.11,0.5472,37.7,8.82
1631128,Christian Braun,2024/25,79,10.39,0.634,39.7,15.42
1631132,Christian Koloko,2024/25,37,1.78,0.6061,0.0,2.43
1629643,Chuma Okeke,2024/25,9,4.44,0.6375,39.3,5.89
1629632,Coby White,2024/25,74,15.15,0.5495,37.0,20.39
1628998,Cody Martin,2024/25,53,6.13,0.4846,28.5,6.75
1642262,Cody Williams,2024/25,50,5.14,0.3911,25.9,4.6
1641732,Colby Jones,2024/25,39,3.31,0.5194,32.7,4.03
1631306,Cole Swider,2024/25,10,6.3,0.4683,31.9,5.9
1630658,Colin Castleton,2024/25,26,3.77,0.4796,12.5,4.73
1631221,Collin Gillespie,2024/25,33,4.79,0.5538,43.3,5.88
1629012,Collin Sexton,2024/25,63,13.76,0.5433,40.6,18.4
1630557,Corey Kispert,2024/25,61,9.26,0.5575,36.4,11.56
202709,Cory Joseph,2024/25,50,3.08,0.5292,36.4,3.54
1641854,Craig Porter Jr.,2024/25,51,2.75,0.5893,43.8,3.69
1642385,Cui Cui,2024/25,5,1.4,0.1429,0.0,0.6
1626156,D'Angelo Russell,2024/25,58,11.0,0.4788,31.4,12.62
1630618,D.J. Carton,2024/25,4,1.75,0.1429,0.0,0.75
1629610,DaQuan Jeffries,2024/25,47,6.19,0.5,33.5,6.7
1631342,Daeqwon Plowden,2024/25,6,4.17,0.82,52.9,7.17
1630227,Daishen Nix,2024/25,3,0.33,0.0,0.0,0.33
1631207,Dalen Terry,2024/25,73,3.67,0.5168,35.6,4.47
1642261,Dalton Knecht,2024/25,78,7.14,0.5763,37.6,9.05
203081,Damian Lillard,2024/25,58,17.1,0.5469,37.6,24.95
1641878,Damion Baugh,2024/25,15,8.67,0.3692,21.4,7.27
1627814,Damion Lee,2024/25,25,2.96,0.4257,24.3,3.32
1629655,Daniel Gafford,2024/25,57,7.07,0.7022,0.0,12.3
1642450,Daniss Jenkins,2024/25,7,1.43,0.35,14.3,1.0
203957,Dante Exum,2024/25,20,6.7,0.5634,43.4,8.7
1641727,Dariq Whitehead,2024/25,20,4.8,0.5781,44.6,5.7
1629636,Darius Garland,2024/25,75,15.65,0.5622,40.1,20.59
1630561,David Duke Jr.,2024/25,6,2.33,0.5357,50.0,2.67
1631223,David Roddy,2024/25,33,3.79,0.532,31.1,4.64
1630558,Davion Mitchell,2024/25,74,6.43,0.5567,39.8,7.95
1630549,Day'Ron Sharpe,2024/25,50,6.34,0.5379,24.4,7.94
1628368,De'Aaron Fox,2024/25,62,18.76,0.5142,31.0,23.53
1629631,De'Andre Hunter,2024/25,64,11.91,0.5728,40.5,17.0
1629001,De'Anthony Melton,2024/25,6,9.0,0.5278,37.1,10.33
201599,DeAndre Jordan,2024/25,56,2.5,0.65,0.0,3.73
201942,DeMar DeRozan,2024/25,77,16.99,0.5092,32.8,22.21
1629731,Dean Wade,2024/25,59,4.59,0.5609,36.0,5.42
1627749,Dejounte Murray,2024/25,31,15.94,0.4453,29.9,17.48
1626153,Delon Wright,2024/25,40,3.27,0.4198,27.4,3.12
203471,Dennis Schröder,2024/25,75,11.03,0.4831,34.2,13.07
1641726,Dereck Lively II,2024/25,36,5.31,0.7016,0.0,8.72
1627884,Derrick Jones Jr.,2024/25,77,7.65,0.5925,35.6,10.14
1628401,Derrick White,2024/25,76,12.62,0.5803,38.4,16.42
1626164,Devin Booker,2024/25,75,18.93,0.525,33.2,25.64
1642269,Devin Carter,2024/25,36,3.53,0.4409,29.5,3.83
1630170,Devin Vassell,2024/25,64,13.89,0.5321,36.8,16.27
1628415,Dillon Brooks,2024/25,75,11.93,0.533,39.7,14.04
1641794,Dillon Jones,2024/25,54,2.46,0.4436,25.4,2.5
1631230,Dominick Barlow,2024/25,35,3.23,0.5619,25.9,4.23
1642270,Donovan Clingan,2024/25,67,4.99,0.5599,28.6,6.51
1628378,Donovan Mitchell,2024/25,71,18.59,0.5314,36.8,23.96
1628978,Donte DiVincenzo,2024/25,62,9.56,0.5683,39.7,11.66
1627827,Dorian Finney-Smith,2024/25,63,6.9,0.5966,41.1,8.71
203926,Doug McDermott,2024/25,42,2.79,0.6154,43.6,3.5
203110,Draymond Green,2024/25,68,7.49,0.5029,32.5,9.01
1629234,Drew Eubanks,2024/25,61,3.18,0.6005,50.0,4.59
1641809,Drew Peterson,2024/25,25,1.64,0.5732,39.4,2.16
1631166,Drew Timme,2024/25,9,11.33,0.4853,25.7,12.11
1630696,Dru Smith,2024/25,14,4.36,0.6393,53.3,6.21
1629130,Duncan Robinson,2024/25,74,8.96,0.5807,39.3,11.04
1641871,Duop Reath,2024/25,46,3.61,0.5241,32.1,4.22
203939,Dwight Powell,2024/25,55,1.11,0.7049,40.0,2.07
1630700,Dyson Daniels,2024/25,76,12.14,0.5363,34.0,14.12
1630604,E.J. Liddell,2024/25,12,1.25,0.6333,30.0,1.75
203901,Elfrid Payton,2024/25,24,5.08,0.332,16.7,3.54
1641989,Elijah Harkless,2024/25,10,3.5,0.4143,28.0,3.2
1641801,Emanuel Miller,2024/25,6,1.33,0.5,0.0,1.67
1641734,Emoni Bates,2024/25,10,3.8,0.4868,36.7,3.7
1642402,Enrique Freeman,2024/25,22,1.68,0.4459,10.0,2.09
201569,Eric Gordon,2024/25,39,5.23,0.5637,40.9,6.82
1630596,Evan Mobley,2024/25,71,12.76,0.6043,37.0,18.54
1630532,Franz Wagner,2024/25,60,19.35,0.5073,29.5,24.15
1627832,Fred VanVleet,2024/25,60,12.65,0.4829,34.5,14.07
1641713,GG Jackson,2024/25,29,6.86,0.4523,33.7,7.21
1629216,Gabe Vincent,2024/25,72,5.83,0.5298,35.3,6.39
202066,Garrett Temple,2024/25,28,2.14,0.35,21.4,1.89
1629726,Garrison Mathews,2024/25,47,5.47,0.5623,39.0,7.51
203914,Gary Harris,2024/25,48,2.77,0.5188,35.6,3.02
1627780,Gary Payton II,2024/25,62,4.81,0.6258,32.6,6.45
1629018,Gary Trent Jr.,2024/25,74,8.88,0.5677,41.6,11.14
1627777,Georges Niang,2024/25,79,7.85,0.5952,40.6,9.92
1641711,Gradey Dick,2024/25,54,11.98,0.4977,35.0,14.39
1629684,Grant Williams,2024/25,16,7.69,0.5488,36.5,10.38
1630611,Gui Santos,2024/25,56,3.2,0.5531,33.0,4.05
203084,Harrison Barnes,2024/25,82,8.33,0.6223,43.3,12.33
1631127,Harrison Ingram,2024/25,5,0.8,0.5,0.0,0.8
1629312,Haywood Highsmith,2024/25,74,5.28,0.5716,38.2,6.46
1630529,Herbert Jones,2024/25,20,8.6,0.5,30.6,10.25
1641816,Hunter Tyson,2024/25,51,2.35,0.4708,31.1,2.63
1630193,Immanuel Quickley,2024/25,33,13.27,0.5171,37.8,17.09
1642403,Isaac Jones,2024/25,40,2.08,0.6687,37.5,3.35
1630171,Isaac Okoro,2024/25,55,4.85,0.5693,37.1,6.13
1642268,Isaiah Collier,2024/25,71,7.82,0.4595,24.9,8.66
1642384,Isaiah Crawford,2024/25,15,0.73,0.5,20.0,0.87
1628392,Isaiah Hartenstein,2024/25,57,8.42,0.5813,0.0,11.18
1630543,Isaiah Jackson,2024/25,5,4.6,0.6087,0.0,7.0
1630198,Isaiah Joe,2024/25,74,7.95,0.6037,41.2,10.22
1630600,Isaiah Mobley,2024/25,1,7.0,0.3571,33.3,6.0
1641815,Isaiah Stevens,2024/25,3,0.67,0.0,0.0,0.0
1630191,Isaiah Stewart,2024/25,72,4.38,0.5857,32.1,6.04
1631209,Isaiah Wong,2024/25,20,5.25,0.4524,39.4,6.0
1627826,Ivica Zubac,2024/25,80,11.78,0.6285,0.0,16.75
1631120,JD Davison,2024/25,16,2.12,0.4118,22.2,2.06
1630550,JT Thor,2024/25,20,2.95,0.4746,28.6,3.55
1629630,Ja Morant,2024/25,50,17.78,0.5039,30.9,23.18
1642266,Ja'Kobe Walter,2024/25,52,7.56,0.4873,34.9,8.63
1631095,Jabari Smith Jr.,2024/25,57,9.93,0.5247,35.4,12.25
1631133,Jabari Walker,2024/25,60,3.82,0.5764,38.9,5.22
1629098,Jack McVeigh,2024/25,9,1.89,0.4118,30.8,1.56
1642050,Jackson Rowe,2024/25,6,2.83,0.5588,30.0,3.67
1631210,Jacob Toppin,2024/25,17,1.29,0.5227,50.0,1.35
1630702,Jaden Hardy,2024/25,57,7.26,0.5266,38.6,8.7
1631093,Jaden Ivey,2024/25,30,13.77,0.5363,40.9,17.6
1630183,Jaden McDaniels,2024/25,82,10.17,0.5372,33.0,12.2
1630531,Jaden Springer,2024/25,43,2.09,0.4556,25.0,2.53
203109,Jae Crowder,2024/25,9,2.44,0.4091,26.7,2.56
1630256,Jae'Sean Tate,2024/25,52,2.85,0.527,34.8,3.62
1642443,Jahmir Young,2024/25,6,0.83,0.9,50.0,1.83
1631170,Jaime Jaquez Jr.,2024/25,66,7.0,0.5011,31.1,8.64
1631222,Jake LaRavia,2024/25,66,5.11,0.5638,42.3,6.94
1627751,Jakob Poeltl,2024/25,57,10.16,0.6278,33.3,14.46
1641779,Jalen Bridges,2024/25,8,0.88,0.4286,28.6,1.12
1628973,Jalen Brunson,2024/25,65,18.46,0.5508,38.3,26.0
1631105,Jalen Duren,2024/25,78,7.0,0.6923,0.0,11.77
1630224,Jalen Green,2024/25,82,17.52,0.5045,35.4,21.01
1641720,Jalen Hood-Schifino,2024/25,15,6.53,0.449,30.4,7.07
1630552,Jalen Johnson,2024/25,36,15.06,0.5406,31.2,18.89
1629618,Jalen Pickett,2024/25,49,3.67,0.5389,39.6,4.08
1630188,Jalen Smith,2024/25,64,6.38,0.5539,32.4,8.19
1630591,Jalen Suggs,2024/25,35,13.74,0.4886,31.4,16.2
1631114,Jalen Williams,2024/25,69,16.93,0.5368,36.5,21.59
1630592,Jalen Wilson,2024/25,79,7.85,0.4952,33.7,9.48
1631288,Jamal Cain,2024/25,37,4.27,0.5127,32.5,5.3
1627750,Jamal Murray,2024/25,67,16.73,0.5433,39.3,21.43
1642347,Jamal Shead,2024/25,75,6.72,0.4762,32.3,7.11
1631123,Jamaree Bouyea,2024/25,5,2.4,0.5417,20.0,3.4
201935,James Harden,2024/25,79,16.39,0.5008,35.2,22.81
201949,James Johnson,2024/25,12,0.92,0.3636,0.0,0.67
1630164,James Wiseman,2024/25,1,4.0,0.5,0.0,6.0
1642419,Jamison Battle,2024/25,59,5.88,0.5807,40.5,7.1
1641716,Jarace Walker,2024/25,75,4.8,0.5764,40.5,6.15
1630215,Jared Butler,2024/25,60,7.55,0.5143,35.5,9.02
1642272,Jared McCain,2024/25,23,11.91,0.5529,38.3,15.3
1631197,Jared Rhoden,2024/25,14,6.21,0.5517,30.8,8.43
1628991,Jaren Jackson Jr.,2024/25,74,16.39,0.5482,37.5,22.18
1629020,Jarred Vanderbilt,2024/25,36,3.36,0.5248,28.1,4.08
1629750,Javonte Green,2024/25,68,4.22,0.5087,32.6,5.1
1629637,Jaxson Hayes,2024/25,56,3.98,0.722,0.0,6.84
1630643,Jay Huff,2024/25,64,4.77,0.6475,40.5,6.86
1627759,Jaylen Brown,2024/25,63,17.75,0.5152,32.4,22.19
1641740,Jaylen Clark,2024/25,40,3.0,0.5583,43.1,4.08
1641798,Jaylen Martin,2024/25,16,4.62,0.4662,30.4,4.88
1629669,Jaylen Nowell,2024/25,8,9.12,0.411,29.6,8.38
1631301,Jaylen Sims,2024/25,6,4.67,0.5357,40.0,7.0
1642377,Jaylen Wells,2024/25,79,8.56,0.5266,35.2,10.42
1631119,Jaylin Williams,2024/25,47,4.7,0.5769,39.9,5.91
1642281,Jaylon Tyson,2024/25,47,3.17,0.4966,34.5,3.55
1628369,Jayson Tatum,2024/25,72,20.35,0.5372,34.3,26.83
1641789,Jazian Gortman,2024/25,16,1.44,0.4783,36.4,1.5
1630288,Jeff Dowtin Jr.,2024/25,41,5.61,0.5478,40.0,6.95
201145,Jeff Green,2024/25,32,3.78,0.624,36.7,5.38
203924,Jerami Grant,2024/25,47,12.21,0.4669,36.5,14.4
1630526,Jeremiah Robinson-Earl,2024/25,66,5.26,0.536,34.1,6.33
1631110,Jeremy Sochan,2024/25,54,8.69,0.565,30.8,11.43
1630579,Jericho Sims,2024/25,53,1.34,0.6338,0.0,1.85
1641724,Jett Howard,2024/25,60,4.37,0.479,29.6,4.45
1628975,Jevon Carter,2024/25,36,4.06,0.4966,33.3,4.25
202710,Jimmy Butler III,2024/25,55,10.85,0.531,30.8,17.53
1629111,Jock Landale,2024/25,42,3.62,0.5691,42.3,4.76
203954,Joel Embiid,2024/25,19,16.58,0.481,29.9,23.79
1628381,John Collins,2024/25,40,13.28,0.5829,39.9,18.95
1629723,John Konchar,2024/25,46,1.98,0.5769,37.1,2.43
1631098,Johnny Davis,2024/25,34,2.29,0.4551,24.1,2.35
1642277,Johnny Furphy,2024/25,50,1.84,0.462,30.0,2.06
1630548,Johnny Juzang,2024/25,64,7.42,0.5537,37.6,8.92
1628371,Jonathan Isaac,2024/25,71,4.56,0.4738,25.8,5.35
1630228,Jonathan Kuminga,2024/25,47,12.09,0.4947,30.5,15.3
1642367,Jonathan Mogbo,2024/25,63,5.65,0.4621,24.3,6.17
203903,Jordan Clarkson,2024/25,37,13.32,0.4929,36.2,16.22
1630692,Jordan Goodwin,2024/25,29,4.97,0.5278,38.2,5.55
1641722,Jordan Hawkins,2024/25,56,9.93,0.4712,33.1,10.79
1629162,Jordan McLaughlin,2024/25,46,1.57,0.5625,41.3,2.13
1641757,Jordan Miller,2024/25,37,3.62,0.4627,21.1,4.11
1629673,Jordan Poole,2024/25,68,15.54,0.5435,37.8,20.46
1641775,Jordan Walsh,2024/25,52,1.6,0.4518,27.3,1.58
1630528,Josh Christopher,2024/25,14,2.21,0.3871,18.2,2.0
1630581,Josh Giddey,2024/25,70,11.4,0.5307,37.8,14.6
1630182,Josh Green,2024/25,68,6.19,0.5428,39.1,7.44
1628404,Josh Hart,2024/25,77,10.0,0.5792,33.3,13.65
1631169,Josh Minott,2024/25,46,1.96,0.5667,32.6,2.59
1629006,Josh Okogie,2024/25,40,5.3,0.5189,34.8,7.08
1626196,Josh Richardson,2024/25,8,4.75,0.3684,27.3,4.0
201950,Jrue Holiday,2024/25,62,9.24,0.5375,35.3,11.06
1630577,Julian Champagnie,2024/25,82,8.11,0.5489,37.1,9.94
1641763,Julian Phillips,2024/25,79,3.63,0.5331,32.7,4.63
1631124,Julian Strawther,2024/25,65,7.48,0.5288,34.9,9.05
203944,Julius Randle,2024/25,69,13.61,0.5421,34.4,18.67
1630551,Justin Champagnie,2024/25,62,6.63,0.601,38.3,8.77
1642348,Justin Edwards,2024/25,44,8.59,0.5463,36.3,10.11
1631303,Justin Minaya,2024/25,19,1.11,0.4286,20.0,0.95
1630231,KJ Martin,2024/25,43,4.67,0.5896,25.9,6.37
1642354,KJ Simpson,2024/25,36,8.36,0.4003,25.4,7.83
1630539,Kai Jones,2024/25,40,2.73,0.8028,20.0,4.95
1626157,Karl-Anthony Towns,2024/25,72,16.88,0.5844,42.0,24.43
1631255,Karlo Matković,2024/25,42,5.6,0.6191,31.8,7.74
202695,Kawhi Leonard,2024/25,37,16.84,0.5602,41.1,21.51
1630811,Keaton Wallace,2024/25,31,5.23,0.4846,32.9,5.42
1631099,Keegan Murray,2024/25,76,10.79,0.5378,34.3,12.39
1631232,Keion Brooks Jr.,2024/25,14,7.79,0.5505,32.6,10.14
1642276,Kel'el Ware,2024/25,64,7.25,0.5916,31.5,9.3
1629640,Keldon Johnson,2024/25,77,10.0,0.5383,31.8,12.71
203482,Kelly Olynyk,2024/25,44,6.09,0.5616,41.8,8.73
1626162,Kelly Oubre Jr.,2024/25,60,12.35,0.5175,29.3,15.1
1629026,Kenrich Williams,2024/25,69,5.13,0.5763,38.6,6.32
203484,Kentavious Caldwell-Pope,2024/25,77,7.06,0.5432,34.2,8.74
1631165,Keon Ellis,2024/25,80,5.8,0.639,43.3,8.32
1630553,Keon Johnson,2024/25,79,9.86,0.4698,31.4,10.62
1642352,Keshad Johnson,2024/25,16,1.62,0.75,42.9,2.69
1630556,Kessler Edwards,2024/25,40,3.38,0.5778,40.7,4.2
201142,Kevin Durant,2024/25,62,18.13,0.5979,43.0,26.56
1628989,Kevin Huerter,2024/25,69,8.75,0.5348,33.8,9.87
1628995,Kevin Knox II,2024/25,14,2.57,0.5556,26.7,3.29
201567,Kevin Love,2024/25,23,5.0,0.4609,35.8,5.3
1641755,Kevin McCullar Jr.,2024/25,4,1.75,0.2857,0.0,1.5
1629645,Kevin Porter Jr.,2024/25,75,8.69,0.4916,31.1,10.28
1626172,Kevon Looney,2024/25,76,3.66,0.518,40.0,4.53
1641718,Keyonte George,2024/25,67,13.72,0.4853,34.3,16.79
203114,Khris Middleton,2024/25,37,9.11,0.546,36.1,11.89
1630165,Killian Hayes,2024/25,6,7.17,0.5116,38.1,9.0
202691,Klay Thompson,2024/25,72,12.18,0.5348,39.1,13.96
1641738,Kobe Brown,2024/25,40,1.8,0.5,23.1,1.93
1641723,Kobe Bufkin,2024/25,10,4.7,0.4255,21.1,5.3
1627739,Kris Dunn,2024/25,74,5.91,0.5252,33.5,6.41
1631200,Kris Murray,2024/25,69,4.04,0.4677,22.5,4.16
204001,Kristaps Porziņģis,2024/25,42,13.67,0.5723,41.2,19.48
1642271,Kyle Filipowski,2024/25,72,7.19,0.5763,35.0,9.58
1628398,Kyle Kuzma,2024/25,65,13.05,0.4929,30.7,14.83
200768,Kyle Lowry,2024/25,35,3.34,0.4744,33.0,3.94
1630283,Kylor Kelley,2024/25,11,2.0,0.6364,0.0,3.09
202681,Kyrie Irving,2024/25,50,18.9,0.5492,40.1,24.68
1642273,Kyshawn George,2024/25,68,8.03,0.4762,32.2,8.68
1630205,Lamar Stevens,2024/25,17,3.71,0.5238,29.6,4.35
1629013,Landry Shamet,2024/25,50,4.6,0.5957,39.7,5.72
1626204,Larry Nance Jr.,2024/25,24,6.46,0.6258,44.7,8.46
1628374,Lauri Markkanen,2024/25,47,14.89,0.5214,34.6,18.98
2544,LeBron James,2024/25,70,18.14,0.5713,37.6,24.43
1631159,Leonard Miller,2024/25,13,1.15,0.4,0.0,1.54
1631311,Lester Quinones,2024/25,13,6.0,0.4808,29.5,6.62
1641857,Liam Robbins,2024/25,13,0.62,0.25,0.0,0.69
1630322,Lindy Waters III,2024/25,52,4.79,0.498,34.4,4.92
1629022,Lonnie Walker IV,2024/25,20,10.6,0.5259,35.4,12.35
1629652,Luguentz Dort,2024/25,71,8.35,0.5784,41.2,10.13
1630568,Luka Garza,2024/25,39,2.69,0.5429,27.8,3.54
1628379,Luke Kennard,2024/25,65,6.63,0.609,43.3,8.86
1628436,Luke Kornet,2024/25,73,3.84,0.6679,0.0,6.04
1631247,Luke Travers,2024/25,12,1.67,0.25,0.0,1.0
1630644,Mac McClung,2024/25,2,1.0,0.0,0.0,0.0
1630201,Malachi Flynn,2024/25,4,3.25,0.4231,25.0,4.0
1631103,Malaki Branham,2024/25,47,4.04,0.5474,40.5,5.0
1627763,Malcolm Brogdon,2024/25,24,10.0,0.4667,28.6,12.71
1642502,Malevy Leons,2024/25,6,0.33,0.0,0.0,0.33
1627736,Malik Beasley,2024/25,82,13.06,0.5794,41.6,16.29
1628370,Malik Monk,2024/25,65,14.45,0.5128,32.5,17.18
1630699,MarJon Beauchamp,2024/25,35,1.86,0.4923,34.5,2.26
1630585,Marcus Garrett,2024/25,4,6.75,0.463,37.5,7.0
1631204,Marcus Sasser,2024/25,57,5.19,0.5608,38.2,6.58
203935,Marcus Smart,2024/25,34,7.56,0.4883,34.8,8.97
1631109,Mark Williams,2024/25,44,10.16,0.604,0.0,15.25
1628365,Markelle Fultz,2024/25,21,3.19,0.4478,50.0,2.9
202693,Markieff Morris,2024/25,15,4.67,0.3643,25.0,3.73
1630222,Mason Jones,2024/25,10,1.8,0.5278,12.5,2.3
203486,Mason Plumlee,2024/25,74,2.73,0.6188,0.0,4.5
1641824,Matas Buzelis,2024/25,80,6.94,0.5405,36.1,8.6
1629680,Matisse Thybulle,2024/25,15,5.87,0.5966,43.8,7.47
1630346,Matt Ryan,2024/25,19,1.63,0.4194,31.6,1.47
1631108,Max Christie,2024/25,78,7.56,0.5246,36.6,9.6
1629622,Max Strus,2024/25,50,7.46,0.5938,38.6,9.42
1628467,Maxi Kleber,2024/25,34,2.82,0.4531,26.5,3.03
1641721,Maxwell Lewis,2024/25,28,3.86,0.5046,38.0,4.14
1630695,Micah Potter,2024/25,38,3.55,0.537,31.6,4.26
1629008,Michael Porter Jr.,2024/25,77,13.61,0.5959,39.5,18.16
1628969,Mikal Bridges,2024/25,82,14.43,0.5697,35.4,17.61
201144,Mike Conley,2024/25,71,6.59,0.5353,41.0,8.2
1628970,Miles Bridges,2024/25,64,17.02,0.4954,31.3,20.31
1630540,Miles McBride,2024/25,64,8.55,0.511,36.9,9.55
1641936,Miles Norris,2024/25,3,3.0,0.3333,28.6,2.33
1629011,Mitchell Robinson,2024/25,17,3.29,0.6607,0.0,5.12
1628420,Monte Morris,2024/25,45,4.33,0.5051,36.0,5.18
1629650,Moses Brown,2024/25,13,3.77,0.6939,0.0,5.85
1630541,Moses Moody,2024/25,74,7.68,0.544,37.4,9.78
1631243,Mouhamed Gueye,2024/25,33,5.18,0.4825,25.9,5.97
1631217,Moussa Diabaté,2024/25,71,3.94,0.5964,0.0,5.68
1626167,Myles Turner,2024/25,72,11.26,0.5771,39.6,15.56
1642368,N'Faly Dante,2024/25,4,3.25,0.7692,0.0,6.0
1641772,Nae'Qwan Tomlin,2024/25,5,6.4,0.4375,20.0,7.2
1630230,Naji Marshall,2024/25,69,10.32,0.5506,27.5,13.25
1631466,Nate Williams,2024/25,20,3.1,0.4839,23.1,3.25
1629675,Naz Reid,2024/25,80,11.54,0.5563,37.9,14.22
1629674,Neemias Queta,2024/25,62,3.27,0.6502,0.0,5.0
1629651,Nic Claxton,2024/25,70,8.11,0.5678,23.8,10.34
1630208,Nick Richards,2024/25,57,6.09,0.5908,0.0,9.28
1641733,Nick Smith Jr.,2024/25,60,9.47,0.4824,34.0,9.85
203999,Nikola Jokić,2024/25,70,19.49,0.6268,41.7,29.59
1631107,Nikola Jović,2024/25,46,8.2,0.5597,37.1,10.74
202696,Nikola Vučević,2024/25,73,14.22,0.592,40.2,18.48
1641730,Noah Clowney,2024/25,46,8.09,0.4745,33.3,9.13
1626181,Norman Powell,2024/25,60,15.75,0.5783,41.8,21.77
1630167,Obi Toppin,2024/25,79,7.58,0.621,36.5,10.54
1641765,Olivier-Maxence Prosper,2024/25,52,3.35,0.4368,23.5,3.87
1630168,Onyeka Okongwu,2024/25,74,9.24,0.6023,32.4,13.35
1631115,Orlando Robinson,2024/25,44,5.93,0.477,32.7,6.89
1631131,Oscar Tshiebwe,2024/25,14,5.0,0.6,0.0,7.64
1629052,Oshae Brissett,2024/25,6,6.5,0.5641,33.3,8.67
1642345,Oso Ighodaro,2024/25,61,3.07,0.6043,0.0,4.18
1631172,Ousmane Dieng,2024/25,37,3.38,0.524,32.4,3.84
200782,P.J. Tucker,2024/25,3,2.33,0.6429,50.0,3.0
1629023,P.J. Washington,2024/25,57,11.67,0.5211,38.1,14.67
1628408,PJ Dozier,2024/25,9,0.33,1.0,66.7,0.78
1641790,PJ Hall,2024/25,19,1.26,0.625,25.0,1.74
1642359,Pacôme Dadiet,2024/25,18,1.72,0.4194,31.6,1.67
1627783,Pascal Siakam,2024/25,78,15.15,0.5719,38.9,20.23
1626192,Pat Connaughton,2024/25,41,4.32,0.5424,32.1,5.27
1630311,Pat Spencer,2024/25,39,2.59,0.4307,22.7,2.51
1630172,Patrick Williams,2024/25,63,8.19,0.4903,35.3,8.98
201988,Patty Mills,2024/25,29,3.31,0.5104,34.7,3.83
202331,Paul George,2024/25,41,13.9,0.514,35.8,16.22
1630194,Paul Reed,2024/25,45,3.16,0.5352,28.6,4.09
1630202,Payton Pritchard,2024/25,80,10.82,0.6195,40.7,14.3
1641796,Pelle Larsson,2024/25,55,3.69,0.5172,33.7,4.56
1631250,Pete Nance,2024/25,13,2.46,0.5781,37.5,2.92
1631212,Peyton Watson,2024/25,68,6.29,0.5327,35.3,8.1
1630762,Phillip Wheeler,2024/25,5,4.2,0.1429,0.0,1.6
1629656,Quentin Grimes,2024/25,75,10.97,0.565,38.5,14.56
1631245,Quenton Jackson,2024/25,28,4.36,0.5369,37.5,5.79
1642439,Quincy Olivari,2024/25,2,2.5,0.3,20.0,1.5
1642366,Quinten Post,2024/25,42,6.52,0.5821,40.8,8.1
1629628,RJ Barrett,2024/25,58,16.93,0.5229,35.0,21.09
1642484,RayJ Dennis,2024/25,11,3.0,0.4242,28.6,2.73
1641712,Rayan Rupert,2024/25,52,2.73,0.4648,27.1,2.98
1641736,Reece Beekman,2024/25,36,2.97,0.3598,17.5,2.58
1642263,Reed Sheppard,2024/25,52,4.6,0.4519,33.8,4.4
202704,Reggie Jackson,2024/25,31,4.29,0.485,33.8,4.39
1626158,Richaun Holmes,2024/25,31,4.48,0.6475,0.0,7.42
1641741,Ricky Council IV,2024/25,73,6.34,0.4417,25.8,7.29
1642434,Riley Minix,2024/25,1,1.0,0.0,0.0,0.0
1642265,Rob Dillingham,2024/25,49,4.31,0.5,33.8,4.47
1629057,Robert Williams III,2024/25,20,3.9,0.6474,33.3,5.8
1631199,Ron Harper Jr.,2024/25,1,8.0,0.125,0.0,4.0
1641842,Ronald Holland II,2024/25,81,5.14,0.5168,23.8,6.44
1626220,Royce O'Neale,2024/25,75,7.6,0.5798,40.6,9.07
203497,Rudy Gobert,2024/25,72,7.08,0.6686,0.0,12.03
1629060,Rui Hachimura,2024/25,59,9.76,0.5972,41.3,13.14
201566,Russell Westbrook,2024/25,75,11.08,0.5054,32.3,13.25
1642346,Ryan Dunn,2024/25,74,6.45,0.5157,31.1,6.91
1631157,Ryan Rollins,2024/25,56,4.84,0.5775,40.8,6.23
1630573,Sam Hauser,2024/25,71,6.68,0.6266,41.6,8.52
1630241,Sam Merrill,2024/25,71,5.97,0.5672,37.2,7.17
1630572,Sandro Mamukelashvili,2024/25,61,4.61,0.6085,37.3,6.31
1630703,Scoot Henderson,2024/25,66,10.38,0.4956,35.4,12.68
1630567,Scottie Barnes,2024/25,65,16.35,0.4817,27.1,19.26
1630590,Scotty Pippen Jr.,2024/25,79,7.52,0.553,39.7,9.86
203552,Seth Curry,2024/25,68,5.04,0.5991,45.6,6.53
1631101,Shaedon Sharpe,2024/25,72,15.33,0.5186,31.1,18.54
1628983,Shai Gilgeous-Alexander,2024/25,76,21.79,0.5685,37.5,32.68
1629003,Shake Milton,2024/25,57,4.46,0.5276,35.8,5.53
1631321,Sidy Cissoko,2024/25,22,1.36,0.4833,23.1,1.45
1627746,Skal Labissiere,2024/25,4,1.0,0.625,100.0,1.25
203915,Spencer Dinwiddie,2024/25,79,8.63,0.4963,33.4,11.04
1642461,Spencer Jones,2024/25,20,1.7,0.3382,5.9,1.3
1630649,Stanley Umude,2024/25,22,1.18,0.25,20.0,0.68
201939,Stephen Curry,2024/25,70,17.97,0.5719,39.7,24.54
1642264,Stephon Castle,2024/25,81,12.2,0.4762,28.5,14.69
1629004,Svi Mykhailiuk,2024/25,38,7.95,0.5066,34.5,8.79
204456,T.J. McConnell,2024/25,79,7.9,0.5312,30.6,9.11
201959,Taj Gibson,2024/25,37,2.57,0.5,50.0,2.89
1629659,Talen Horton-Tucker,2024/25,58,5.02,0.5275,33.6,6.53
1631106,Tari Eason,2024/25,57,9.81,0.5429,34.2,12.04
1627752,Taurean Prince,2024/25,80,6.42,0.6002,43.9,8.2
1641707,Taylor Hendricks,2024/25,3,6.0,0.3056,25.0,4.67
1631386,Taze Moore,2024/25,2,5.0,0.25,25.0,3.0
1629611,Terance Mann,2024/25,67,6.16,0.569,36.8,7.72
1629056,Terence Davis,2024/25,1,2.0,0.0,0.0,0.0
1630545,Terrence Shannon Jr.,2024/25,32,3.56,0.5307,35.5,4.31
1626179,Terry Rozier,2024/25,64,9.92,0.4622,29.5,10.61
1630678,Terry Taylor,2024/25,3,0.33,0.0,0.0,0.0
1628418,Thomas Bryant,2024/25,66,4.86,0.5826,32.4,6.5
1642275,Tidjane Salaün,2024/25,60,5.75,0.4145,28.3,5.88
203501,Tim Hardaway Jr.,2024/25,77,8.83,0.5294,36.8,10.96
202699,Tobias Harris,2024/25,73,11.03,0.5335,34.5,13.73
1642449,Tolu Smith,2024/25,1,9.0,0.6667,0.0,14.0
1628396,Tony Bradley,2024/25,14,3.21,0.6556,33.3,4.36
1628470,Torrey Craig,2024/25,26,3.46,0.5556,36.4,4.15
1641787,Tosan Evbuomwan,2024/25,28,7.86,0.4818,31.2,9.54
1641739,Toumani Camara,2024/25,78,9.18,0.5524,37.5,11.31
1629027,Trae Young,2024/25,76,18.11,0.4906,34.0,24.22
1631218,Trayce Jackson-Davis,2024/25,62,4.87,0.5762,0.0,6.56
1630200,Tre Jones,2024/25,46,5.17,0.5777,39.6,7.17
1630544,Tre Mann,2024/25,13,12.38,0.5093,40.0,14.08
1630570,Trendon Watford,2024/25,44,7.95,0.51,33.0,10.23
1642280,Trentyn Flowers,2024/25,6,1.83,0.3636,0.0,1.83
1630243,Trevelin Queen,2024/25,31,4.74,0.4558,28.6,4.9
1641998,Trey Jemison III,2024/25,38,1.95,0.5541,0.0,2.5
1630530,Trey Murphy III,2024/25,53,15.83,0.5483,36.1,21.21
202684,Tristan Thompson,2024/25,40,1.77,0.4366,0.0,1.73
1641774,Tristan Vukcevic,2024/25,35,6.91,0.5744,37.3,9.43
1641783,Tristan da Silva,2024/25,74,6.53,0.4948,33.5,7.2
1641803,Tristen Newton,2024/25,8,1.0,0.125,0.0,0.38
1629660,Ty Jerome,2024/25,70,8.83,0.606,43.9,12.54
1631102,TyTy Washington Jr.,2024/25,16,2.81,0.3556,19.0,2.19
1629639,Tyler Herro,2024/25,77,17.9,0.5635,37.5,23.9
1642278,Tyler Kolek,2024/25,41,2.0,0.4146,29.8,1.98
1641890,Tyler Smith,2024/25,23,2.17,0.61,43.3,2.91
1630169,Tyrese Haliburton,2024/25,73,13.78,0.5815,38.8,18.62
1631213,Tyrese Martin,2024/25,60,7.75,0.5129,35.1,8.72
1630178,Tyrese Maxey,2024/25,52,20.98,0.511,33.7,26.33
1630623,Tyson Etienne,2024/25,7,7.43,0.4519,29.5,7.86
1626145,Tyus Jones,2024/25,81,8.43,0.5695,41.4,10.23
1642279,Ulrich Chomche,2024/25,7,0.71,0.4,0.0,0.71
1641705,Victor Wembanyama,2024/25,46,18.63,0.5589,35.2,24.26
1631246,Vince Williams Jr.,2024/25,27,6.19,0.479,27.4,6.63
1630249,Vít Krejčí,2024/25,57,5.12,0.6507,43.7,7.23
1631117,Walker Kessler,2024/25,58,7.22,0.6706,17.6,11.05
1628976,Wendell Carter Jr.,2024/25,68,7.22,0.498,23.4,9.09
1631111,Wendell Moore Jr.,2024/25,36,3.5,0.5238,34.1,4.17
1630214,Xavier Tillman,2024/25,33,1.61,0.2925,15.6,1.03
1642530,Yuki Kawamura,2024/25,22,1.36,0.4833,30.4,1.64
1641879,Yuri Collins,2024/25,2,1.5,0.3333,0.0,1.0
1642274,Yves Missi,2024/25,73,6.74,0.5467,0.0,9.11
1628380,Zach Collins,2024/25,64,4.72,0.5596,30.2,6.36
1641744,Zach Edey,2024/25,66,6.56,0.6005,34.6,9.24
203897,Zach LaVine,2024/25,74,16.53,0.6087,44.6,23.3
1630192,Zeke Nnaji,2024/25,57,2.47,0.5567,32.7,3.23
1630533,Ziaire Williams,2024/25,63,8.25,0.5106,34.1,10.03
1629627,Zion Williamson,2024/25,30,16.93,0.5699,23.1,24.57
1642389,Zyon Pullin,2024/25,3,0.33,0.0,0.0,0.0
