player_id,full_name,nationality,height_cm,position,played_nba,played_euroleague,is_cross_league_migrant,matching_confidence,birth_year
1,Clarence Weems Jr,United States of America,198.0,Forward,0,1,0,unmatched,1986.0
2,Robert Douglas Brown Iii,United States of America,188.0,Guard,0,1,0,unmatched,1984.0
3,Michael Perry James,United States of America,185.0,Guard,0,1,0,unmatched,1990.0
4,Victor Dewayne Rudd Jr,United States of America,204.0,Forward,0,1,0,unmatched,1991.0
5,Adreian De Angleo Payne,United States of America,208.0,Center,0,1,0,unmatched,1991.0
6,Alexander Gankevich,Russian Federation,201.0,Forward,0,1,0,unmatched,1995.0
7,Edwin Pierre Jackson,France,190.0,Guard,0,1,0,unmatched,1989.0
8,Alen Omic,Slovenia,216.0,Center,0,1,0,unmatched,1992.0
9,Atoumane Diagne,Senegal,215.0,Center,0,1,0,unmatched,1998.0
10,Toney Bernard Douglas,United States of America,188.0,Guard,0,1,0,unmatched,1986.0
11,Mindaugas Kuzminskas,Lithuania,205.0,Forward,1,1,1,exact,1989.0
12,Beno Udrih,Slovenia,191.0,Guard,1,1,1,exact,1982.0
13,Dejan Musli,Serbia,213.0,Center,0,1,0,unmatched,1991.0
14,Sergi Garcia Calvo,Spain,193.0,Guard,0,1,0,unmatched,1997.0
15,Dylan Howell Ennis,Serbia,188.0,Guard,0,1,0,unmatched,1991.0
16,Pavel Korobkov,Russian Federation,206.0,Forward,0,1,0,unmatched,1990.0
17,William Mcdowell-White,Australia,196.0,Guard,0,1,0,unmatched,1998.0
18,Kevin Andrew Jones,United States of America,203.0,Center,0,1,0,unmatched,1989.0
19,Zoran Dragic,Slovenia,196.0,Forward,1,1,1,exact,1989.0
20,Walter Samuel Tavares Da Veiga,Cabo Verde,220.0,Center,0,1,0,unmatched,1992.0
21,Curtis Louis Jerrells Jr,United States of America,185.0,Guard,0,1,0,unmatched,1987.0
22,Kyle Gregory Wiltjer,United States of America,208.0,Forward,0,1,0,unmatched,1992.0
23,Damjan Rudez,Croatia,203.0,Center,1,1,1,exact,1986.0
24,Dorell Lawrence Wright,United States of America,198.0,Forward,0,1,0,unmatched,1985.0
25,Justin Joseph Doellman,United States of America,206.0,Forward,0,1,0,unmatched,1985.0
26,Eddy Jnr Edigin,Germany,203.0,Center,0,1,0,unmatched,1995.0
27,Tryggvi Snaer Hlinason,Iceland,215.0,Center,0,1,0,unmatched,1997.0
28,Marc Garcia Antonell,Spain,196.0,Guard,0,1,0,unmatched,1996.0
29,Rakim Kahry Sanders,United States of America,196.0,Forward,0,1,0,unmatched,1989.0
30,Chasson Jermar Randle,United States of America,188.0,Guard,0,1,0,unmatched,1993.0
31,Carlos Francisco Delfino,Italy,198.0,Forward,0,1,0,unmatched,1982.0
32,Miguel Gonzalez Burgos,Spain,201.0,Forward,0,1,0,unmatched,1999.0
33,Rinalds Malmanis,Latvia,205.0,Center,0,1,0,unmatched,1996.0
34,Alberto Abalde Diaz,Spain,202.0,Forward,0,1,0,unmatched,1995.0
35,Marko Keselj,Serbia,208.0,Forward,0,1,0,unmatched,1988.0
36,Morayoninuoluwa Chukwuemeka Soluade,United Kingdom,196.0,Guard,0,1,0,unmatched,1995.0
37,Dimitrios Agravanis,Greece,208.0,Forward,0,1,0,unmatched,1994.0
38,Georgios Bogris,Greece,210.0,Center,0,1,0,unmatched,1989.0
39,Evangelos Mantzaris,Greece,194.0,Guard,0,1,0,unmatched,1990.0
40,Karam Mashour,Israel,198.0,Forward,0,1,0,unmatched,1991.0
41,Jamel Lacey Mclean,United States of America,202.0,Center,0,1,0,unmatched,1988.0
42,Nikola Milutinov,Serbia,213.0,Center,0,1,0,unmatched,1994.0
43,Konstantinos Papanikolaou,Greece,204.0,Forward,0,1,0,unmatched,1990.0
44,Ioannis Papapetrou,Greece,206.0,Forward,0,1,0,unmatched,1994.0
45,Artsiom Parakhouski,Belarus,211.0,Center,0,1,0,unmatched,1987.0
46,Georgios Printezis,Greece,205.0,Forward,0,1,0,unmatched,1985.0
47,Brian Loyd Roberts,United States of America,185.0,Guard,0,1,0,unmatched,1985.0
48,Itay Segev,Israel,204.0,Forward,0,1,0,unmatched,1995.0
49,Vasileios Spanoulis,Greece,,Guard,0,1,0,unmatched,1982.0
50,Janis Strelnieks,Latvia,191.0,Guard,0,1,0,unmatched,1989.0
51,Keith Hollis Thompson Ii,United States of America,203.0,Forward,0,1,0,unmatched,1991.0
52,Kim Gerlof Guy Tillie,France,210.0,Forward,0,1,0,unmatched,1988.0
53,Vasileios Toliopoulos,Greece,187.0,Guard,0,1,0,unmatched,1996.0
54,Aaron Rene Doornekamp,Netherlands,201.0,Forward,0,1,0,unmatched,1985.0
55,Bojan Dubljevic,Montenegro,205.0,Center,0,1,0,unmatched,1991.0
56,Anthony Remeral Gill,United States of America,204.0,Forward,0,1,0,unmatched,1992.0
57,Erick Obrien Green Ii,United States of America,190.0,Guard,0,1,0,unmatched,1992.0
58,Matthew Lawrence Janning,United States of America,193.0,Guard,0,1,0,unmatched,1988.0
59,Charles Jenkins,United States of America,191.0,Guard,1,1,1,exact,1989.0
60,Matthew Thomas Lojeski,United States of America,198.0,Guard,0,1,0,unmatched,1985.0
61,Rafael Martinez Aguilera,Spain,,Guard,0,1,0,unmatched,1982.0
62,Ray Michael Mccallum,United States of America,191.0,Guard,0,1,0,unmatched,1991.0
63,Robert Lee Dixon,United States of America,,Guard,0,1,0,unmatched,1983.0
64,Tibor Pleiss,Germany,218.0,Center,1,1,1,exact,1989.0
65,Josep Puerto Guaita,Spain,202.0,Forward,0,1,0,unmatched,1999.0
66,Thomas Earl Robinson,United States of America,208.0,Center,0,1,0,unmatched,1991.0
67,Fernando San Emeterio Lara,Spain,,Forward,0,1,0,unmatched,1984.0
68,Joan Sastre Morro,Spain,201.0,Forward,0,1,0,unmatched,1991.0
69,Kaleb Erick Tarczewski,United States of America,213.0,Center,0,1,0,unmatched,1993.0
70,Malcolm Iseiah Thomas,United States of America,206.0,Center,0,1,0,unmatched,1988.0
71,William Benson Thomas,United States of America,203.0,Forward,0,1,0,unmatched,1986.0
72,Sam Tom B. Van Rossom,Belgium,188.0,Guard,0,1,0,unmatched,1986.0
73,Guillem Vives Torrent,Spain,192.0,Guard,0,1,0,unmatched,1993.0
74,Latavious Bernard Williams,United States of America,203.0,Center,0,1,0,unmatched,1989.0
75,Pero Antic,Serbia,211.0,Center,1,1,1,exact,1982.0
76,Jonah Anthony Bolden,United States of America,208.0,Forward,0,1,0,unmatched,1996.0
77,Norris Gene Cole Ii,United States of America,188.0,Guard,0,1,0,unmatched,1988.0
78,Marco Cusin,Italy,211.0,Center,0,1,0,unmatched,1985.0
79,Luigi Datome,Italy,203.0,Forward,0,1,0,unmatched,1987.0
80,John Daniel Di Bartolomeo,Israel,183.0,Guard,0,1,0,unmatched,1991.0
81,Ognjen Dobric,Serbia,200.0,Guard,0,1,0,unmatched,1994.0
82,Ahmet Duverioglu,Turkiye,209.0,Center,0,1,0,unmatched,1993.0
83,Patricio Garino Gullotta,Italy,201.0,Forward,0,1,0,unmatched,1993.0
84,Jayson Antoine Granger,Italy,189.0,Guard,0,1,0,unmatched,1989.0
85,Marko Guduric,Serbia,196.0,Guard,1,1,1,exact,1995.0
86,Sinan Guler,Turkiye,192.0,Guard,0,1,0,unmatched,1983.0
87,Daniel Lorenzo Hackett,Italy,196.0,Guard,0,1,0,unmatched,1987.0
88,Adam Hanga,Hungary,201.0,Forward,0,1,0,unmatched,1989.0
89,Patrick Heckmann,Germany,198.0,Forward,0,1,0,unmatched,1992.0
90,Baris Hersek,Turkiye,208.0,Forward,0,1,0,unmatched,1988.0
91,Thomas David Heurtel,France,189.0,Guard,0,1,0,unmatched,1989.0
92,Marcelo Huertas,Italy,190.0,Guard,1,1,1,exact,1983.0
93,Pierre De Shawn Jackson,United States of America,180.0,Guard,0,1,0,unmatched,1991.0
94,Cory Allen Jefferson,United States of America,206.0,Center,0,1,0,unmatched,1990.0
95,Deandre Donte Kane,United States of America,196.0,Guard,0,1,0,unmatched,1989.0
96,Branko Lazic,Serbia,195.0,Guard,0,1,0,unmatched,1989.0
97,Maodo Sylvester Luis Lo,Germany,192.0,Guard,0,1,0,unmatched,1992.0
98,Melih Mahmutoglu,Turkiye,191.0,Guard,0,1,0,unmatched,1990.0
99,Ivan Martinez,Spain,192.0,Forward,0,1,0,unmatched,1990.0
100,Amadou Amath Garvey Mbaye,France,206.0,Forward,0,1,0,unmatched,1989.0
101,Jordan Mcrae,United States of America,198.0,Forward,1,1,1,exact,1991.0
102,Nicolo Melli,Italy,205.0,Forward,1,1,1,exact,1991.0
103,Vladimir Micov,Serbia,201.0,Forward,0,1,0,unmatched,1985.0
104,Adrien Rene Moerman,France,202.0,Forward,0,1,0,unmatched,1988.0
105,Edo Muric,Slovenia,201.0,Forward,0,1,0,unmatched,1991.0
106,Muhaymin Mustafa,Turkiye,196.0,Guard,0,1,0,unmatched,1999.0
107,Juan Carlos Navarro Feijoo,Spain,192.0,Guard,0,1,0,unmatched,1980.0
108,Aleksej Nikolic,Slovenia,191.0,Guard,0,1,0,unmatched,1995.0
109,Pierre David Oriola Garriga,Spain,208.0,Center,0,1,0,unmatched,1992.0
110,Vincent Yann Poirier,France,213.0,Center,0,1,0,unmatched,1993.0
111,Phillip Michael Pressey,United States of America,180.0,Guard,0,1,0,unmatched,1991.0
112,Anthony Erwin Randolph Jr,United States of America,211.0,Center,0,1,0,unmatched,1989.0
113,Taylor Campbell Rochestie,United States of America,186.0,Guard,0,1,0,unmatched,1985.0
114,Kevin Eddy Ambroise Seraphin,France,208.0,Center,0,1,0,unmatched,1989.0
115,Konstantinos Sloukas,Greece,190.0,Guard,0,1,0,unmatched,1990.0
116,Lucca Daniel Staiger,Germany,196.0,Guard,0,1,0,unmatched,1988.0
117,Vladimir Stimac,Serbia,210.0,Center,0,1,0,unmatched,1987.0
118,Jason Carlton Thompson,United States of America,211.0,Center,0,1,0,unmatched,1986.0
119,Ante Tomic,Croatia,217.0,Center,0,1,0,unmatched,1987.0
120,Alexanter Vezenkov,Greece,206.0,Forward,0,1,0,unmatched,1995.0
121,Johannes Voigtmann,Germany,211.0,Center,0,1,0,unmatched,1992.0
122,Bradley Daniel Wanamaker Jr,United States of America,193.0,Guard,0,1,0,unmatched,1989.0
123,James Dale Augustine,United States of America,208.0,Center,0,1,0,unmatched,1984.0
124,Gustavo Alfonso Ayon Aguirre,Mexico,208.0,Center,0,1,0,unmatched,1985.0
125,Jeffrey Dean Brooks Jr,Italy,203.0,Forward,0,1,0,unmatched,1989.0
126,Facundo Campazzo,Spain,181.0,Guard,1,1,1,exact,1991.0
127,Jaycee Don Carroll,United States of America,188.0,Guard,0,1,0,unmatched,1983.0
128,Fabien Causeur,France,196.0,Forward,0,1,0,unmatched,1987.0
129,Jacob Greer Cohen,Israel,210.0,Center,0,1,0,unmatched,1990.0
130,Alberto Diaz Ortiz,Spain,188.0,Guard,0,1,0,unmatched,1994.0
131,Daniel Diez De La Faya,Spain,201.0,Forward,0,1,0,unmatched,1993.0
132,Luka Doncic,Slovenia,199.0,Guard,1,1,1,exact,1999.0
133,Rodolfo Fernandez Farres,Spain,196.0,Forward,0,1,0,unmatched,1985.0
134,Ognjen Kuzmic,Serbia,213.0,Center,1,1,1,exact,1990.0
135,Sergio Llull Melia,Spain,190.0,Guard,0,1,0,unmatched,1987.0
136,Jonas Maciulis,Lithuania,198.0,Forward,0,1,0,unmatched,1985.0
137,Dragan Milosavljevic,Serbia,198.0,Guard,0,1,0,unmatched,1989.0
138,Nemanja Nedovic,Serbia,192.0,Guard,1,1,1,exact,1991.0
139,Viny Pierrot Marcel Okouo,Congo,214.0,Center,0,1,0,unmatched,1997.0
140,Dino Radoncic,Serbia,202.0,Forward,0,1,0,unmatched,1999.0
141,Felipe Reyes Cabanas,Spain,204.0,Forward,0,1,0,unmatched,1980.0
142,Michael Brandon Roll,Tunisia,198.0,Forward,0,1,0,unmatched,1987.0
143,Ignacio Rosa Pompido,Spain,201.0,Forward,0,1,0,unmatched,1999.0
144,Sasu Antreas Salin,Finland,190.0,Guard,0,1,0,unmatched,1991.0
145,Giorgi Shermadini,Georgia,217.0,Center,0,1,0,unmatched,1989.0
146,Carlos Suarez Garcia-Osorio,Spain,203.0,Forward,0,1,0,unmatched,1986.0
147,Jeffery Matthew Taylor,Sweden,201.0,Forward,0,1,0,unmatched,1989.0
148,Deshaun Leroy Thomas,United States of America,201.0,Forward,0,1,0,unmatched,1991.0
149,Howard Samuel Thompkins Iii,United States of America,208.0,Forward,0,1,0,unmatched,1990.0
150,Alexander Trent Tyus,United States of America,204.0,Center,0,1,0,unmatched,1988.0
151,Adam Szczepan Waczynski,Poland,199.0,Forward,0,1,0,unmatched,1989.0
152,Santiago Yusta,Spain,200.0,Forward,0,1,0,unmatched,1997.0
153,Yovel Zoosman,Israel,200.0,Guard,0,1,0,unmatched,1998.0
154,James Lee Anderson,United States of America,198.0,Guard,0,1,0,unmatched,1989.0
155,Martynas Arlauskas,Lithuania,199.0,Guard,0,1,0,unmatched,2000.0
156,Tyler Deon Honeycutt,United States of America,203.0,Forward,0,1,0,unmatched,1990.0
157,Ricardo Julio Ledo,United States of America,197.0,Guard,0,1,0,unmatched,1992.0
158,Stefan Markovic,Serbia,198.0,Guard,0,1,0,unmatched,1988.0
159,Vasilije Micic,Serbia,196.0,Guard,1,1,1,exact,1994.0
160,Sergei Monia,Russian Federation,202.0,Forward,1,1,1,exact,1983.0
161,Aleksei Shved,Russian Federation,198.0,Guard,0,1,0,unmatched,1988.0
162,Dmitry Sokolov,Russian Federation,214.0,Center,0,1,0,unmatched,1985.0
163,Marko Todorovic,Montenegro,210.0,Center,0,1,0,unmatched,1992.0
164,Egor Vialtsev,Russian Federation,193.0,Forward,0,1,0,unmatched,1985.0
165,Viacheslav Zaitcev,Russian Federation,190.0,Guard,0,1,0,unmatched,1989.0
166,Andrey Zubkov,Russian Federation,206.0,Forward,0,1,0,unmatched,1991.0
167,Semen Antonov,Russian Federation,202.0,Forward,0,1,0,unmatched,1989.0
168,Dragan Apic,Serbia,205.0,Forward,0,1,0,unmatched,1995.0
169,Egehan Arna,Turkiye,203.0,Forward,0,1,0,unmatched,1997.0
170,Zachary Elias Auguste,United States of America,208.0,Center,0,1,0,unmatched,1993.0
171,Milko Bjelica,Montenegro,207.0,Center,0,1,0,unmatched,1984.0
172,Victor Claver Arocas,Spain,208.0,Forward,0,1,0,unmatched,1988.0
173,William Dalen Clyburn,United States of America,201.0,Forward,0,1,0,unmatched,1990.0
174,Nemanja Dangubic,Serbia,204.0,Forward,0,1,0,unmatched,1993.0
175,Dejan Davidovac,Serbia,202.0,Forward,0,1,0,unmatched,1995.0
176,Nando Bruno Alfred Andre De Colo,France,196.0,Guard,0,1,0,unmatched,1987.0
177,James Earl Feldeine Jr,United States of America,193.0,Guard,0,1,0,unmatched,1988.0
178,Vitaly Fridzon,Russian Federation,194.0,Guard,0,1,0,unmatched,1985.0
179,Richard Marciano Hickman Jr,United States of America,189.0,Guard,0,1,0,unmatched,1985.0
180,Courdon Dennard Higgins,United States of America,195.0,Guard,0,1,0,unmatched,1989.0
181,Kyle Tyrrell Hines,United States of America,198.0,Center,0,1,0,unmatched,1986.0
182,Tegba Othello Hunter Jr,United States of America,203.0,Center,0,1,0,unmatched,1986.0
183,Stefan Jankovic,Serbia,211.0,Center,0,1,0,unmatched,1993.0
184,Nikola Jovanovic,Serbia,211.0,Forward,0,1,0,unmatched,1994.0
185,Nikola Kalinic,Serbia,202.0,Forward,0,1,0,unmatched,1991.0
186,Victor Khryapa,Russian Federation,203.0,Forward,0,1,0,unmatched,1982.0
187,Petteri Johannes Koponen,Finland,,Guard,0,1,0,unmatched,1988.0
188,Mikhail Kulagin,Russian Federation,191.0,Guard,0,1,0,unmatched,1994.0
189,Nikita Kurbanov,Russian Federation,202.0,Forward,0,1,0,unmatched,1986.0
190,Rodions Kurucs,Latvia,206.0,Forward,1,1,1,exact,1998.0
191,Stefan Lazarevic,Serbia,198.0,Guard,0,1,0,unmatched,1996.0
192,Mathias Michel Lessort,France,206.0,Center,0,1,0,unmatched,1995.0
193,Alan Makiev,Russian Federation,210.0,Center,0,1,0,unmatched,1991.0
194,Luka Mitrovic,Serbia,206.0,Forward,0,1,0,unmatched,1993.0
195,James William Nunnally,United States of America,201.0,Forward,0,1,0,unmatched,1990.0
196,Louis Franklin Olinde,Germany,205.0,Forward,0,1,0,unmatched,1998.0
197,Nikola Radicevic,Serbia,194.0,Guard,0,1,0,unmatched,1994.0
198,Leon Radosevic,Germany,208.0,Center,0,1,0,unmatched,1990.0
199,Pau Ribas Tossas,Spain,196.0,Guard,0,1,0,unmatched,1987.0
200,Sergio Rodriguez Gomez,Spain,191.0,Guard,0,1,0,unmatched,1986.0
201,Augustin Rubit,United States of America,203.0,Forward,0,1,0,unmatched,1989.0
202,Bryce Nicolas Taylor,United States of America,195.0,Guard,0,1,0,unmatched,1986.0
203,Jan Vesely,Czech Republic,213.0,Center,1,1,1,exact,1990.0
204,Andrey Vorontsevich,Russian Federation,207.0,Forward,0,1,0,unmatched,1987.0
205,Leo Joseph Paul Westermann,France,198.0,Guard,0,1,0,unmatched,1992.0
206,Nikolaos Zisis,Greece,197.0,Guard,0,1,0,unmatched,1983.0
207,Awudu Abass Abass,Italy,200.0,Guard,0,1,0,unmatched,1993.0
208,Rodrigue Gabriel Beaubois,France,188.0,Forward,0,1,0,unmatched,1988.0
209,Dairis Bertans,Latvia,192.0,Guard,1,1,1,exact,1989.0
210,Andrea Cinciarini,Italy,193.0,Guard,0,1,0,unmatched,1986.0
211,Ilimane Diop Gaye,Spain,211.0,Center,0,1,0,unmatched,1995.0
212,Simone Fontecchio,Italy,203.0,Guard,1,1,1,exact,1995.0
213,Andrew Darius Goudelock,United States of America,191.0,Guard,0,1,0,unmatched,1988.0
214,Arturas Gudaitis,Lithuania,213.0,Center,0,1,0,unmatched,1993.0
215,Mantas Kalnietis,Lithuania,,Guard,0,1,0,unmatched,1986.0
216,Davide Pascolo,Italy,203.0,Forward,0,1,0,unmatched,1990.0
217,Tornike Shengelia,Georgia,206.0,Center,1,1,1,exact,1991.0
218,Jordan Theodore,United States of America,183.0,Guard,0,1,0,unmatched,1989.0
219,Janis Timma,Latvia,201.0,Forward,0,1,0,unmatched,1992.0
220,Luca Vildoza,Italy,191.0,Guard,1,1,1,exact,1995.0
221,Birkan Batuk,Turkiye,196.0,Forward,0,1,0,unmatched,1990.0
222,Onuralp Bitim,Turkiye,196.0,Guard,1,1,1,exact,1999.0
223,Errick Lane Mccollum Ii,United States of America,188.0,Guard,0,1,0,unmatched,1988.0
224,Yigitcan Saybir,Turkiye,203.0,Forward,0,1,0,unmatched,1999.0
225,Joshua Taylor Adams,United States of America,188.0,Guard,0,1,0,unmatched,1993.0
226,Dogus Balbay,Turkiye,,Guard,0,1,0,unmatched,1989.0
227,Demarquis Dangelo Bost,Bulgaria,188.0,Guard,0,1,0,unmatched,1989.0
228,Derrick Paul Brown,United States of America,203.0,Forward,0,1,0,unmatched,1987.0
229,Brandon Jameel Davies,United States of America,208.0,Center,0,1,0,unmatched,1991.0
230,Berk Demir,Turkiye,204.0,Forward,0,1,0,unmatched,1995.0
231,Bryant Kevin Dunston Jr,United States of America,203.0,Center,0,1,0,unmatched,1986.0
232,Paulius Jankunas,Lithuania,205.0,Forward,0,1,0,unmatched,1984.0
233,Antanas Kavaliauskas,Lithuania,208.0,Center,0,1,0,unmatched,1984.0
234,Gytis Masiulis,Lithuania,206.0,Forward,0,1,0,unmatched,1998.0
235,Arturas Milaknis,Lithuania,195.0,Guard,0,1,0,unmatched,1986.0
236,Brock William Motum,Australia,208.0,Forward,0,1,0,unmatched,1990.0
237,Kevin Joseph Pangos,Slovenia,186.0,Guard,0,1,0,unmatched,1993.0
238,Martynas Sajus,Lithuania,208.0,Center,0,1,0,unmatched,1996.0
239,Krunoslav Simon,Croatia,197.0,Forward,0,1,0,unmatched,1985.0
240,Axel Joseph Jean-Jacques Toupane,France,201.0,Forward,0,1,0,unmatched,1992.0
241,Edgaras Ulanovas,Lithuania,199.0,Forward,0,1,0,unmatched,1992.0
242,Paulius Valinskas,Lithuania,191.0,Guard,0,1,0,unmatched,1995.0
243,Aaron Richard White,United States of America,206.0,Forward,0,1,0,unmatched,1992.0
244,Athanasios Antetokounmpo,Greece,200.0,Forward,0,1,0,unmatched,1992.0
245,Nicholas William Calathes,Greece,196.0,Guard,0,1,0,unmatched,1989.0
246,Marcus Edward Denmon Ii,United States of America,191.0,Guard,0,1,0,unmatched,1990.0
247,Kenneth Benard Gabriel,United States of America,205.0,Forward,0,1,0,unmatched,1989.0
248,James Clough Gist Iii,United States of America,204.0,Forward,0,1,0,unmatched,1986.0
249,Georgios Kalaitzakis,Greece,201.0,Guard,1,1,1,exact,1999.0
250,Lukas Lekavicius,Lithuania,180.0,Guard,0,1,0,unmatched,1994.0
251,Konstantinos Mitoglou,Greece,210.0,Forward,0,1,0,unmatched,1996.0
252,Nikolaos Pappas,Greece,196.0,Guard,0,1,0,unmatched,1990.0
253,Kelvin Creswell Rivers,United States of America,196.0,Forward,0,1,0,unmatched,1987.0
254,Christopher Singleton Jr,United States of America,206.0,Center,0,1,0,unmatched,1989.0
255,Ian Tzaiims Vougioukas,Greece,211.0,Center,0,1,0,unmatched,1985.0
256,Fabrizio Ambrassa,Italy,197.0,Forward,0,1,0,unmatched,1969.0
257,Anthony Avent,United States of America,206.0,Forward,1,1,1,exact,1969.0
258,David Scott Evans,United States of America,200.0,Forward,0,1,0,unmatched,1973.0
259,Anthony Bowie,United States of America,198.0,Forward,1,1,1,exact,1963.0
260,Jerome James,United States of America,216.0,Center,1,1,1,exact,1975.0
261,Jovan Manovic,Croatia,183.0,Guard,0,1,0,unmatched,1977.0
262,Zoran Savic,Serbia,208.0,Center,0,1,0,unmatched,1966.0
263,Kenneth Ray Williams,United States of America,206.0,Forward,0,1,0,unmatched,1969.0
264,Haywoode Workman,United States of America,190.0,Guard,1,1,1,exact,1966.0
265,Stojan Vrankovic,Croatia,218.0,Center,0,1,0,unmatched,1964.0
266,Dainius Salenga,Lithuania,197.0,Forward,0,1,0,unmatched,1977.0
267,Cristian Akrivos,Italy,200.0,Forward,0,1,0,unmatched,
268,Perry Carter,Spain,204.0,Forward,0,1,0,unmatched,1967.0
269,Randy Duck,United States of America,186.0,Guard,0,1,0,unmatched,1975.0
270,Steven Edwards,United States of America,198.0,Forward,0,1,0,unmatched,1973.0
271,Dejan Jovanovski,North Macedonia,198.0,Forward,0,1,0,unmatched,1973.0
272,David Brkic,Italy,208.0,Center,0,1,0,unmatched,1982.0
273,Emmanuel Manpuya,Belgium,200.0,Forward,0,1,0,unmatched,1979.0
274,Peter Lisicky,Slovakia,192.0,Guard,0,1,0,unmatched,1976.0
275,Aleksey Savrasenko,Russian Federation,215.0,Center,0,1,0,unmatched,1979.0
276,Nikolaos Chatzis,Greece,195.0,Guard,0,1,0,unmatched,1976.0
277,Igor Rakocevic,Serbia,191.0,Guard,1,1,1,exact,1978.0
278,David Arigbabu,Germany,203.0,Forward,0,1,0,unmatched,1975.0
279,Spencer Dunkley,United Kingdom,211.0,Center,0,1,0,unmatched,1969.0
280,Cesar Bravo,Spain,200.0,Guard,0,1,0,unmatched,1981.0
281,Gregory Crucifix,Belgium,185.0,Guard,0,1,0,unmatched,1978.0
282,Julien Defosse,Belgium,195.0,Guard,0,1,0,unmatched,1980.0
283,Ingmar Janke,Germany,207.0,Center,0,1,0,unmatched,1981.0
284,Juan Antonio Jobacho,Spain,192.0,Guard,0,1,0,unmatched,1981.0
285,Xavi Puyada,Spain,186.0,Guard,0,1,0,unmatched,1981.0
286,Vassilios Soulis,Greece,204.0,Forward,0,1,0,unmatched,1976.0
287,Stephen Tison,Belgium,175.0,Guard,0,1,0,unmatched,1984.0
288,Alan Tomidy,Ireland,206.0,Center,0,1,0,unmatched,1976.0
289,Giorgio Boscagin,Italy,197.0,Forward,0,1,0,unmatched,1983.0
290,Erik Cleymans,Belgium,198.0,Forward,0,1,0,unmatched,1970.0
291,Dominik Hennen,Germany,201.0,Forward,0,1,0,unmatched,1981.0
292,Dimitrios Misiakos,Greece,202.0,Forward,0,1,0,unmatched,1982.0
293,Mauro Sartori,Italy,204.0,Forward,0,1,0,unmatched,1970.0
294,Peter Van Elswyk,United Kingdom,207.0,Center,0,1,0,unmatched,1974.0
295,Panagiotis Liadelis,Greece,194.0,Guard,0,1,0,unmatched,1974.0
296,Antoine Rigaudeau,France,199.0,Guard,1,1,1,exact,1971.0
297,Kostas Vasileiadis,Greece,200.0,Forward,0,1,0,unmatched,1984.0
298,Alessandro Abbio,Italy,191.0,Guard,0,1,0,unmatched,1971.0
299,Thomas Adams,United States of America,203.0,Forward,0,1,0,unmatched,1969.0
300,Corey Albano,Italy,205.0,Forward,0,1,0,unmatched,1975.0
301,Victor Alexander,United States of America,208.0,Center,1,1,1,exact,1969.0
302,Dzevad Alihodzic,Croatia,208.0,Center,0,1,0,unmatched,1969.0
303,David Andersen,Denmark,212.0,Center,1,1,1,exact,1980.0
304,Michael Andersen,Denmark,213.0,Center,0,1,0,unmatched,1976.0
305,Martynas Andriukaitis,Lithuania,203.0,Forward,0,1,0,unmatched,1981.0
306,Alberto Angulo,Spain,191.0,Guard,0,1,0,unmatched,1970.0
307,Lucio Angulo,Spain,198.0,Forward,0,1,0,unmatched,1973.0
308,Cesar Arranz,Spain,203.0,Center,0,1,0,unmatched,1969.0
309,Petar Arsic,Serbia,206.0,Forward,0,1,0,unmatched,1973.0
310,Neville Austin,United Kingdom,208.0,Center,0,1,0,unmatched,1968.0
311,Adrian Autry,United States of America,194.0,Guard,0,1,0,unmatched,1972.0
312,Tunji Femi Awojobi,Nigeria,202.0,Forward,0,1,0,unmatched,1973.0
313,Ignacio Azofra,Spain,181.0,Guard,0,1,0,unmatched,1969.0
314,Ronnie Baker,United Kingdom,172.0,Guard,0,1,0,unmatched,1969.0
315,Bojan Bakic,Montenegro,197.0,Guard,0,1,0,unmatched,1983.0
316,Patrick Baldwin,United States of America,187.0,Guard,0,1,0,unmatched,1972.0
317,Peleg Barak,Israel,194.0,Guard,0,1,0,unmatched,1972.0
318,Gianluca Basile,Italy,192.0,Guard,0,1,0,unmatched,1975.0
319,Mike Batiste,United States of America,204.0,Forward,1,1,1,exact,1977.0
320,Sergey Bazarevich,Russian Federation,193.0,Guard,0,1,0,unmatched,1965.0
321,Sani Becirovic,Slovenia,195.0,Guard,0,1,0,unmatched,1981.0
322,Elmer Bennett,United States of America,183.0,Guard,1,1,1,medium,1970.0
323,David Berbois,Spain,185.0,Guard,0,1,0,unmatched,1973.0
324,Andy Betts,United Kingdom,217.0,Center,0,1,0,unmatched,1977.0
325,James Blackwell,United States of America,183.0,Guard,1,1,1,exact,1968.0
326,Joseph Blair,United States of America,208.0,Center,0,1,0,unmatched,1974.0
327,Ruslan Boidakov,Russian Federation,202.0,Forward,0,1,0,unmatched,1974.0
328,Davide Bonora,Italy,186.0,Guard,0,1,0,unmatched,1973.0
329,Nikolaos Bountouris,Greece,193.0,Guard,0,1,0,unmatched,1971.0
330,Primoz Brezec,Slovenia,216.0,Center,1,1,1,exact,1979.0
331,Bojan Brkic,Croatia,200.0,Forward,0,1,0,unmatched,1976.0
332,Haris Brkic,Serbia,198.0,Guard,0,1,0,unmatched,1974.0
333,Lenny Brown,United States of America,188.0,Guard,0,1,0,unmatched,1975.0
334,Marcus Brown,United States of America,191.0,Guard,1,1,1,exact,1974.0
335,John Brugos,Greece,205.0,Forward,0,1,0,unmatched,1967.0
336,Steve Bucknall,United Kingdom,198.0,Forward,1,1,1,exact,1966.0
337,Massimo Bulleri,Italy,,Guard,0,1,0,unmatched,1977.0
338,Louis Bullock,United States of America,185.0,Guard,0,1,0,unmatched,1976.0
339,Eric Burks,United Kingdom,190.0,Guard,0,1,0,unmatched,1972.0
340,Andrea Camata,Italy,213.0,Center,0,1,0,unmatched,1973.0
341,Pep Cargol,Spain,204.0,Forward,0,1,0,unmatched,1968.0
342,Claudio Coldebella,Italy,196.0,Guard,0,1,0,unmatched,1968.0
343,Marty Conlon,Ireland,211.0,Center,1,1,1,exact,1968.0
344,Chris Corchiani,Italy,178.0,Guard,1,1,1,medium,1968.0
345,Valeri Daineko,Russian Federation,207.0,Center,0,1,0,unmatched,1970.0
346,Marcelo Damiao,Italy,204.0,Forward,0,1,0,unmatched,1975.0
347,Rodrigo De La Fuente,Spain,200.0,Forward,0,1,0,unmatched,1976.0
348,Ignacio De Miguel,Spain,205.0,Forward,0,1,0,unmatched,1973.0
349,Alessandro De Pol,Italy,204.0,Forward,0,1,0,unmatched,1972.0
350,Wouter De Wilde,Belgium,204.0,Forward,0,1,0,unmatched,1976.0
351,David Desy,Belgium,185.0,Guard,0,1,0,unmatched,1971.0
352,Alain Digbeu,France,196.0,Guard,0,1,0,unmatched,1975.0
353,Toni Dijan,Croatia,203.0,Forward,0,1,0,unmatched,1983.0
354,Dimos Dikoudis,Greece,206.0,Forward,0,1,0,unmatched,1977.0
355,Byron Dinkins,United States of America,192.0,Guard,1,1,1,exact,1967.0
356,Aleksandar Djordjevic,Serbia,188.0,Guard,1,1,1,exact,1967.0
357,Tony Dorsey,United Kingdom,201.0,Forward,0,1,0,unmatched,1970.0
358,Roberto Duenas,Spain,218.0,Center,0,1,0,unmatched,1975.0
359,Boris Dzidic,Croatia,205.0,Forward,0,1,0,unmatched,1980.0
360,Jonathan Edwards,United States of America,206.0,Center,0,1,0,unmatched,1967.0
361,Nikolaos Ekonomou,Greece,208.0,Forward,0,1,0,unmatched,1973.0
362,Ronald Ellis,Belgium,200.0,Forward,0,1,0,unmatched,1967.0
363,Francisco Elson,Netherlands,211.0,Center,1,1,1,exact,1976.0
364,Ariel Eslava,Argentina,201.0,Forward,0,1,0,unmatched,1979.0
365,Patrick Femerling,Germany,213.0,Center,0,1,0,unmatched,1975.0
366,Nicolas Fernandez,Spain,209.0,Forward,0,1,0,unmatched,1977.0
367,Laurent Foirest,France,197.0,Forward,0,1,0,unmatched,1973.0
368,Alphonso Ford,United States of America,192.0,Guard,1,1,1,exact,1971.0
369,Alessandro Frosini,Italy,209.0,Center,0,1,0,unmatched,1972.0
370,Gregor Fucka,Italy,215.0,Forward,0,1,0,unmatched,1971.0
371,Giacomo Galanda,Italy,210.0,Center,0,1,0,unmatched,1975.0
372,Jorge Garbajosa,Spain,205.0,Forward,1,1,1,exact,1977.0
373,Asier Garcia,Spain,206.0,Center,0,1,0,unmatched,1978.0
374,Daniel Garcia,Spain,206.0,Forward,0,1,0,unmatched,1975.0
375,Pau Gasol Saez,Spain,216.0,Forward,0,1,0,unmatched,1980.0
376,Gianluca Ghedini,Italy,192.0,Guard,0,1,0,unmatched,1982.0
377,Yannis Giannoulis,Greece,204.0,Forward,0,1,0,unmatched,1976.0
378,Vidas Ginevicius,Lithuania,194.0,Guard,0,1,0,unmatched,1978.0
379,Emanuel Ginobili,Italy,198.0,Forward,0,1,0,unmatched,1977.0
380,Gordan Giricek,Croatia,201.0,Forward,1,1,1,exact,1977.0
381,Jurica Golemac,Slovenia,,Forward,0,1,0,unmatched,1977.0
382,Robin Grey,Germany,196.0,Guard,0,1,0,unmatched,1976.0
383,Rashard Griffith,United States of America,211.0,Center,0,1,0,unmatched,1974.0
384,Milan Gurovic,Serbia,207.0,Forward,0,1,0,unmatched,1976.0
385,Giedrius Gustas,Lithuania,190.0,Guard,0,1,0,unmatched,1980.0
386,Dereck Hamilton,Israel,200.0,Forward,0,1,0,unmatched,1966.0
387,Gerrit Hammink,Netherlands,212.0,Center,0,1,0,unmatched,1969.0
388,Steven Hansell,England,196.0,Guard,0,1,0,unmatched,1975.0
389,Martin Henlan,United Kingdom,211.0,Center,0,1,0,unmatched,1966.0
390,Wayne Henry,United Kingdom,198.0,Forward,0,1,0,unmatched,1975.0
391,Alberto Herreros,Spain,198.0,Forward,0,1,0,unmatched,1969.0
392,Jerry Hester,United States of America,198.0,Forward,0,1,0,unmatched,1975.0
393,Kris Hill,United States of America,205.0,Center,0,1,0,unmatched,1972.0
394,Rico Hill,United States of America,196.0,Forward,0,1,0,unmatched,1977.0
395,Iker Iturbe,Spain,200.0,Forward,0,1,0,unmatched,1976.0
396,Marko Jaric,Serbia,201.0,Guard,1,1,1,medium,1978.0
397,Sarunas Jasikevicius,Lithuania,,Guard,1,1,1,exact,1976.0
398,Keith Jennings,United States of America,179.0,Guard,1,1,1,exact,1968.0
399,John Jerome,Belgium,204.0,Forward,0,1,0,unmatched,1967.0
400,Nikola Jestratijevic,Serbia,211.0,Center,0,1,0,unmatched,1976.0
401,Carlos Jimenez,Spain,201.0,Forward,0,1,0,unmatched,1976.0
402,Walsh Jordan,United States of America,184.0,Guard,0,1,0,unmatched,1972.0
403,Andrius Jurkunas,Lithuania,205.0,Forward,0,1,0,unmatched,1976.0
404,Michailis Kakiouzis,Greece,207.0,Forward,0,1,0,unmatched,1976.0
405,Nerijus Karlikanovas,Lithuania,204.0,Forward,0,1,0,unmatched,1976.0
406,Arturas Karnisovas,Lithuania,204.0,Forward,0,1,0,unmatched,1971.0
407,Erez Katz,Israel,190.0,Guard,0,1,0,unmatched,1980.0
408,Tim Kennedy,United States of America,196.0,Guard,0,1,0,unmatched,1977.0
409,Grygorii Khizhniak,Ukraine,216.0,Center,0,1,0,unmatched,1974.0
410,Vassilis Kikilias,Greece,200.0,Forward,0,1,0,unmatched,1974.0
411,Eugeny Kissourine,Russian Federation,206.0,Forward,0,1,0,unmatched,1969.0
412,Tomislav Knezevic,Croatia,197.0,Guard,0,1,0,unmatched,1981.0
413,Patrick Koller,Switzerland,188.0,Guard,0,1,0,unmatched,1972.0
414,Evangelos Koronios,Greece,186.0,Guard,0,1,0,unmatched,1969.0
415,Slavko Kotnik,Slovenia,206.0,Center,0,1,0,unmatched,1962.0
416,Emilijo Kovacic,Croatia,,Center,0,1,0,unmatched,1968.0
417,Marijan Kraljevic,Slovenia,212.0,Center,0,1,0,unmatched,1970.0
418,Ioannis Kritikos,Greece,200.0,Forward,0,1,0,unmatched,1978.0
419,Darko Krunic,Croatia,194.0,Guard,0,1,0,unmatched,1968.0
420,Davor Kus,Croatia,190.0,Guard,0,1,0,unmatched,1978.0
421,Ibrahim Kutluay,Turkiye,198.0,Guard,1,1,1,exact,1974.0
422,Vladimir Kuzmanovic,Serbia,196.0,Guard,0,1,0,unmatched,1974.0
423,Martin Lattibeaudiere,United Kingdom,188.0,Guard,0,1,0,unmatched,1975.0
424,Arthur Lee,United States of America,186.0,Guard,0,1,0,unmatched,1977.0
425,Giorgios Limniatis,Greece,192.0,Guard,0,1,0,unmatched,1971.0
426,Joffre Lleal,Spain,195.0,Guard,0,1,0,unmatched,1971.0
427,Branimir Longin,Croatia,191.0,Guard,0,1,0,unmatched,1978.0
428,Raul Lopez,Spain,182.0,Guard,1,1,1,exact,1980.0
429,Niklas Lutcke,Germany,199.0,Forward,0,1,0,unmatched,1974.0
430,Andrei Maltsev,Russian Federation,,Forward,0,1,0,unmatched,1966.0
431,Matej Mamic,Croatia,203.0,Forward,0,1,0,unmatched,1975.0
432,Nuno Manarte,Portugal,184.0,Guard,0,1,0,unmatched,1975.0
433,Richard Mandeville,Croatia,210.0,Center,0,1,0,unmatched,1974.0
434,Robert Maras,Germany,215.0,Center,0,1,0,unmatched,1978.0
435,Kestutis Marciulonis,Lithuania,188.0,Guard,0,1,0,unmatched,1976.0
436,Denis Marconato,Italy,214.0,Center,0,1,0,unmatched,1975.0
437,Ivica Maric,Croatia,182.0,Guard,0,1,0,unmatched,1967.0
438,Nenad Zoric Markovic,Spain,,Guard,0,1,0,unmatched,1968.0
439,Gonzalo Martinez,Spain,178.0,Guard,0,1,0,unmatched,1974.0
440,Arturas Masiulis,Lithuania,210.0,Center,0,1,0,unmatched,1980.0
441,Tomas Masiulis,Lithuania,,Forward,0,1,0,unmatched,1975.0
442,Lee Matthews,United States of America,202.0,Forward,0,1,0,unmatched,1970.0
443,Clement Tyron Mc Coy,United States of America,,Guard,0,1,0,unmatched,1972.0
444,Lashun Mcdaniels,Italy,184.0,Guard,0,1,0,unmatched,1966.0
445,Erik Meek,United States of America,210.0,Forward,0,1,0,unmatched,1973.0
446,Andrea Meneghin,Italy,200.0,Forward,0,1,0,unmatched,1974.0
447,Marko Milic,Slovenia,199.0,Forward,1,1,1,medium,1977.0
448,Dejan Milojevic,Serbia,201.0,Forward,0,1,0,unmatched,1977.0
449,Stipe Modric,Slovenia,204.0,Forward,0,1,0,unmatched,1979.0
450,Miltiadis Moschou,Greece,207.0,Center,0,1,0,unmatched,1977.0
451,Harold Mrazek,Switzerland,191.0,Guard,0,1,0,unmatched,1973.0
452,Luis Munoz,Spain,183.0,Guard,0,1,0,unmatched,1979.0
453,Martin Muursepp,Estonia,208.0,Forward,1,1,1,exact,1974.0
454,Carlton Myers,Italy,192.0,Guard,0,1,0,unmatched,1971.0
455,Bostjan Nachbar,Slovenia,206.0,Forward,1,1,1,exact,1980.0
456,Petar Naumoski,Italy,194.0,Guard,0,1,0,unmatched,1968.0
457,Sandro Nicevic,Croatia,210.0,Center,0,1,0,unmatched,1976.0
458,Marcelo Patricio Nicola Virginio,Spain,207.0,Forward,0,1,0,unmatched,1971.0
459,Roberto Nunez,Spain,190.0,Guard,0,1,0,unmatched,1978.0
460,Kai Nurnberger,Germany,183.0,Guard,0,1,0,unmatched,1966.0
461,Fabricio Oberto,Italy,207.0,Center,1,1,1,exact,1975.0
462,Sasa Obradovic,Serbia,,Guard,0,1,0,unmatched,1969.0
463,Walter Palmer,United States of America,212.0,Center,1,1,1,exact,1968.0
464,Spyridon Panteliadis,Greece,190.0,Guard,0,1,0,unmatched,1977.0
465,Alexis Papadatos,Greece,186.0,Guard,0,1,0,unmatched,1976.0
466,Manolis Papamakarios,Greece,190.0,Guard,0,1,0,unmatched,1980.0
467,Dimitrios Papanikolaou,Greece,200.0,Guard,0,1,0,unmatched,1977.0
468,Davor Pejcinovic,Croatia,211.0,Center,0,1,0,unmatched,1971.0
469,Michalis Pelekanos,Greece,198.0,Guard,0,1,0,unmatched,1981.0
470,Hrvoje Perincic,Croatia,195.0,Guard,0,1,0,unmatched,1978.0
471,Claudio Pilutti,Italy,198.0,Forward,0,1,0,unmatched,1968.0
472,Riccardo Pittis,Italy,203.0,Forward,0,1,0,unmatched,1968.0
473,Zoran Planinic,Croatia,199.0,Guard,1,1,1,exact,1982.0
474,Michael Polite,Switzerland,203.0,Forward,0,1,0,unmatched,1968.0
475,Constantin Popa,Israel,220.0,Center,0,1,0,unmatched,1971.0
476,Nikola Prkacin,Croatia,208.0,Forward,0,1,0,unmatched,1975.0
477,Jorge Racca,Argentina,198.0,Forward,0,1,0,unmatched,1971.0
478,Dino Radja,Croatia,211.0,Center,1,1,1,exact,1967.0
479,Dejan Radonjic,Montenegro,,Guard,0,1,0,unmatched,1970.0
480,Balsa Radunovic,Serbia,203.0,Forward,0,1,0,unmatched,1980.0
481,Manuel Raga,Switzerland,196.0,Forward,0,1,0,unmatched,1973.0
482,Kevin Rankin,Turkiye,211.0,Center,0,1,0,unmatched,1971.0
483,Robert Reisenbuchler,Germany,210.0,Center,0,1,0,unmatched,1968.0
484,Efthymios Rentzias,Greece,212.0,Center,0,1,0,unmatched,1976.0
485,Alfonso Reyes,Spain,202.0,Center,0,1,0,unmatched,1971.0
486,Fabio Ribeiro,Portugal,207.0,Center,0,1,0,unmatched,1968.0
487,Jameil Rich,United States of America,178.0,Guard,0,1,0,unmatched,1975.0
488,Stephane Risacher,France,201.0,Forward,0,1,0,unmatched,1972.0
489,David Rivers,United States of America,188.0,Guard,1,1,1,exact,1965.0
490,Pedro Robles,Spain,192.0,Guard,0,1,0,unmatched,1977.0
491,Nacho Rodriguez,Spain,188.0,Guard,0,1,0,unmatched,1970.0
492,Pascal Roller,Germany,180.0,Guard,0,1,0,unmatched,1976.0
493,Rodolfo Rombaldoni,Italy,192.0,Guard,0,1,0,unmatched,1976.0
494,Massimo Ruggeri,Italy,204.0,Forward,0,1,0,unmatched,1972.0
495,Jurica Ruzic,Croatia,199.0,Forward,0,1,0,unmatched,1977.0
496,Tomislav Ruzic,Croatia,208.0,Forward,0,1,0,unmatched,1979.0
497,Mustafa Sahin,Turkiye,205.0,Forward,0,1,0,unmatched,1972.0
498,Ismael Santos,Spain,192.0,Guard,0,1,0,unmatched,1972.0
499,Marco Sassella,Switzerland,196.0,Guard,0,1,0,unmatched,1976.0
500,Casey Schmidt,Germany,199.0,Forward,0,1,0,unmatched,1970.0
501,Luis Alberto Scola Balvoa,Spain,206.0,Forward,0,1,0,unmatched,1980.0
502,Hugo Sconochini,Italy,194.0,Guard,0,1,0,unmatched,1971.0
503,Rony Seikaly,United States of America,211.0,Center,1,1,1,exact,1965.0
504,Blagota Sekulic,Montenegro,210.0,Center,0,1,0,unmatched,1982.0
505,Josip Sesar,Croatia,197.0,Guard,0,1,0,unmatched,1978.0
506,James Shields,Germany,208.0,Center,0,1,0,unmatched,1970.0
507,Georgios Sigalas,Greece,,Forward,0,1,0,unmatched,1971.0
508,Jaime Silva,Portugal,185.0,Guard,0,1,0,unmatched,1980.0
509,Aleksandar Simic,Germany,196.0,Forward,0,1,0,unmatched,
510,Jorge Sing,Portugal,192.0,Guard,0,1,0,unmatched,1978.0
511,Skelin Mate,Croatia,211.0,Center,0,1,0,unmatched,1974.0
512,Donatas Slanina,Lithuania,191.0,Guard,0,1,0,unmatched,1977.0
513,Matjaz Smodis,Slovenia,205.0,Forward,0,1,0,unmatched,1979.0
514,Luca Sottana,Italy,186.0,Guard,0,1,0,unmatched,1982.0
515,Sime Spralja,Croatia,206.0,Forward,0,1,0,unmatched,1983.0
516,Jacques Stas,Belgium,192.0,Guard,0,1,0,unmatched,1969.0
517,Stjepan Stazic,Australia,199.0,Guard,0,1,0,unmatched,1978.0
518,Vrbica Stefanov,North Macedonia,187.0,Guard,0,1,0,unmatched,1973.0
519,Dusan Stevic,Serbia,208.0,Center,0,1,0,unmatched,1972.0
520,Kebu Stewart,United States of America,204.0,Forward,1,1,1,exact,1973.0
521,Saulius Stombergas,Lithuania,203.0,Forward,0,1,0,unmatched,1973.0
522,Eric Struelens,Belgium,208.0,Center,0,1,0,unmatched,1969.0
523,Amit Tamir,Israel,210.0,Center,0,1,0,unmatched,1979.0
524,Meir Tapiro,Israel,192.0,Guard,0,1,0,unmatched,1975.0
525,Derrick Taylor,Germany,181.0,Guard,0,1,0,unmatched,1963.0
526,Eric Taylor,United Kingdom,183.0,Guard,0,1,0,unmatched,1969.0
527,Gerrit Terdenge,Germany,205.0,Forward,0,1,0,unmatched,1975.0
528,Bernard Thiry,Belgium,195.0,Guard,0,1,0,unmatched,1972.0
529,Mindaugas Timinskas,Lithuania,200.0,Guard,0,1,0,unmatched,1974.0
530,Dejan Tomasevic,Serbia,208.0,Center,0,1,0,unmatched,1973.0
531,Milan Tomits,Greece,,Guard,0,1,0,unmatched,1973.0
532,Milenko Topic,Serbia,,Forward,0,1,0,unmatched,1969.0
533,Kostas Tsartsaris,Greece,209.0,Forward,0,1,0,unmatched,1979.0
534,Puppy Turgeman,Israel,194.0,Guard,0,1,0,unmatched,1970.0
535,Norbert Valis,Switzerland,201.0,Forward,0,1,0,unmatched,1971.0
536,Shaun Vandiver,United States of America,208.0,Center,0,1,0,unmatched,1968.0
537,Marko Verginella,Slovenia,203.0,Forward,0,1,0,unmatched,1978.0
538,Milijan Veskovic,Serbia,196.0,Guard,0,1,0,unmatched,1979.0
539,Sergi Vidal,Spain,200.0,Forward,0,1,0,unmatched,1981.0
540,Dragan Vukcevic,Serbia,201.0,Forward,0,1,0,unmatched,1971.0
541,Dusan Vukcevic,Greece,,Forward,0,1,0,unmatched,1975.0
542,Kendrick Warren,United States of America,203.0,Forward,0,1,0,unmatched,1971.0
543,Frederic Weis,France,218.0,Center,0,1,0,unmatched,1977.0
544,Jiri Welsch,Czech Republic,202.0,Guard,1,1,1,exact,1980.0
545,John White,United States of America,201.0,Forward,0,1,0,unmatched,1966.0
546,Tom Wideman,United States of America,208.0,Center,0,1,0,unmatched,1976.0
547,Henry Williams,United States of America,190.0,Guard,0,1,0,unmatched,1970.0
548,Steve Woodberry,United States of America,192.0,Guard,0,1,0,unmatched,1971.0
549,Giampaolo Zamberlan,Italy,202.0,Forward,0,1,0,unmatched,1962.0
550,Jiri Zidek,Czech Republic,212.0,Center,0,1,0,unmatched,1973.0
551,Eurelijus Zukauskas,Lithuania,216.0,Center,0,1,0,unmatched,1973.0
552,Mindaugas Zukauskas,Lithuania,201.0,Forward,0,1,0,unmatched,1975.0
553,Zoran Viskovic,Croatia,212.0,Center,0,1,0,unmatched,1975.0
554,Daniel Becker,Israel,203.0,,0,1,0,unmatched,1966.0
555,Tim Sanks,No country,,,0,1,0,unmatched,
556,Antonio Granger,United States of America,201.0,Forward,0,1,0,unmatched,1976.0
557,Christos Harissis,Greece,188.0,Guard,0,1,0,unmatched,1976.0
558,Isaac Austin,United States of America,208.0,Center,0,1,0,unmatched,1969.0
559,Charlie Bell,United States of America,191.0,Guard,1,1,1,exact,1979.0
560,Nedim Dal,Turkiye,214.0,Center,0,1,0,unmatched,1975.0
561,Juan Jose Lopez,Spain,204.0,,0,1,0,unmatched,1982.0
562,Vassil Evtimov,France,205.0,Center,0,1,0,unmatched,1977.0
563,Douglas Overton,United States of America,190.0,Guard,0,1,0,unmatched,1969.0
564,Ruben Wolkowysky,Poland,207.0,Center,0,1,0,unmatched,1973.0
565,Carlos Arroyo,United States of America,188.0,Guard,1,1,1,exact,1979.0
566,Damir Markota,Croatia,208.0,Forward,1,1,1,exact,1985.0
567,Rumeal Robinson,United States of America,188.0,Guard,1,1,1,exact,1966.0
568,Jonathan Kerner,United States of America,211.0,Center,1,1,1,medium,1974.0
569,Stefano Attruia,Italy,183.0,Guard,0,1,0,unmatched,1969.0
570,Maciej Lampe,Poland,210.0,Center,1,1,1,exact,1985.0
571,Andrei Fetisov,Russian Federation,208.0,Forward,0,1,0,unmatched,1972.0
572,Davor Marcelic,Croatia,200.0,Forward,0,1,0,unmatched,1969.0
573,Anderson Varejao,Brazil,209.0,Forward,1,1,1,exact,1982.0
574,Aleksander Milosserdov,Russian Federation,198.0,Forward,0,1,0,unmatched,1980.0
575,Piotr Szybilski,Poland,208.0,Center,0,1,0,unmatched,1973.0
576,Nickoloz Tskitshvili,Georgia,213.0,Center,0,1,0,unmatched,1983.0
577,Dusan Bocevski,North Macedonia,208.0,Forward,0,1,0,unmatched,1973.0
578,Christopher Carr,United States of America,203.0,Guard,0,1,0,unmatched,1974.0
579,Theodore Allen,United States of America,207.0,,0,1,0,unmatched,1972.0
580,Charles Byrd,United States of America,185.0,Guard,0,1,0,unmatched,1966.0
581,Aleh Kojenets,Belarus,208.0,Center,0,1,0,unmatched,1977.0
582,James Lorenzo Brewer,United States of America,190.0,Guard,0,1,0,unmatched,1969.0
583,Goran Cakic,Serbia,207.0,Forward,0,1,0,unmatched,1980.0
584,Gabriel Fernandez,Italy,204.0,Forward,0,1,0,unmatched,1976.0
585,Roberto Graziano,Italy,,,0,1,0,unmatched,1984.0
586,Demarco Johnson,United States of America,204.0,Forward,1,1,1,exact,1975.0
587,Sherman Hamilton,Canada,185.0,Guard,0,1,0,unmatched,1972.0
588,Josko Poljak,Croatia,214.0,Center,0,1,0,unmatched,1978.0
589,Aleksandar Okunskyy,Ukraine,214.0,Center,0,1,0,unmatched,1971.0
590,Ivica Skalabrin,Croatia,183.0,Guard,0,1,0,unmatched,1980.0
591,Ali Traore,France,208.0,Center,0,1,0,unmatched,1985.0
592,Anthony Goldwire,United States of America,188.0,Guard,1,1,1,exact,1971.0
593,Allen Griffin,United States of America,186.0,Guard,0,1,0,unmatched,1978.0
594,Aleksandar Radojevic,Bosnia and Herzegovina,221.0,Center,1,1,1,exact,1976.0
595,Jean Marc Jaumin,Belgium,184.0,Guard,0,1,0,unmatched,1970.0
596,Ed Cota,United States of America,186.0,Guard,0,1,0,unmatched,1976.0
597,Dejan Koturovic,Serbia,213.0,Center,0,1,0,unmatched,1972.0
598,Tomas Pacesas,Lithuania,190.0,Guard,0,1,0,unmatched,1971.0
599,Michael Wright,United States of America,203.0,Forward,0,1,0,unmatched,1980.0
600,John Celestand,United States of America,193.0,Guard,1,1,1,exact,1977.0
601,Denapoka Guedegbe,,,,0,1,0,unmatched,
602,Herve Toure,France,204.0,Forward,0,1,0,unmatched,1982.0
603,Rolandas Matulis,Lithuania,200.0,Forward,0,1,0,unmatched,1973.0
604,Radislav Curcic,Serbia,206.0,Center,0,1,0,unmatched,1965.0
605,Peter Cornell,United States of America,211.0,Center,0,1,0,unmatched,1976.0
606,Mario Bennet,United States of America,208.0,Forward,0,1,0,unmatched,1973.0
607,Antwain Smith,United States of America,,Forward,0,1,0,unmatched,1975.0
608,Dusan Jelic,Greece,210.0,Center,0,1,0,unmatched,1975.0
609,Christos Tapoutos,Greece,,Forward,0,1,0,unmatched,1982.0
610,Juris Umbrasko,Latvia,198.0,Forward,0,1,0,unmatched,1979.0
611,Nikola Vujcic,Croatia,211.0,Center,0,1,0,unmatched,1978.0
612,Simon Petrov,Slovenia,190.0,Guard,0,1,0,unmatched,1976.0
613,Richard Petruska,Slovakia,208.0,Center,1,1,1,exact,1969.0
614,Mustafa Abi,Turkiye,197.0,Guard,0,1,0,unmatched,1979.0
615,Danya Abrams,United States of America,201.0,Forward,0,1,0,unmatched,1974.0
616,Tutku Acik,Turkiye,,Guard,0,1,0,unmatched,1980.0
617,Andrzej Adamek,Poland,,Guard,0,1,0,unmatched,1972.0
618,Arsene Ade-Mensah,France,182.0,Guard,0,1,0,unmatched,1971.0
619,Dainius Adomaitis,Lithuania,,Forward,0,1,0,unmatched,1974.0
620,Xiarchos Agron,Montenegro,212.0,Center,0,1,0,unmatched,1981.0
621,Vladan Alanovic,Croatia,190.0,Guard,0,1,0,unmatched,1967.0
622,Nikolai Alexeev,Belarus,209.0,Guard,0,1,0,unmatched,1978.0
623,Wendell Alexis,United States of America,203.0,Forward,0,1,0,unmatched,1964.0
624,Fragkiskos Alvertis,Greece,,Forward,0,1,0,unmatched,1974.0
625,Alfonso Alzamora Ammetller,Spain,,Center,0,1,0,unmatched,1979.0
626,Vladimir Anzulovic,Croatia,186.0,Guard,0,1,0,unmatched,1978.0
627,Ender Arslan,Turkiye,188.0,Guard,0,1,0,unmatched,1983.0
628,Chad Austin,United States of America,188.0,Guard,0,1,0,unmatched,1975.0
629,Vule Avdalovic,Serbia,189.0,Guard,0,1,0,unmatched,1981.0
630,Ruslan Avleev,Russian Federation,198.0,Forward,0,1,0,unmatched,1976.0
631,Georgios Ballogiannis,Greece,198.0,Guard,0,1,0,unmatched,1971.0
632,Paolo Barlera,Italy,208.0,Center,0,1,0,unmatched,1982.0
633,Stephen Barnes,United Kingdom,204.0,Forward,0,1,0,unmatched,1973.0
634,Francesco Basei,Italy,203.0,Forward,0,1,0,unmatched,1983.0
635,Alexandr Bashminov,Russian Federation,211.0,Forward,0,1,0,unmatched,1978.0
636,Christophe Beghin,Belgium,,Center,0,1,0,unmatched,1980.0
637,Miroslav Beric,Serbia,200.0,Guard,0,1,0,unmatched,1973.0
638,Huseyin Besok,Turkiye,212.0,Center,0,1,0,unmatched,1975.0
639,Ralph Biggs,Belgium,201.0,Forward,0,1,0,unmatched,1976.0
640,Rafael Bigus,Poland,215.0,Center,0,1,0,unmatched,1976.0
641,Jim Bilba,France,198.0,Forward,0,1,0,unmatched,1968.0
642,Dejan Bodiroga,Serbia,205.0,Forward,0,1,0,unmatched,1973.0
643,Vladimer Boisa,Georgia,205.0,Forward,0,1,0,unmatched,1981.0
644,Yann Bonato,France,202.0,Forward,0,1,0,unmatched,1972.0
645,Melvin Booker,United States of America,185.0,Guard,1,1,1,exact,1972.0
646,Calvin Bowman,United States of America,206.0,Forward,0,1,0,unmatched,1977.0
647,Mark Brisker,United States of America,195.0,Guard,0,1,0,unmatched,1969.0
648,Tal Burstein,Israel,198.0,Guard,0,1,0,unmatched,1980.0
649,Willie Burton,United States of America,203.0,Forward,1,1,1,exact,1968.0
650,Zarko Cabarkapa,Serbia,211.0,Forward,1,1,1,exact,1981.0
651,Carlos Eduardo Cabezas Jurado,Spain,186.0,Guard,0,1,0,unmatched,1980.0
652,Nenad Canak,Serbia,,Forward,0,1,0,unmatched,1976.0
653,Aleksandar Capin,Slovenia,186.0,Guard,0,1,0,unmatched,1982.0
654,Maurice Carter,United States of America,197.0,Forward,1,1,1,exact,1976.0
655,Silas Cheung,United Kingdom,188.0,Guard,0,1,0,unmatched,1973.0
656,Sergei Chikalkin,Russian Federation,196.0,Guard,0,1,0,unmatched,1975.0
657,Teo Cizmic,Croatia,,Forward,0,1,0,unmatched,1971.0
658,Jon Cortaberria,Spain,200.0,Forward,0,1,0,unmatched,1982.0
659,Benett Davison,United States of America,203.0,Forward,0,1,0,unmatched,1975.0
660,Mithat Demirel,Germany,182.0,Guard,0,1,0,unmatched,1978.0
661,Ibrahim Diarra,Sweden,195.0,Guard,0,1,0,unmatched,1973.0
662,Boris Diaw,France,203.0,Guard,1,1,1,exact,1982.0
663,Dmitry Domani,Russian Federation,200.0,Guard,0,1,0,unmatched,1974.0
664,Periklis Dorkofikis,Greece,207.0,Forward,0,1,0,unmatched,1980.0
665,Dragisa Drobnjak,Slovenia,,Forward,0,1,0,unmatched,1977.0
666,Artur Drozdov,Ukraine,199.0,Forward,0,1,0,unmatched,1980.0
667,Tyus Edney,United States of America,178.0,Guard,1,1,1,exact,1973.0
668,Thanasis Efthimiou,Greece,207.0,Forward,0,1,0,unmatched,1978.0
669,Gintaras Einikis,Lithuania,208.0,Center,0,1,0,unmatched,1969.0
670,Emre Ekim,Turkiye,208.0,,0,1,0,unmatched,1980.0
671,Enver Ekmen,Turkiye,206.0,Forward,0,1,0,unmatched,1983.0
672,William Keith Eley,United States of America,208.0,Center,0,1,0,unmatched,1975.0
673,Eric Elliot,United States of America,182.0,Guard,0,1,0,unmatched,1969.0
674,Darren Engellant,United States of America,209.0,Center,0,1,0,unmatched,1970.0
675,Brett Eppeheimer,United States of America,183.0,Guard,0,1,0,unmatched,1976.0
676,Hakki Harun Erdenay,Turkiye,190.0,Guard,0,1,0,unmatched,1968.0
677,Roger Esteller,Spain,193.0,Guard,0,1,0,unmatched,1972.0
678,Frederic Fauthoux,France,,Guard,0,1,0,unmatched,1972.0
679,Carlo Ferri,,,,0,1,0,unmatched,
680,Michele Ferri,Italy,185.0,Guard,0,1,0,unmatched,1985.0
681,Gordan Firic,Italy,196.0,,0,1,0,unmatched,1970.0
682,James Forrest,United States of America,206.0,Forward,0,1,0,unmatched,1972.0
683,Reggie Freeman,United States of America,197.0,Guard,0,1,0,unmatched,1975.0
684,David Frigout,France,206.0,Forward,0,1,0,unmatched,1973.0
685,Didier Gadou,France,203.0,Forward,0,1,0,unmatched,1965.0
686,Thierry Gadou,France,206.0,Forward,0,1,0,unmatched,1969.0
687,Aleksandar Gajic,Serbia,186.0,Guard,0,1,0,unmatched,1983.0
688,Stefano Garris,Germany,200.0,Guard,0,1,0,unmatched,1979.0
689,Andrius Giedraitis,Lithuania,196.0,Guard,0,1,0,unmatched,1973.0
690,Silvio Gigena,Italy,200.0,Forward,0,1,0,unmatched,1975.0
691,Aleksandar Glintic,Serbia,208.0,Forward,0,1,0,unmatched,1976.0
692,Boris Gnjidic,Croatia,199.0,Forward,0,1,0,unmatched,1967.0
693,Miljan Goljovic,Slovenia,,Forward,0,1,0,unmatched,1971.0
694,Kerem Gonlum,Turkiye,208.0,Center,0,1,0,unmatched,1977.0
695,Marcus Goree,United States of America,203.0,Forward,0,1,0,unmatched,1977.0
696,Ivan Grgat,Croatia,211.0,Center,0,1,0,unmatched,1974.0
697,Jordi Grimau,Spain,199.0,Forward,0,1,0,unmatched,1983.0
698,Samo Grum,Slovenia,194.0,Guard,0,1,0,unmatched,1979.0
699,Muratcan Guler,Turkiye,192.0,Guard,0,1,0,unmatched,1980.0
700,Sam Hagginas,United States of America,206.0,Forward,0,1,0,unmatched,1979.0
701,Yotam Halperin,Israel,,Guard,0,1,0,unmatched,1984.0
702,Michael Hawkins,United States of America,181.0,Guard,1,1,1,exact,1972.0
703,Nadav Henefeld,Israel,200.0,Forward,0,1,0,unmatched,1968.0
704,Edu Hernandez-Sonseca,Spain,212.0,Center,0,1,0,unmatched,1983.0
705,Philip Hickey,United States of America,211.0,Center,0,1,0,unmatched,1977.0
706,Kyle Hill,United States of America,188.0,Guard,0,1,0,unmatched,1979.0
707,Peter Hoffman,United States of America,198.0,Forward,0,1,0,unmatched,1969.0
708,Nate Huffman,United States of America,216.0,Center,1,1,1,exact,1975.0
709,Roger Huggins,United Kingdom,201.0,Forward,0,1,0,unmatched,1967.0
710,Jasmin Hukic,Bosnia and Herzegovina,202.0,Forward,0,1,0,unmatched,1979.0
711,Ibeja Agi,Greece,213.0,Center,0,1,0,unmatched,1981.0
712,Vlado Ilievski,North Macedonia,188.0,Guard,0,1,0,unmatched,1980.0
713,Kenneth Inge,United States of America,204.0,Forward,0,1,0,unmatched,1978.0
714,Igor Ivaskovic,Slovenia,196.0,Guard,0,1,0,unmatched,1983.0
715,Nemanja Jelesijevic,Serbia,208.0,Center,0,1,0,unmatched,1979.0
716,Georgios Kalaitzis,Greece,,Guard,0,1,0,unmatched,1976.0
717,Kaspars Kambala,Latvia,205.0,Center,0,1,0,unmatched,1978.0
718,Vasily Karasev,Russian Federation,,Guard,0,1,0,unmatched,1971.0
719,Jeff Kent,United States of America,206.0,Forward,0,1,0,unmatched,1970.0
720,George Komanidic-Antoniadis,,,,0,1,0,unmatched,
721,Arijan Komazec,Croatia,201.0,Forward,0,1,0,unmatched,1970.0
722,Charles Kornegay,Spain,205.0,Center,0,1,0,unmatched,1974.0
723,Barisa Krasic,Croatia,203.0,Forward,0,1,0,unmatched,1978.0
724,Nenad Krstic,Serbia,212.0,Center,1,1,1,exact,1983.0
725,Vladimir Krstic,Croatia,185.0,Guard,0,1,0,unmatched,1972.0
726,Alexander Kuhel,Germany,214.0,Center,0,1,0,unmatched,1973.0
727,Jaka Lakovic,Slovenia,,Guard,0,1,0,unmatched,1978.0
728,Derrick Lewis,United States of America,205.0,Forward,0,1,0,unmatched,1966.0
729,Tonin Llorente,Spain,183.0,Guard,0,1,0,unmatched,1963.0
730,Alexander Lokhmanchuk,Ukraine,206.0,Forward,0,1,0,unmatched,1973.0
731,Quadre-Michael Lollis,United States of America,202.0,Forward,0,1,0,unmatched,1973.0
732,Dragan Lukovski,Serbia,181.0,Guard,0,1,0,unmatched,1975.0
733,Jorg Lutcke,Germany,201.0,Forward,0,1,0,unmatched,1975.0
734,Michele Maggioli,Italy,212.0,Center,0,1,0,unmatched,1977.0
735,Gerrit Major,Belgium,188.0,Guard,0,1,0,unmatched,1980.0
736,Marijan Mance,Croatia,197.0,Guard,0,1,0,unmatched,1978.0
737,Stefano Mancinelli,Italy,203.0,Forward,0,1,0,unmatched,1983.0
738,Panagiotis Mantzanas,Greece,198.0,Forward,0,1,0,unmatched,1980.0
739,Predrag Materic,Serbia,198.0,Guard,0,1,0,unmatched,1977.0
740,Curtis Mc Cants,United States of America,188.0,Guard,0,1,0,unmatched,1975.0
741,THALAMUS Mc GHEE,United States of America,206.0,Center,0,1,0,unmatched,1975.0
742,ARRIEL McDONALD,Slovenia,189.0,Guard,0,1,0,unmatched,1972.0
743,Raul Mena,Spain,176.0,Guard,0,1,0,unmatched,1982.0
744,Bob Menama,Belgium,198.0,Forward,0,1,0,unmatched,1980.0
745,Darryl Middleton Bryant,Spain,,Forward,0,1,0,unmatched,1966.0
746,Larry Middleton,United States of America,190.0,Guard,0,1,0,unmatched,1965.0
747,Raimonds Miglieniks,Latvia,190.0,Guard,0,1,0,unmatched,1970.0
748,Mikhail Mikhailov,Russian Federation,205.0,Center,0,1,0,unmatched,1971.0
749,Kyle Justin Milling,France,,Center,0,1,0,unmatched,1974.0
750,Milos Mirkovic,Serbia,206.0,Center,0,1,0,unmatched,1983.0
751,Ioannis Mitropoulos,Greece,194.0,Forward,0,1,0,unmatched,1983.0
752,Nikita Morgunov,Russian Federation,211.0,Forward,0,1,0,unmatched,1975.0
753,Veljko Mrsic,Croatia,203.0,Forward,0,1,0,unmatched,1971.0
754,Haris Mujezinovic,Bosnia and Herzegovina,205.0,Center,0,1,0,unmatched,1974.0
755,Damir Mulaomerovic,Croatia,195.0,Guard,0,1,0,unmatched,1974.0
756,Terrell Myers,United States of America,186.0,Guard,0,1,0,unmatched,1974.0
757,Stevan Nadjfeji,Serbia,202.0,Forward,0,1,0,unmatched,1979.0
758,Tim Nees,Germany,209.0,Center,0,1,0,unmatched,1971.0
759,Misan Nikagbatse,Germany,193.0,Guard,0,1,0,unmatched,1982.0
760,Andres Marcelo Nocioni,Italy,203.0,Forward,0,1,0,unmatched,1979.0
761,Inyang Ime Oduok,Nigeria,202.0,Forward,0,1,0,unmatched,1971.0
762,Ademola Okulaja,Germany,206.0,Forward,0,1,0,unmatched,1975.0
763,Mehmet Okur,Turkiye,211.0,Forward,1,1,1,exact,1979.0
764,Omer Onan,Turkiye,194.0,Guard,0,1,0,unmatched,1978.0
765,Djuro Ostojic,Serbia,209.0,Center,0,1,0,unmatched,1976.0
766,Teoman Ozturk,Germany,208.0,Center,0,1,0,unmatched,1967.0
767,Zaza Pachulia,Georgia,210.0,Center,1,1,1,medium,1984.0
768,Nikolay Padius,Russian Federation,197.0,Guard,0,1,0,unmatched,1980.0
769,Matteo Panichi,Italy,,Forward,0,1,0,unmatched,1972.0
770,Sergey Panov,Russian Federation,203.0,Forward,0,1,0,unmatched,1970.0
771,Giorgos Pantazopoulos,Greece,194.0,Guard,0,1,0,unmatched,1972.0
772,Lazaros Papadopoulos,Greece,210.0,Center,0,1,0,unmatched,1980.0
773,Theodoros Papaloukas,Greece,200.0,Guard,0,1,0,unmatched,1977.0
774,Stipo Papic,Germany,207.0,Forward,0,1,0,unmatched,1978.0
775,Anthony Parker,United States of America,198.0,Guard,1,1,1,exact,1975.0
776,Asim Pars,Turkiye,210.0,Center,0,1,0,unmatched,1976.0
777,Kostas Paschalis,Greece,208.0,Center,0,1,0,unmatched,1975.0
778,Zakhar Pashutin,Russian Federation,196.0,Forward,0,1,0,unmatched,1974.0
779,Sasha Pavlovic,Montenegro,201.0,Forward,1,1,1,exact,1983.0
780,Matteo Pecchia,Italy,195.0,Guard,0,1,0,unmatched,1983.0
781,Andrea Pecile,Italy,187.0,Guard,0,1,0,unmatched,1980.0
782,Alexey Pegushin,Russian Federation,194.0,Guard,0,1,0,unmatched,1973.0
783,Kaya Peker,Turkiye,208.0,Center,0,1,0,unmatched,1980.0
784,Marko Pesic,Germany,196.0,Guard,0,1,0,unmatched,1976.0
785,Ramunas Petraitis,Lithuania,194.0,Guard,0,1,0,unmatched,1975.0
786,Alexandre Petrenko,Russian Federation,205.0,Forward,0,1,0,unmatched,1976.0
787,Veselin Petrovic,Serbia,195.0,Guard,0,1,0,unmatched,1977.0
788,Derrick Phelps,United States of America,192.0,Guard,1,1,1,exact,1972.0
789,Darren Phillip,England,201.0,Forward,0,1,0,unmatched,1978.0
790,Florent Pietrus,France,202.0,Forward,0,1,0,unmatched,1981.0
791,Mickael Pietrus,France,199.0,Forward,1,1,1,exact,1982.0
792,Marko Popovic,Croatia,,Guard,0,1,0,unmatched,1982.0
793,Jim Potter,United States of America,204.0,Forward,0,1,0,unmatched,1973.0
794,Virginijus Praskevicius,Lithuania,206.0,Forward,0,1,0,unmatched,1974.0
795,Nikola Radulovic,Italy,207.0,Forward,0,1,0,unmatched,1973.0
796,Stuart Robbins,United Kingdom,210.0,Center,0,1,0,unmatched,1976.0
797,Henrik Markus Rodl,Germany,201.0,Forward,0,1,0,unmatched,1969.0
798,Berni Rodriguez,Spain,197.0,Guard,0,1,0,unmatched,1980.0
799,Johnny Rogers,Spain,207.0,Forward,1,1,1,exact,1963.0
800,Roy Rogers,United States of America,208.0,Center,1,1,1,exact,1973.0
801,Sam Rotsaert,Belgium,194.0,Guard,0,1,0,unmatched,1982.0
802,Louis Rowe,United States of America,201.0,Forward,0,1,0,unmatched,1972.0
803,Yoav Saffar,Israel,206.0,Forward,0,1,0,unmatched,1975.0
804,Marko Samanic,Croatia,207.0,Center,0,1,0,unmatched,1973.0
805,Pepe Sanchez,Argentina,192.0,Guard,1,1,1,exact,1977.0
806,Alexei Savkov,Russian Federation,196.0,Guard,0,1,0,unmatched,1979.0
807,Vlado Scepanovic,Serbia,,Guard,0,1,0,unmatched,1975.0
808,Sven Schultze,Germany,208.0,Forward,0,1,0,unmatched,1978.0
809,Rod Sellers,United States of America,206.0,Center,0,1,0,unmatched,1970.0
810,Derrick Sharp,Israel,183.0,Guard,0,1,0,unmatched,1971.0
811,Gur Shelef,Israel,201.0,Forward,0,1,0,unmatched,1974.0
812,Andrey Sheyko,Russian Federation,196.0,Forward,0,1,0,unmatched,1973.0
813,Vyacheslav Shushakov,Russian Federation,180.0,Guard,0,1,0,unmatched,1973.0
814,Sioutis Ioannis,Greece,,Guard,0,1,0,unmatched,1973.0
815,Virginius Sirvydis,Lithuania,196.0,Forward,0,1,0,unmatched,1973.0
816,Robert Skibniewski,Poland,182.0,Guard,0,1,0,unmatched,1983.0
817,Aleksandar Smiljanic,Serbia,195.0,Guard,0,1,0,unmatched,1976.0
818,Moustapha Sonko,France,192.0,Guard,0,1,0,unmatched,1972.0
819,Ioannis Stamopoulos,Greece,199.0,Forward,0,1,0,unmatched,1984.0
820,Virgil Stanescu,Romania,206.0,Forward,0,1,0,unmatched,1977.0
821,Jovo Stanojevic,Serbia,207.0,Center,0,1,0,unmatched,1977.0
822,Riste Stefanov,North Macedonia,199.0,Forward,0,1,0,unmatched,1983.0
823,Roberts Stelmahers,Latvia,,Guard,0,1,0,unmatched,1974.0
824,Mario Stojic,Germany,199.0,Guard,0,1,0,unmatched,1980.0
825,Vujadin Subotic,Serbia,198.0,Forward,0,1,0,unmatched,1981.0
826,Amara Sy,France,203.0,Forward,0,1,0,unmatched,1981.0
827,Zan Tabak,Croatia,213.0,Center,1,1,1,exact,1970.0
828,Dragan Tarlac,Serbia,210.0,Center,1,1,1,exact,1973.0
829,Tommy Thorwarth,Germany,,Guard,0,1,0,unmatched,1979.0
830,Dominik Tomczyk,Poland,204.0,Forward,0,1,0,unmatched,1974.0
831,Davor Tomic,Croatia,188.0,Guard,0,1,0,unmatched,1983.0
832,Bradley Traina,Italy,198.0,Guard,0,1,0,unmatched,1977.0
833,Georgios Tsiaras,Greece,,Forward,0,1,0,unmatched,1982.0
834,Kerem Tunceri,Turkiye,190.0,Guard,0,1,0,unmatched,1979.0
835,Mirsad Turkcan,Turkiye,206.0,Forward,1,1,1,exact,1976.0
836,Marko Tusek,Slovenia,204.0,Forward,0,1,0,unmatched,1975.0
837,Rytis Vaisvila,Lithuania,193.0,Guard,0,1,0,unmatched,1971.0
838,Remon Van De Hare,Netherlands,222.0,Center,0,1,0,unmatched,1982.0
839,Thomas Van De Vondel,Belgium,196.0,Forward,0,1,0,unmatched,1980.0
840,Peter Van Paassen,Netherlands,208.0,Center,0,1,0,unmatched,1978.0
841,Francisco Vazquez Duckitt,Spain,,Guard,0,1,0,unmatched,1974.0
842,Arda Vekiloglu,Turkiye,206.0,Forward,0,1,0,unmatched,1979.0
843,Fred Vinson,United States of America,193.0,Guard,1,1,1,exact,1971.0
844,Jakov Vladovic,Croatia,184.0,Guard,0,1,0,unmatched,1983.0
845,Marin Vrsaljko,Croatia,201.0,Forward,0,1,0,unmatched,1983.0
846,Milos Vujanic,Serbia,190.0,Guard,0,1,0,unmatched,1980.0
847,Ivan Vujic,Croatia,207.0,Center,0,1,0,unmatched,1977.0
848,Pawel Wiekiera,Poland,205.0,Forward,0,1,0,unmatched,1978.0
849,Robert Wintermantel,Germany,200.0,Forward,0,1,0,unmatched,1970.0
850,Adam Wojcik,Poland,209.0,Forward,0,1,0,unmatched,1970.0
851,Haluk Yildirim,Turkiye,200.0,Forward,0,1,0,unmatched,1972.0
852,Alper Yilmaz,Turkiye,197.0,Forward,0,1,0,unmatched,1975.0
853,Robert Bernard Youngblood,United Kingdom,,Forward,0,1,0,unmatched,1969.0
854,Fabio Zanelli,Italy,196.0,Forward,0,1,0,unmatched,1976.0
855,Jurij Zdovc,Slovenia,,Guard,0,1,0,unmatched,1966.0
856,Maciej Zielinski,Poland,198.0,Forward,0,1,0,unmatched,1971.0
857,Srdjan Zivkovic,Serbia,200.0,,0,1,0,unmatched,1986.0
858,Jr Holden,Russian Federation,185.0,Guard,0,1,0,unmatched,1976.0
859,Dragan Ceranic,Serbia,211.0,Center,0,1,0,unmatched,1976.0
860,Aaron Mitchell,Austria,188.0,Guard,0,1,0,unmatched,1969.0
861,Nick Eppehimer,Italy,201.0,Forward,0,1,0,unmatched,1979.0
862,Patricio Prato,Italy,193.0,Guard,0,1,0,unmatched,1979.0
863,Ivan Corrales,Spain,182.0,Guard,0,1,0,unmatched,1974.0
864,Aj Guyton,United States of America,187.0,Guard,0,1,0,unmatched,1978.0
865,Savo Djikanovic,Serbia,211.0,,0,1,0,unmatched,1975.0
866,Marko Bulic,Croatia,194.0,Guard,0,1,0,unmatched,1974.0
867,Darren Mclinton,United States of America,184.0,Guard,0,1,0,unmatched,1974.0
868,Marco Mordente,Italy,192.0,Guard,0,1,0,unmatched,1979.0
869,Arthur Long,United States of America,,,0,1,0,unmatched,
870,Milutin Aleksic,Serbia,202.0,Forward,0,1,0,unmatched,1982.0
871,Eric Murdock,United States of America,185.0,Guard,1,1,1,exact,1968.0
872,Ratko Varda,Serbia,213.0,Center,1,1,1,exact,1979.0
873,Tanoka Beard,United States of America,206.0,Center,0,1,0,unmatched,1971.0
874,Javier Buesa,Spain,195.0,Forward,0,1,0,unmatched,1978.0
875,Doron Sheffer,Israel,196.0,Guard,0,1,0,unmatched,1972.0
876,Lewis Sims,United States of America,203.0,Forward,0,1,0,unmatched,1973.0
877,Sean Colson,United States of America,183.0,Guard,1,1,1,exact,1975.0
878,Michael Smith,United States of America,201.0,,0,1,0,unmatched,1976.0
879,Saulius Kazevicius,Lithuania,188.0,Guard,0,1,0,unmatched,1975.0
880,Kenneth Miller,Spain,,,0,1,0,unmatched,
881,Jerrod Ward,United States of America,205.0,Forward,0,1,0,unmatched,1976.0
882,Nando Gentile,Italy,198.0,Guard,0,1,0,unmatched,1967.0
883,Alan Gregov,Croatia,191.0,Guard,0,1,0,unmatched,1970.0
884,Alvin Jones,Luxembourg,211.0,Center,1,1,1,exact,1978.0
885,Fred House,United States of America,193.0,Guard,0,1,0,unmatched,1978.0
886,Juanan Morales,Spain,211.0,Center,0,1,0,unmatched,1969.0
887,Vedran Pusic,Bosnia and Herzegovina,208.0,,0,1,0,unmatched,1986.0
888,Thierry Zig,France,191.0,Guard,0,1,0,unmatched,1975.0
889,William Phillips,France,208.0,Forward,0,1,0,unmatched,1979.0
890,Dante John Calabria,Italy,,Forward,0,1,0,unmatched,1973.0
891,James Calloway Bowdler,Ireland,208.0,Forward,0,1,0,unmatched,1977.0
892,Maurice Evans,United States of America,196.0,Guard,1,1,1,exact,1978.0
893,Derrick Dial,United States of America,193.0,Guard,1,1,1,exact,1975.0
894,German Scarone,Italy,190.0,Guard,0,1,0,unmatched,1975.0
895,Luca Vitali,Italy,201.0,Forward,0,1,0,unmatched,1986.0
896,Robert Dryden,United States of America,216.0,Center,0,1,0,unmatched,1978.0
897,Danilo Smigic,Slovenia,194.0,Guard,0,1,0,unmatched,1984.0
898,Marino Bazdaric,Croatia,195.0,Guard,0,1,0,unmatched,1978.0
899,Pero Dujmovic,Croatia,197.0,Guard,0,1,0,unmatched,1977.0
900,Goran Jurak,Slovenia,203.0,Forward,0,1,0,unmatched,1977.0
901,Sinisa Kovacevic,Bosnia and Herzegovina,200.0,Forward,0,1,0,unmatched,1978.0
902,Saso Ozbolt,Slovenia,191.0,Guard,0,1,0,unmatched,1981.0
903,Samo Udrih,Slovenia,195.0,Guard,0,1,0,unmatched,1979.0
904,Zelimir Zagorac,Slovenia,204.0,Forward,0,1,0,unmatched,1981.0
905,Jerome Allen,United States of America,192.0,Guard,1,1,1,exact,1973.0
906,Derrick Alston,United States of America,208.0,Center,1,1,1,exact,1972.0
907,Asier Arzallus,Spain,204.0,,0,1,0,unmatched,1983.0
908,Lubos Barton,Czech Republic,,Forward,0,1,0,unmatched,1980.0
909,Marco Stefano Belinelli,Italy,195.0,Guard,0,1,0,unmatched,1986.0
910,David Blu,Israel,201.0,Forward,0,1,0,unmatched,1980.0
911,Ioannis Bourousis,Greece,215.0,Center,0,1,0,unmatched,1983.0
912,Mark Bradtke,Australia,208.0,Center,1,1,1,high,1968.0
913,John Brown,United States of America,205.0,Forward,1,1,1,medium,1974.0
914,Rodney Buford,United States of America,195.0,Guard,1,1,1,exact,1977.0
915,Nikola Bulajic,Serbia,207.0,Forward,0,1,0,unmatched,1984.0
916,Jose Calderon,Spain,190.0,Guard,1,1,1,exact,1981.0
917,Chris Carrawell,United States of America,198.0,Forward,0,1,0,unmatched,1977.0
918,Roberto Chiacig,Italy,208.0,Center,0,1,0,unmatched,1974.0
919,DeJUAN COLLINS,United States of America,188.0,Guard,0,1,0,unmatched,1976.0
920,Gauthier Darrigand,France,184.0,Guard,0,1,0,unmatched,1982.0
921,Kornel David,Hungary,208.0,Forward,1,1,1,exact,1971.0
922,Fabien Dubos,France,207.0,Forward,0,1,0,unmatched,1977.0
923,Serkan Erdogan,Turkiye,190.0,Guard,0,1,0,unmatched,1978.0
924,Antonios Fotsis,Greece,209.0,Forward,0,1,0,unmatched,1981.0
925,Robert Fultz,Italy,188.0,Guard,0,1,0,unmatched,1982.0
926,Yannick Gagneur,France,198.0,Forward,0,1,0,unmatched,1980.0
927,Chris Gatling,United States of America,208.0,Forward,1,1,1,exact,1967.0
928,Georgios Giannouzakos,Greece,198.0,Guard,0,1,0,unmatched,1975.0
929,Sanya Komlan Giffa,France,,Forward,0,1,0,unmatched,1977.0
930,Guido Grunheid,Germany,206.0,Forward,0,1,0,unmatched,1982.0
931,Robert Gulyas,Hungary,213.0,Center,0,1,0,unmatched,1974.0
932,Nikos Hatzivrettas,Greece,195.0,Guard,0,1,0,unmatched,1977.0
933,Eduardo Hernandez,Spain,198.0,Forward,0,1,0,unmatched,1975.0
934,Randy Holcomb,United States of America,204.0,Forward,1,1,1,exact,1979.0
935,Cyril Julian,France,206.0,Center,0,1,0,unmatched,1974.0
936,Dusan Kecman,Serbia,,Guard,0,1,0,unmatched,1977.0
937,Tadas Klimavicius,Lithuania,204.0,Forward,0,1,0,unmatched,1982.0
938,Ivan Koljevic,Serbia,186.0,Guard,0,1,0,unmatched,1984.0
939,Alexander Koul,Belarus,213.0,Center,0,1,0,unmatched,1975.0
940,Trajan Langdon,United States of America,192.0,Guard,1,1,1,exact,1976.0
941,Marko Lekic,Serbia,212.0,Center,0,1,0,unmatched,1985.0
942,Danny Lewis,United States of America,185.0,,0,1,0,unmatched,1970.0
943,Quincy Lewis,United States of America,201.0,Forward,1,1,1,exact,1977.0
944,Kresimir Loncar,Croatia,210.0,Center,0,1,0,unmatched,1983.0
945,Lior Lubin,Israel,192.0,Guard,0,1,0,unmatched,1977.0
946,Richard Lugo,Venezuela,209.0,Center,0,1,0,unmatched,1973.0
947,Manuchar Markoishvili,Georgia,,Guard,0,1,0,unmatched,1986.0
948,Hanno Mottola,Finland,211.0,Center,1,1,1,exact,1976.0
949,Istvan Nemeth,Hungary,192.0,Guard,0,1,0,unmatched,1979.0
950,Marvin O'Connor,United States of America,191.0,Guard,0,1,0,unmatched,1978.0
951,Andre Owens,France,195.0,Forward,1,1,1,medium,1971.0
952,Gavrilo Pajovic,Montenegro,,Guard,0,1,0,unmatched,1971.0
953,Leandro Palladino,Argentina,194.0,Forward,0,1,0,unmatched,1976.0
954,Evgeny Pashutin,Russian Federation,,Guard,0,1,0,unmatched,1969.0
955,Kosta Perovic,Serbia,217.0,Center,1,1,1,exact,1985.0
956,Gianmarco Pozzecco,Italy,,Guard,0,1,0,unmatched,1972.0
957,Ivan Rakocevic,Serbia,205.0,Forward,0,1,0,unmatched,1983.0
958,John Rillie,Australia,195.0,Guard,0,1,0,unmatched,1971.0
959,Slaven Rimac,Croatia,,Guard,0,1,0,unmatched,1974.0
960,Slobodan Savovic,Montenegro,,Guard,0,1,0,unmatched,1978.0
961,Mladen Sekularac,Serbia,203.0,Forward,0,1,0,unmatched,1981.0
962,Darius Silinskis,Lithuania,216.0,Center,0,1,0,unmatched,1984.0
963,Stevin Smith,United States of America,186.0,Guard,1,1,1,medium,1972.0
964,Darius Songaila,Lithuania,206.0,Forward,1,1,1,exact,1978.0
965,David Steffel,,,,0,1,0,unmatched,
966,Andrej Stimac,Croatia,204.0,Forward,0,1,0,unmatched,1979.0
967,Mattia Suero,,,,0,1,0,unmatched,
968,Uros Tripkovic,Serbia,197.0,Guard,0,1,0,unmatched,1986.0
969,Tomas Van Den Spiegel,Belgium,214.0,Center,0,1,0,unmatched,1978.0
970,Fran Vazquez,Spain,209.0,Center,0,1,0,unmatched,1983.0
971,Lucas Victoriano,Spain,190.0,Guard,0,1,0,unmatched,1977.0
972,Christos Vidalis,Greece,186.0,Guard,0,1,0,unmatched,1985.0
973,Slavko Vranes,Serbia,229.0,Center,1,1,1,exact,1983.0
974,Roderick Blakney,United States of America,186.0,Guard,0,1,0,unmatched,1976.0
975,Albert Miralles,Spain,207.0,Center,0,1,0,unmatched,1982.0
976,Jurica Zuza,Croatia,207.0,Forward,0,1,0,unmatched,1978.0
977,Simone Berti,Italy,196.0,Guard,0,1,0,unmatched,1985.0
978,Luca Lechthaler,Italy,206.0,Center,0,1,0,unmatched,1986.0
979,Giancarlo Marcaccini,Italy,196.0,Forward,0,1,0,unmatched,1972.0
980,Florent Ruz,,,,0,1,0,unmatched,
981,Alex Mumbru Murcia,Spain,,Forward,0,1,0,unmatched,1979.0
982,Thomas Soltau,Denmark,209.0,Center,0,1,0,unmatched,1982.0
983,Acie Earl,United States of America,208.0,Center,1,1,1,exact,1970.0
984,Robert Pack,United States of America,188.0,Guard,1,1,1,exact,1969.0
985,Jeryl Sasser,United States of America,198.0,Guard,1,1,1,exact,1979.0
986,Fabricio Vay,Italy,204.0,,0,1,0,unmatched,1986.0
987,Christian Drejer,Denmark,206.0,Forward,0,1,0,unmatched,1982.0
988,Bruno Sundov,Croatia,221.0,Center,1,1,1,exact,1980.0
989,Vincenzo Esposito,Italy,190.0,Guard,1,1,1,exact,1969.0
990,Germaine Jackson,United States of America,193.0,Guard,0,1,0,unmatched,1976.0
991,Martin Ides,Czech Republic,217.0,Center,0,1,0,unmatched,1980.0
992,Luka Sjekloca,Montenegro,,,0,1,0,unmatched,1984.0
993,Marcus Taylor,United States of America,195.0,Guard,0,1,0,unmatched,1981.0
994,Ainars Bagatskis,Latvia,,Guard,0,1,0,unmatched,1967.0
995,Josip Vrankovic,Croatia,198.0,Forward,0,1,0,unmatched,1968.0
996,Mindaugas Budzinauskas,Lithuania,198.0,Forward,0,1,0,unmatched,1973.0
997,Charles Lee Evans,Germany,180.0,Guard,0,1,0,unmatched,1971.0
998,Koko Archibong,Nigeria,205.0,Forward,0,1,0,unmatched,1981.0
999,Francesco Corradini,Italy,,,0,1,0,unmatched,1986.0
1000,Ashraf Omar Amaya,United States of America,,,0,1,0,unmatched,1971.0
1001,Cory Alexander,United States of America,185.0,Guard,1,1,1,exact,1973.0
1002,Horace Jenkins,United States of America,186.0,Guard,1,1,1,exact,1974.0
1003,Srdan Subotic,Croatia,191.0,Guard,0,1,0,unmatched,1980.0
1004,Clarence Gilbert,United States of America,188.0,Guard,0,1,0,unmatched,1980.0
1005,Ante Grgurevic,Croatia,200.0,Guard,0,1,0,unmatched,1975.0
1006,Larry Lewis,United States of America,206.0,Forward,0,1,0,unmatched,1969.0
1007,Ryan Randle,United States of America,206.0,Forward,0,1,0,unmatched,1981.0
1008,Jonathan Aka,France,194.0,Forward,0,1,0,unmatched,1986.0
1009,Rolandas Alijevas,Lithuania,192.0,Guard,0,1,0,unmatched,1985.0
1010,Jose Amador,Spain,,,0,1,0,unmatched,1983.0
1011,Aloysius Anagonye,United States of America,203.0,Forward,0,1,0,unmatched,1981.0
1012,Marko Antonijevic,Slovenia,190.0,Guard,0,1,0,unmatched,1981.0
1013,Marton Bader,Hungary,212.0,Center,0,1,0,unmatched,1980.0
1014,Dalibor Bagaric,Germany,215.0,Center,1,1,1,exact,1980.0
1015,Jure Balazic,Slovenia,202.0,Forward,0,1,0,unmatched,1980.0
1016,Marcos Baltanas,Spain,193.0,Guard,0,1,0,unmatched,1976.0
1017,Andrea Bargnani,Italy,213.0,Forward,1,1,1,exact,1985.0
1018,Maceo Baston,United States of America,206.0,Forward,1,1,1,exact,1976.0
1019,Avi Ben-Chimol,Israel,195.0,Guard,0,1,0,unmatched,1985.0
1020,Doremus Bennerman,Sweden,181.0,Guard,0,1,0,unmatched,1972.0
1021,John Herbert Best,United States of America,203.0,Forward,0,1,0,unmatched,1971.0
1022,Marijo Bosnjak,Croatia,,,0,1,0,unmatched,1975.0
1023,Johnny Edward Branch,Portugal,184.0,Guard,0,1,0,unmatched,1968.0
1024,Gerald Brown,United States of America,191.0,Guard,1,1,1,exact,1975.0
1025,Konstantinos Charisis,Greece,208.0,Center,0,1,0,unmatched,1979.0
1026,Gino Cuccarolo,Italy,219.0,Center,0,1,0,unmatched,1987.0
1027,Georgios Diamantopoulos,Greece,192.0,Guard,0,1,0,unmatched,1980.0
1028,Alberto D'Inca',Italy,,Guard,0,1,0,unmatched,1987.0
1029,Makan Dioumassi,France,196.0,Forward,0,1,0,unmatched,1972.0
1030,Mario Dundovic,Croatia,200.0,Forward,0,1,0,unmatched,1977.0
1031,Slavko Duscak,Slovenia,191.0,Guard,0,1,0,unmatched,1974.0
1032,Nathan Erdmann,United States of America,195.0,Guard,0,1,0,unmatched,1973.0
1033,German Antonio Gabriel,Spain,,Center,0,1,0,unmatched,1980.0
1034,Jason Gardner,United States of America,178.0,Guard,0,1,0,unmatched,1980.0
1035,Marc Gasol,Spain,215.0,Center,1,1,1,exact,1985.0
1036,Guilherme Giovannoni,Italy,202.0,Forward,0,1,0,unmatched,1980.0
1037,Ioannis Gkagkaloudis,Greece,192.0,Guard,0,1,0,unmatched,1978.0
1038,Andreas Glyniadakis,Greece,215.0,Center,1,1,1,exact,1981.0
1039,Boris Gorenc,Slovenia,195.0,Guard,0,1,0,unmatched,1973.0
1040,Lynn Greer,United States of America,186.0,Guard,1,1,1,exact,1979.0
1041,Roger Grimau Gragera,Spain,,Guard,0,1,0,unmatched,1978.0
1042,Walter Herrmann,Argentina,202.0,Forward,1,1,1,exact,1979.0
1043,Derek Hood,United States of America,203.0,Center,1,1,1,exact,1976.0
1044,Rafael Huertas,Spain,,,0,1,0,unmatched,1984.0
1045,Radoslaw Hyzy,Poland,203.0,Forward,0,1,0,unmatched,1977.0
1046,Michal Ignerski,Poland,206.0,Forward,0,1,0,unmatched,1980.0
1047,Stefan Ivanovic,Montenegro,,,0,1,0,unmatched,1986.0
1048,Arturas Javtokas,Lithuania,206.0,Forward,0,1,0,unmatched,1977.0
1049,Ioannis Kalampokis,Greece,,Guard,0,1,0,unmatched,1978.0
1050,Federico Kammerichs,Germany,203.0,Forward,0,1,0,unmatched,1980.0
1051,Anton Kazarnovski,Israel,205.0,,0,1,0,unmatched,1985.0
1052,Robert Kosciuk,Poland,182.0,Guard,0,1,0,unmatched,1969.0
1053,Artemios Kouvaris,Greece,193.0,Guard,0,1,0,unmatched,1975.0
1054,Mirko Kovac,Serbia,199.0,Guard,0,1,0,unmatched,1983.0
1055,Ermal Kuqo,Albania,207.0,Forward,0,1,0,unmatched,1980.0
1056,Darjus Lavrinovic,Lithuania,212.0,Center,0,1,0,unmatched,1979.0
1057,Andrius Lepinaitis,Lithuania,184.0,,0,1,0,unmatched,1981.0
1058,Sascha Leutloff,Germany,195.0,Forward,0,1,0,unmatched,1982.0
1059,Pedro Llompart Uson,Spain,190.0,Guard,0,1,0,unmatched,1982.0
1060,Erazem Lorbek,Slovenia,208.0,Center,0,1,0,unmatched,1984.0
1061,Victor Luengo,Spain,194.0,Forward,0,1,0,unmatched,1974.0
1062,Arvydas Macijauskas,Lithuania,193.0,Guard,1,1,1,exact,1980.0
1063,Spyridon Magkounis,Greece,200.0,Forward,0,1,0,unmatched,1985.0
1064,Marko Maravic,Slovenia,,Forward,0,1,0,unmatched,1979.0
1065,Martin Mihajlovic,Slovenia,209.0,Center,0,1,0,unmatched,1981.0
1066,Branko Milisavljevic,Serbia,,Guard,0,1,0,unmatched,1976.0
1067,Alejandro Montecchia,Italy,182.0,Guard,0,1,0,unmatched,1972.0
1068,Bruno Morabito,Italy,182.0,Guard,0,1,0,unmatched,1984.0
1069,Pawel Mroz,Poland,214.0,Center,0,1,0,unmatched,1984.0
1070,Sotirios Nikolaidis,Greece,185.0,Guard,0,1,0,unmatched,1974.0
1071,Goran Nikolic,Serbia,205.0,Center,0,1,0,unmatched,1976.0
1072,Pantelis Papaioakim,Greece,206.0,Forward,0,1,0,unmatched,1975.0
1073,Jose Antonio Paraiso,Spain,203.0,Forward,0,1,0,unmatched,1971.0
1074,Valentin Pastal,Turkiye,204.0,Forward,0,1,0,unmatched,1984.0
1075,Smiljan Pavic,Slovenia,209.0,Forward,0,1,0,unmatched,1980.0
1076,Scoonie Penn,United States of America,180.0,Guard,0,1,0,unmatched,1977.0
1077,Johan Petro,France,210.0,Center,1,1,1,exact,1986.0
1078,Samuele Podesta,Italy,204.0,Forward,0,1,0,unmatched,1976.0
1079,Prigioni Enrici Pablo,Spain,186.0,Guard,0,1,0,unmatched,1977.0
1080,Dzenan Rahimic,Croatia,205.0,Center,0,1,0,unmatched,1974.0
1081,Maxime Renaud,France,208.0,Center,0,1,0,unmatched,1984.0
1082,Rick Rickert,United States of America,208.0,Center,0,1,0,unmatched,1983.0
1083,Alex Righetti,Italy,200.0,Guard,0,1,0,unmatched,1977.0
1084,Javier Rodriguez,Spain,189.0,Guard,0,1,0,unmatched,1984.0
1085,Shawnta Rogers,United States of America,163.0,Guard,0,1,0,unmatched,1976.0
1086,Arvydas Sabonis,Lithuania,220.0,Center,1,1,1,exact,1964.0
1087,Victor Sada Remisa,Spain,,Guard,0,1,0,unmatched,1984.0
1088,Dusan Sakota,Greece,210.0,Forward,0,1,0,unmatched,1986.0
1089,Selim Saygin,Turkiye,,Forward,0,1,0,unmatched,1985.0
1090,Simonas Serapinas,Lithuania,,Forward,0,1,0,unmatched,1982.0
1091,Mladjan Silobad,Bosnia and Herzegovina,208.0,Center,0,1,0,unmatched,1971.0
1092,Evangelos Sklavos,Greece,202.0,Forward,0,1,0,unmatched,1977.0
1093,Uros Slokar,Slovenia,210.0,Forward,1,1,1,exact,1983.0
1094,Fatih Solak,Turkiye,213.0,Center,0,1,0,unmatched,1980.0
1095,Karim Souchu,France,200.0,Forward,0,1,0,unmatched,1979.0
1096,Tiago Splitter,Brazil,211.0,Center,1,1,1,exact,1985.0
1097,Vlantimir Stergiou,Greece,198.0,Forward,0,1,0,unmatched,1977.0
1098,Mamadou Sy,France,183.0,Guard,0,1,0,unmatched,1985.0
1099,Szymon Szewczyk,Poland,209.0,Center,0,1,0,unmatched,1982.0
1100,Tanel Tein,Estonia,194.0,Forward,0,1,0,unmatched,1978.0
1101,Deon Thomas,Israel,204.0,Forward,0,1,0,unmatched,1971.0
1102,Bootsy Thornton,United States of America,195.0,Guard,0,1,0,unmatched,1977.0
1103,Alessandro Tonolli,Italy,202.0,Forward,0,1,0,unmatched,1974.0
1104,George Tsintsadze,Georgia,193.0,Guard,0,1,0,unmatched,1986.0
1105,Darrell Tucker,United States of America,200.0,,0,1,0,unmatched,1980.0
1106,Aleksandar Ugrinoski,Croatia,195.0,Guard,0,1,0,unmatched,1988.0
1107,David Vanterpool,United States of America,194.0,Guard,1,1,1,medium,1973.0
1108,Pero Vasiljevic,Serbia,205.0,Forward,0,1,0,unmatched,1978.0
1109,Matej Venta,Slovenia,188.0,Guard,0,1,0,unmatched,1984.0
1110,Anton Yudin,Russian Federation,,Guard,0,1,0,unmatched,1972.0
1111,Sasa Zagorac,Slovenia,206.0,Forward,0,1,0,unmatched,1984.0
1112,Andrija Zizic,Croatia,206.0,Forward,0,1,0,unmatched,1980.0
1113,Desmon Farmer,United States of America,196.0,Guard,1,1,1,exact,1981.0
1114,Bernard King,United States of America,196.0,Guard,1,1,1,medium,1981.0
1115,Gabriel Szalay,Slovakia,,,0,1,0,unmatched,1986.0
1116,Lonny Baxter,United States of America,203.0,Forward,1,1,1,exact,1979.0
1117,Devin Davis,United States of America,200.0,Forward,0,1,0,unmatched,1974.0
1118,Roger Mason,United States of America,196.0,Guard,0,1,0,unmatched,1980.0
1119,Sean Lester Rooks,United States of America,208.0,Center,0,1,0,unmatched,1969.0
1120,Jesus Lazaro Corral,Spain,181.0,Guard,0,1,0,unmatched,1971.0
1121,Mariusz Bacik,Poland,207.0,Forward,0,1,0,unmatched,1972.0
1122,Joseph Mcnaull,Poland,,,0,1,0,unmatched,1972.0
1123,Agostino Li Vecchi,Italy,204.0,,0,1,0,unmatched,1970.0
1124,Troy Bell,United States of America,184.0,Guard,1,1,1,exact,1980.0
1125,Julius Nwosu,Nigeria,203.0,Forward,1,1,1,medium,1971.0
1126,David Lee Jackson,United States of America,195.0,Guard,0,1,0,unmatched,1978.0
1127,Jeff Nordgaard,Poland,200.0,Forward,1,1,1,exact,1973.0
1128,Julien Blanchot,France,,,0,1,0,unmatched,1985.0
1129,Marvin Willoughby,Germany,202.0,,0,1,0,unmatched,1978.0
1130,Robert Archibald,United Kingdom,209.0,Center,1,1,1,exact,1980.0
1131,Tracy Murray,United States of America,201.0,Forward,1,1,1,exact,1971.0
1132,Robert Conley,United States of America,200.0,Forward,0,1,0,unmatched,1977.0
1133,Amal Mccaskill,United States of America,211.0,Center,1,1,1,exact,1973.0
1134,Blake Roy Stepp,United States of America,193.0,Guard,0,1,0,unmatched,1982.0
1135,Marque Perry,United States of America,185.0,Guard,0,1,0,unmatched,1981.0
1136,Axel Marie G Hervelle,Belgium,205.0,Forward,0,1,0,unmatched,1983.0
1137,Omar Quintero,Mexico,182.0,Guard,0,1,0,unmatched,1981.0
1138,Boris Bakic,Montenegro,193.0,Guard,0,1,0,unmatched,1986.0
1139,Dion Glover,United States of America,196.0,Guard,1,1,1,exact,1978.0
1140,Semih Erden,Turkiye,210.0,Center,1,1,1,exact,1986.0
1141,Rudolph Phillip Ramelli,United States of America,,,0,1,0,unmatched,1981.0
1142,Lazaros Agadakos,Greece,207.0,Center,0,1,0,unmatched,1980.0
1143,Cenk Akyol,Turkiye,,Guard,0,1,0,unmatched,1987.0
1144,Martynas Andriuskevicius,Lithuania,217.0,Center,1,1,1,exact,1986.0
1145,Alberto Aspe,Spain,200.0,,0,1,0,unmatched,1987.0
1146,Malick Badiane,Senegal,208.0,Forward,0,1,0,unmatched,1984.0
1147,Toby Bailey,United States of America,193.0,Guard,1,1,1,exact,1975.0
1148,Joey Beard,Italy,210.0,Center,0,1,0,unmatched,1975.0
1149,Luka Bogdanovic,Serbia,204.0,Forward,0,1,0,unmatched,1985.0
1150,Dejan Borovnjak,Serbia,209.0,Forward,0,1,0,unmatched,1986.0
1151,Petar Bozic,Serbia,,Guard,0,1,0,unmatched,1978.0
1152,Slobodan Bozovic,Serbia,207.0,Center,0,1,0,unmatched,1979.0
1153,Jr Bremer,United States of America,187.0,Guard,0,1,0,unmatched,1980.0
1154,Antonio Bueno,Spain,209.0,Center,0,1,0,unmatched,1980.0
1155,Pat Burke,Ireland,208.0,Center,1,1,1,exact,1973.0
1156,Mire Chatman,United States of America,187.0,Guard,0,1,0,unmatched,1978.0
1157,Valerio Circosta,Italy,188.0,Guard,0,1,0,unmatched,1987.0
1158,Andrija Ciric,Serbia,199.0,Forward,0,1,0,unmatched,1980.0
1159,Souarata Cisse,France,194.0,Guard,0,1,0,unmatched,1986.0
1160,Riccardo Cortese,Italy,197.0,Forward,0,1,0,unmatched,1986.0
1161,Simone Cotani,Italy,198.0,Forward,0,1,0,unmatched,1981.0
1162,Xane D'Almeida,France,183.0,Guard,0,1,0,unmatched,1983.0
1163,Dimitris Diamantidis,Greece,196.0,Guard,0,1,0,unmatched,1980.0
1164,Vilmantas Dilys,Lithuania,208.0,Forward,0,1,0,unmatched,1987.0
1165,Henry Domercant,United States of America,193.0,Guard,0,1,0,unmatched,1980.0
1166,Assaf Dotan,Israel,194.0,Guard,0,1,0,unmatched,1974.0
1167,Ruben Douglas,United States of America,193.0,Guard,0,1,0,unmatched,1979.0
1168,Filip Dylewicz,Poland,202.0,Forward,0,1,0,unmatched,1980.0
1169,Tyrone Ellis,United States of America,192.0,Guard,0,1,0,unmatched,1977.0
1170,Baris Ermis,Turkiye,194.0,Guard,0,1,0,unmatched,1985.0
1171,Ramon Espuna,Spain,206.0,Forward,0,1,0,unmatched,1984.0
1172,Benjamin Eze,Italy,208.0,Center,0,1,0,unmatched,1981.0
1173,Roberto Gabini,Italy,198.0,Forward,0,1,0,unmatched,1975.0
1174,Ruben Garces,Panama,206.0,Center,1,1,1,exact,1973.0
1175,Marlon Garnett,Belize,188.0,Guard,1,1,1,exact,1975.0
1176,Mickael Gelabale,France,202.0,Forward,1,1,1,exact,1983.0
1177,Olivier Gouez,France,218.0,Center,0,1,0,unmatched,1984.0
1178,Yaniv Green,Israel,206.0,Center,0,1,0,unmatched,1980.0
1179,Travis Hansen,United States of America,198.0,Forward,1,1,1,exact,1978.0
1180,Olivier Ilunga,Sweden,,Guard,0,1,0,unmatched,1984.0
1181,Ersan Ilyasova,Turkiye,207.0,Forward,1,1,1,exact,1987.0
1182,Goran Jagodnik,Slovenia,202.0,Forward,0,1,0,unmatched,1974.0
1183,Harold Jamison,United States of America,204.0,Center,1,1,1,exact,1976.0
1184,Hernan Jasen,Italy,199.0,Guard,0,1,0,unmatched,1978.0
1185,Juan Ignacio Jasen,Italy,196.0,Guard,0,1,0,unmatched,1985.0
1186,Boris Jersin,Slovenia,,Guard,0,1,0,unmatched,1985.0
1187,Nathan Johnson,United States of America,,,0,1,0,unmatched,1981.0
1188,Ivica Jurkovic,Slovenia,205.0,Forward,0,1,0,unmatched,1973.0
1189,Ioannis Kakiouzis,Greece,206.0,Forward,0,1,0,unmatched,1978.0
1190,Ali Berent Kavaklioglu,Turkiye,186.0,Guard,0,1,0,unmatched,1986.0
1191,Alex Nathanael King,Germany,200.0,Forward,0,1,0,unmatched,1985.0
1192,Fredrick Kleemichen,Germany,207.0,Forward,0,1,0,unmatched,1986.0
1193,Nestoras Kommatos,Greece,203.0,Forward,0,1,0,unmatched,1977.0
1194,Yaroslav Korolev,Russian Federation,206.0,Forward,1,1,1,exact,1987.0
1195,Bernd Kruel,Germany,210.0,Forward,0,1,0,unmatched,1976.0
1196,Andrea Lagioia,Italy,,,0,1,0,unmatched,1986.0
1197,Davide Lamma,Italy,192.0,Guard,0,1,0,unmatched,1976.0
1198,Nikola Loncar Arsenijevic,Spain,,Forward,0,1,0,unmatched,1972.0
1199,Anthony Lux,United States of America,204.0,Center,0,1,0,unmatched,1977.0
1200,Terrell Lyday,United States of America,191.0,Guard,0,1,0,unmatched,1979.0
1201,Matteo Malaventura,Italy,196.0,Guard,0,1,0,unmatched,1978.0
1202,Milos Markovic,Serbia,201.0,Forward,0,1,0,unmatched,1984.0
1203,Darius Maskoliunas,Lithuania,,Guard,0,1,0,unmatched,1971.0
1204,Jukka Matinen,Finland,202.0,Forward,0,1,0,unmatched,1978.0
1205,Josep Mestres,Spain,208.0,Center,0,1,0,unmatched,1985.0
1206,Jernej Mihalic,Slovenia,,,0,1,0,unmatched,1985.0
1207,Daniel Miller,Italy,203.0,Forward,0,1,0,unmatched,1980.0
1208,Mark Miller,United States of America,187.0,Guard,0,1,0,unmatched,1975.0
1209,Andres Miso,Spain,196.0,Guard,0,1,0,unmatched,1983.0
1210,Morlende Paccelis,France,,Guard,0,1,0,unmatched,1981.0
1211,Vedran Morovic,Croatia,183.0,Guard,0,1,0,unmatched,1983.0
1212,Daniel Munoz,Spain,,,0,1,0,unmatched,1987.0
1213,Gediminas Navickas,Lithuania,,Guard,0,1,0,unmatched,1984.0
1214,Elvir Ovcina,Bosnia and Herzegovina,209.0,Center,0,1,0,unmatched,1976.0
1215,Hasan Ozkan,Turkiye,203.0,Forward,0,1,0,unmatched,1981.0
1216,Nikolaos Papanikolopoulos,Greece,196.0,Forward,0,1,0,unmatched,1979.0
1217,Andrae Patterson,United States of America,206.0,Forward,1,1,1,exact,1975.0
1218,Stephane Pelle,Cameroon,205.0,Forward,0,1,0,unmatched,1980.0
1219,Francisco Javier Perujo,Spain,,Guard,0,1,0,unmatched,1980.0
1220,Alessandro Piazza,Italy,178.0,Guard,0,1,0,unmatched,1987.0
1221,Lavor Postell,United States of America,197.0,Forward,1,1,1,exact,1978.0
1222,Martin Rancik,Slovakia,204.0,Forward,0,1,0,unmatched,1978.0
1223,Teemu Rannikko,Finland,188.0,Guard,0,1,0,unmatched,1980.0
1224,Tomas Ress,Italy,208.0,Center,0,1,0,unmatched,1980.0
1225,Andres Rodriguez,United States of America,182.0,Guard,0,1,0,unmatched,1981.0
1226,Marin Rozic,Croatia,201.0,Forward,0,1,0,unmatched,1983.0
1227,Thierry Rupert,France,200.0,Forward,0,1,0,unmatched,1977.0
1228,Predrag Samardziski,North Macedonia,211.0,Center,0,1,0,unmatched,1986.0
1229,David Sangare Yohann,France,195.0,Guard,0,1,0,unmatched,1983.0
1230,Goran Savanovic,Serbia,,,0,1,0,unmatched,1973.0
1231,Oguz Savas,Turkiye,213.0,Center,0,1,0,unmatched,1987.0
1232,Ramunas Siskauskas,Lithuania,198.0,Guard,0,1,0,unmatched,1978.0
1233,Mladjen Sljivancanin,Serbia,200.0,Forward,0,1,0,unmatched,1985.0
1234,Charles Smith,United States of America,193.0,Guard,1,1,1,exact,1975.0
1235,Willie Solomon,United States of America,187.0,Guard,0,1,0,unmatched,1978.0
1236,Matteo Soragna,Italy,,Forward,0,1,0,unmatched,1975.0
1237,Miroslav Todic,Bosnia and Herzegovina,203.0,Forward,0,1,0,unmatched,1985.0
1238,Giovanni Tomassini,Italy,,,0,1,0,unmatched,1988.0
1239,Jordi Trias,Spain,206.0,Forward,0,1,0,unmatched,1980.0
1240,Rafael Vidaurreta,Spain,204.0,Forward,0,1,0,unmatched,1977.0
1241,Chris Williams,United States of America,201.0,Forward,0,1,0,unmatched,1980.0
1242,Vasily Zavourev,Russian Federation,196.0,Guard,0,1,0,unmatched,1987.0
1243,Ivan Zoroski,Serbia,195.0,Guard,0,1,0,unmatched,1979.0
1244,Gerald Fitch,United States of America,191.0,Guard,1,1,1,exact,1982.0
1245,Nikolaos Papanikolau,Greece,206.0,Forward,0,1,0,unmatched,1985.0
1246,Lionel Chalmers,United States of America,178.0,Guard,1,1,1,exact,1980.0
1247,Yakhouba Diawara,France,201.0,Forward,1,1,1,exact,1982.0
1248,Alex Scales,United States of America,193.0,Guard,1,1,1,exact,1978.0
1249,Dickey Simpkins,United States of America,206.0,Center,1,1,1,exact,1972.0
1250,Chris Warren,United States of America,196.0,Forward,0,1,0,unmatched,1981.0
1251,Matthew Santangelo,Italy,186.0,Guard,0,1,0,unmatched,1977.0
1252,Josh Fisher,United States of America,189.0,Guard,0,1,0,unmatched,1980.0
1253,Vonteego Cummings,United States of America,190.0,Guard,1,1,1,exact,1976.0
1254,Damon Anthony Stringer,United States of America,183.0,Guard,0,1,0,unmatched,1977.0
1255,Arnaldo De Sousa Moreira Filho,Portugal,187.0,Guard,0,1,0,unmatched,1978.0
1256,Kenneth Anderson,United States of America,183.0,Guard,0,1,0,unmatched,1970.0
1257,Rashid Atkins,United States of America,182.0,Guard,0,1,0,unmatched,1975.0
1258,Maurice Baker,United States of America,185.0,Guard,1,1,1,exact,1979.0
1259,Alvin Sims,United States of America,193.0,Guard,1,1,1,exact,1974.0
1260,Brandon Hunter,United States of America,201.0,Forward,1,1,1,exact,1980.0
1261,Robert Hatton,United States of America,187.0,Guard,0,1,0,unmatched,1976.0
1262,Fabio Lovatti,Italy,192.0,Guard,0,1,0,unmatched,1989.0
1263,Matt Freije,United States of America,206.0,Forward,1,1,1,exact,1981.0
1264,Tyrone Grant,United States of America,202.0,Forward,0,1,0,unmatched,1977.0
1265,Jamel Thomas,United States of America,198.0,Forward,1,1,1,exact,1976.0
1266,Ernest Novak,Slovenia,,,0,1,0,unmatched,1977.0
1267,Strahinja Dragicevic,Serbia,203.0,,0,1,0,unmatched,1986.0
1268,Ernestas Ezerskis,Lithuania,192.0,Forward,0,1,0,unmatched,1987.0
1269,Larry Ayuso,Puerto Rico,190.0,Guard,0,1,0,unmatched,1977.0
1270,Davide Bruttini,Italy,203.0,Forward,0,1,0,unmatched,1987.0
1271,Venson Hamilton,United States of America,207.0,Center,0,1,0,unmatched,1977.0
1272,Spencer Nelson,United States of America,203.0,Forward,0,1,0,unmatched,1980.0
1273,Damon Edwards,United States of America,,,0,1,0,unmatched,1974.0
1274,Jerome Beasley,United States of America,208.0,Center,1,1,1,exact,1980.0
1275,Alen Trepalovac,Croatia,215.0,Center,0,1,0,unmatched,1985.0
1276,Ernest Brown,United States of America,213.0,Center,1,1,1,exact,1979.0
1277,Luka Zoric,Croatia,211.0,Forward,0,1,0,unmatched,1984.0
1278,Andrius Aleksandrovas,Lithuania,196.0,Forward,0,1,0,unmatched,1986.0
1279,Luksa Andric,Croatia,210.0,Forward,0,1,0,unmatched,1985.0
1280,Nikos Argyropoulos,Greece,188.0,Guard,0,1,0,unmatched,1978.0
1281,Jamie Arnold,Israel,202.0,Forward,0,1,0,unmatched,1975.0
1282,Ioannis Athanasoulas,Greece,202.0,Forward,0,1,0,unmatched,1987.0
1283,Nikolaos Barlos,Greece,,Forward,0,1,0,unmatched,1979.0
1284,Tim Begley,United States of America,198.0,Guard,0,1,0,unmatched,1983.0
1285,Ali Bouziane,France,192.0,Guard,0,1,0,unmatched,1977.0
1286,Sandis Buskevics,Latvia,190.0,Guard,0,1,0,unmatched,1977.0
1287,Omri Moshe Casspi,Israel,205.0,Forward,0,1,0,unmatched,1988.0
1288,Daniele Cavaliero,Italy,188.0,Guard,0,1,0,unmatched,1984.0
1289,Lonnie Cooper,United States of America,193.0,Guard,0,1,0,unmatched,1976.0
1290,Taylor Coppenrath,United States of America,206.0,Center,0,1,0,unmatched,1981.0
1291,Povilas Cukinas,Lithuania,210.0,Center,0,1,0,unmatched,1983.0
1292,Christian Dalmau,Puerto Rico,194.0,Guard,0,1,0,unmatched,1975.0
1293,Tomas Delininkaitis,Lithuania,190.0,Guard,0,1,0,unmatched,1982.0
1294,Mutlu Demir,Turkiye,210.0,Center,0,1,0,unmatched,1987.0
1295,Predrag Drobnjak,Montenegro,213.0,Center,1,1,1,medium,1975.0
1296,Vladimir Dyachok,Russian Federation,204.0,Forward,0,1,0,unmatched,1980.0
1297,Christopher William Ensminger,United States of America,,Center,0,1,0,unmatched,1973.0
1298,Cuneyt Erden,Turkiye,185.0,Guard,0,1,0,unmatched,1977.0
1299,Diego Fajardo,Spain,206.0,Forward,0,1,0,unmatched,1976.0
1300,Danilo Gallinari,Italy,208.0,Forward,1,1,1,exact,1988.0
1301,Hector Garcia,Spain,194.0,Guard,0,1,0,unmatched,1978.0
1302,Oscar Garcia,Spain,203.0,Forward,0,1,0,unmatched,1979.0
1303,Robert Garrett,Germany,194.0,Guard,0,1,0,unmatched,1977.0
1304,Kiwane Garris,United States of America,188.0,Guard,1,1,1,exact,1974.0
1305,Mario Gigena,Italy,196.0,Forward,0,1,0,unmatched,1977.0
1306,Oscar Gonzalez De Las Cuevas,Spain,,,0,1,0,unmatched,1977.0
1307,Nathan Green,United States of America,195.0,Guard,0,1,0,unmatched,1977.0
1308,Jeff Greer,Dominican Republic,195.0,Forward,0,1,0,unmatched,1979.0
1309,Ricardo Greer,Dominican Republic,196.0,Forward,0,1,0,unmatched,1977.0
1310,Dror Hagag,Israel,178.0,Guard,0,1,0,unmatched,1978.0
1311,Marcus Haislip,United States of America,207.0,Forward,1,1,1,exact,1980.0
1312,Steffen Ewald Hamann,Germany,194.0,Guard,0,1,0,unmatched,1981.0
1313,Justin Hamilton,United States of America,190.0,Guard,1,1,1,medium,1980.0
1314,Clint Harrison,United States of America,194.0,Forward,0,1,0,unmatched,1976.0
1315,Uvis Helmanis,Latvia,,Center,0,1,0,unmatched,1972.0
1316,Stanley Jackson,United States of America,191.0,Guard,1,1,1,medium,1970.0
1317,Casey Jacobsen,United States of America,198.0,Forward,1,1,1,exact,1981.0
1318,Simas Jasaitis,Lithuania,202.0,Forward,0,1,0,unmatched,1982.0
1319,Robertas Javtokas,Lithuania,211.0,Center,0,1,0,unmatched,1980.0
1320,Aymeric Jeanneau,France,185.0,Guard,0,1,0,unmatched,1978.0
1321,Dimitrios Kalaitzidis,Greece,198.0,Forward,0,1,0,unmatched,1985.0
1322,Ernests Kalve,Latvia,203.0,Guard,0,1,0,unmatched,1987.0
1323,Anatoly Kashirov,Russian Federation,215.0,Center,0,1,0,unmatched,1987.0
1324,Rimantas Kaukenas,Lithuania,192.0,Guard,0,1,0,unmatched,1977.0
1325,Mindaugas Lukauskis,Lithuania,198.0,Forward,0,1,0,unmatched,1979.0
1326,Stanislav Makshantsev,Russian Federation,,,0,1,0,unmatched,1978.0
1327,Demond Mallet,United States of America,186.0,Guard,0,1,0,unmatched,1978.0
1328,Anestis Matos,Greece,200.0,Forward,0,1,0,unmatched,1987.0
1329,JOHN McCORD,United Kingdom,201.0,Forward,0,1,0,unmatched,1973.0
1330,Elson Mendy,Senegal,199.0,Forward,0,1,0,unmatched,1985.0
1331,Stefano Mercante,Italy,186.0,,0,1,0,unmatched,1987.0
1332,Mikel Nahar,Netherlands,211.0,Center,0,1,0,unmatched,1971.0
1333,Drew Nicholas,United States of America,193.0,Guard,0,1,0,unmatched,1981.0
1334,Matt Nielsen,Australia,208.0,Forward,0,1,0,unmatched,1978.0
1335,Jimmy Oliver,United States of America,195.0,Guard,1,1,1,medium,1969.0
1336,Caner Oner,Turkiye,198.0,Forward,0,1,0,unmatched,1987.0
1337,Henry Crawford Palmer,France,,Center,0,1,0,unmatched,1970.0
1338,Drago Pasalic,Croatia,208.0,Forward,0,1,0,unmatched,1984.0
1339,Ivan Pavic,Germany,200.0,Forward,0,1,0,unmatched,1981.0
1340,Nikola Pekovic,Montenegro,210.0,Center,1,1,1,exact,1986.0
1341,Kirk Penney,New Zealand,195.0,Guard,1,1,1,exact,1980.0
1342,Ivan Perincic,Croatia,,Forward,0,1,0,unmatched,1977.0
1343,Petar Popovic,Serbia,211.0,Center,0,1,0,unmatched,1979.0
1344,Alessandro Priuli,Italy,202.0,,0,1,0,unmatched,1986.0
1345,Damir Rancic,Croatia,198.0,Guard,0,1,0,unmatched,1983.0
1346,Hasan Rizvic,Slovenia,210.0,Center,0,1,0,unmatched,1984.0
1347,Brooks Sales,United States of America,208.0,Center,0,1,0,unmatched,1980.0
1348,Alfonso Sanchez,Spain,200.0,Forward,0,1,0,unmatched,1987.0
1349,Daniel Santiago,Puerto Rico,216.0,Center,1,1,1,exact,1976.0
1350,Sofoklis Schortsanitis,Greece,206.0,Center,0,1,0,unmatched,1985.0
1351,Michael Schroeder,Germany,,Center,0,1,0,unmatched,1984.0
1352,Renaldas Seibutis,Lithuania,,Guard,0,1,0,unmatched,1985.0
1353,Nikita Shabalkin,Russian Federation,204.0,Forward,0,1,0,unmatched,1986.0
1354,Sharon Shason,Israel,206.0,Forward,0,1,0,unmatched,1979.0
1355,Preston Shumpert,United States of America,198.0,Forward,0,1,0,unmatched,1979.0
1356,Nedzad Sinanovic,Bosnia and Herzegovina,222.0,Center,0,1,0,unmatched,1983.0
1357,Andrius Slezas,Lithuania,,Forward,0,1,0,unmatched,1975.0
1358,Richard Stafford,Germany,194.0,Guard,0,1,0,unmatched,1972.0
1359,Ondrej Starosta,Czech Republic,218.0,Center,0,1,0,unmatched,1979.0
1360,Nenad Stefanovic,Serbia,193.0,Guard,0,1,0,unmatched,1985.0
1361,Shaun Stonerook,United States of America,201.0,Forward,0,1,0,unmatched,1977.0
1362,Predrag Suput,Serbia,200.0,Forward,0,1,0,unmatched,1977.0
1363,Ivan Tomas,Croatia,190.0,Guard,0,1,0,unmatched,1981.0
1364,Marko Tomas,Croatia,201.0,Forward,0,1,0,unmatched,1985.0
1365,Jeff Trepagnier,United States of America,195.0,Guard,1,1,1,exact,1979.0
1366,Roko Leni Ukic,Croatia,196.0,Guard,0,1,0,unmatched,1984.0
1367,Jeff Varem,Nigeria,198.0,Forward,0,1,0,unmatched,1983.0
1368,Panagiotis Vasilopoulos,Greece,202.0,Forward,0,1,0,unmatched,1984.0
1369,Novica Velickovic,Serbia,,Forward,0,1,0,unmatched,1986.0
1370,Travis Watson,United States of America,203.0,Forward,0,1,0,unmatched,1981.0
1371,K'Zell Wesson,United States of America,202.0,Forward,0,1,0,unmatched,1977.0
1372,Shammond Williams,Georgia,186.0,Guard,1,1,1,exact,1975.0
1373,Duane Woodward,United States of America,190.0,Guard,0,1,0,unmatched,1976.0
1374,Boudji Yaici,Algeria,185.0,Guard,0,1,0,unmatched,1987.0
1375,Derya Yannier,Turkiye,190.0,Guard,0,1,0,unmatched,1985.0
1376,Bekir Yarangume,Turkiye,198.0,Forward,0,1,0,unmatched,1979.0
1377,Alvin Young,United States of America,,Guard,0,1,0,unmatched,1975.0
1378,Taquan Dean,United States of America,193.0,Guard,0,1,0,unmatched,1983.0
1379,Jon Stefansson,Iceland,195.0,Forward,0,1,0,unmatched,1982.0
1380,Oscar Torres,Venezuela,195.0,Forward,1,1,1,exact,1976.0
1381,Sam Hoskin,United States of America,205.0,Center,0,1,0,unmatched,1979.0
1382,Goran Jeretin,Montenegro,192.0,Guard,0,1,0,unmatched,1979.0
1383,Fikret Can Akin,Turkiye,,Guard,0,1,0,unmatched,1983.0
1384,Abdul Mills,United States of America,190.0,Guard,0,1,0,unmatched,1979.0
1385,Melvin Sanders,United States of America,195.0,Forward,1,1,1,medium,1981.0
1386,Devin Green,United States of America,201.0,Forward,1,1,1,exact,1982.0
1387,LaRon PROFIT,United States of America,196.0,Forward,1,1,1,exact,1977.0
1388,Andrew Wisniewski,United States of America,191.0,Guard,0,1,0,unmatched,1981.0
1389,Dan Gay,Italy,206.0,Center,0,1,0,unmatched,1961.0
1390,Obinna Ekezie,Nigeria,208.0,Center,1,1,1,exact,1975.0
1391,Eddie Basden,United States of America,195.0,Forward,1,1,1,exact,1983.0
1392,Bryant Smith,United States of America,196.0,Guard,0,1,0,unmatched,1977.0
1393,Mahmoud Abdul-Rauf,United States of America,182.0,Guard,1,1,1,exact,1969.0
1394,Alex Acker,United States of America,195.0,Guard,1,1,1,exact,1983.0
1395,Frederic Adjiwanou,France,204.0,Forward,0,1,0,unmatched,1980.0
1396,Ajinca Alexis,France,215.0,Center,0,1,0,unmatched,1988.0
1397,Pape-Philippe Amagou,France,184.0,Guard,0,1,0,unmatched,1985.0
1398,Ognjen Askrabic,Serbia,207.0,Forward,0,1,0,unmatched,1979.0
1399,Rasim Basak,Turkiye,202.0,Forward,0,1,0,unmatched,1980.0
1400,Nicolas Batum,France,203.0,Forward,1,1,1,exact,1988.0
1401,Michael Bauer,United States of America,203.0,Guard,0,1,0,unmatched,1981.0
1402,Nebojsa Bogavac,Montenegro,198.0,Guard,0,1,0,unmatched,1973.0
1403,Yannick Bokolo,France,189.0,Guard,0,1,0,unmatched,1985.0
1404,Tierre Brown,United States of America,188.0,Guard,1,1,1,exact,1979.0
1405,Ronnie Burrell,United States of America,204.0,Forward,0,1,0,unmatched,1983.0
1406,Sergey Bykov,Russian Federation,190.0,Guard,0,1,0,unmatched,1983.0
1407,Will Bynum,United States of America,183.0,Guard,1,1,1,exact,1983.0
1408,Eric Campbell,United States of America,194.0,Forward,0,1,0,unmatched,1977.0
1409,Terrel Castle,Bosnia and Herzegovina,182.0,Guard,0,1,0,unmatched,1972.0
1410,Sandi Cebular,Slovenia,195.0,Guard,0,1,0,unmatched,1986.0
1411,Aaron Cel,France,205.0,Forward,0,1,0,unmatched,1987.0
1412,Michal Chylinski,Poland,195.0,Guard,0,1,0,unmatched,1986.0
1413,Jesus Cilla,Spain,196.0,Forward,0,1,0,unmatched,1977.0
1414,Daniele Cinciarini,Italy,194.0,Guard,0,1,0,unmatched,1983.0
1415,Alessandro Cittadini,Italy,207.0,Center,0,1,0,unmatched,1979.0
1416,Ira Clark,United States of America,203.0,Forward,0,1,0,unmatched,1975.0
1417,Tony Delk,United States of America,186.0,Guard,1,1,1,exact,1974.0
1418,Hakan Demirel,Turkiye,188.0,Guard,0,1,0,unmatched,1985.0
1419,Marko Djurkovic,Serbia,206.0,Forward,0,1,0,unmatched,1986.0
1420,Lior Eliyahu,Israel,205.0,Forward,0,1,0,unmatched,1985.0
1421,Marcus Faison,United States of America,195.0,Guard,0,1,0,unmatched,1978.0
1422,Noel Felix,United States of America,206.0,Forward,1,1,1,exact,1981.0
1423,Cedric Ferchaud,France,196.0,Forward,0,1,0,unmatched,1980.0
1424,Simone Flamini,Italy,204.0,Forward,0,1,0,unmatched,1982.0
1425,Kevin Fletcher,United States of America,206.0,Center,0,1,0,unmatched,1980.0
1426,Dimitri Flis,Russian Federation,203.0,Center,0,1,0,unmatched,1984.0
1427,Charles Gaines,United States of America,203.0,Forward,0,1,0,unmatched,1981.0
1428,Luca Garri,Italy,207.0,Forward,0,1,0,unmatched,1982.0
1429,Nick George,United States of America,198.0,Forward,0,1,0,unmatched,1982.0
1430,Jacopo Giachetti,Italy,190.0,Guard,0,1,0,unmatched,1983.0
1431,Angelo Gigli,Italy,209.0,Forward,0,1,0,unmatched,1983.0
1432,Eddie Gill,United States of America,183.0,Guard,1,1,1,exact,1978.0
1433,Marcin Gortat,Poland,214.0,Center,1,1,1,exact,1984.0
1434,Kenny Gregory,United States of America,197.0,Forward,0,1,0,unmatched,1978.0
1435,David Hawkins,United States of America,193.0,Guard,0,1,0,unmatched,1982.0
1436,Savvas Iliadis,Greece,192.0,Guard,0,1,0,unmatched,1979.0
1437,Andrei Ivanov,Russian Federation,197.0,Forward,0,1,0,unmatched,1984.0
1438,Kristaps Janicenoks,Latvia,195.0,Guard,0,1,0,unmatched,1983.0
1439,Vytenis Jasikevicius,Lithuania,187.0,Guard,0,1,0,unmatched,1985.0
1440,Britton Johnsen,United States of America,206.0,Forward,1,1,1,exact,1979.0
1441,Mario Kasun,Croatia,213.0,Center,1,1,1,exact,1980.0
1442,Dmitry Khvostov,Russian Federation,190.0,Guard,0,1,0,unmatched,1989.0
1443,Alain Koffi,France,205.0,Center,0,1,0,unmatched,1983.0
1444,Saulius Kuzminskas,Lithuania,211.0,Center,0,1,0,unmatched,1982.0
1445,Jay Larranaga,United States of America,194.0,Guard,0,1,0,unmatched,1975.0
1446,Ferran Lavina,Spain,192.0,Guard,0,1,0,unmatched,1977.0
1447,Domen Lorbek,Slovenia,198.0,Forward,0,1,0,unmatched,1985.0
1448,Klemen Lorbek,Slovenia,198.0,Guard,0,1,0,unmatched,1988.0
1449,Marcelinho Machado,Brazil,200.0,Guard,0,1,0,unmatched,1975.0
1450,Ian Mahinmi,France,206.0,Forward,1,1,1,exact,1986.0
1451,Christian Maraker,Sweden,206.0,Forward,0,1,0,unmatched,1982.0
1452,Dimitrios Marmarinos,Greece,203.0,Forward,0,1,0,unmatched,1976.0
1453,Jeremiah Massey,United States of America,202.0,Forward,0,1,0,unmatched,1982.0
1454,Loukas Mavrokefalidis,Greece,210.0,Center,0,1,0,unmatched,1984.0
1455,JERRY McCULLOUGH,United States of America,179.0,Guard,0,1,0,unmatched,1973.0
1456,IMMANUEL McELROY,United States of America,194.0,Guard,0,1,0,unmatched,1980.0
1457,JERRY McNAMARA,United States of America,186.0,Guard,0,1,0,unmatched,1983.0
1458,Aaron Miles,United States of America,185.0,Guard,1,1,1,exact,1983.0
1459,Jerome Moiso,France,208.0,Forward,1,1,1,exact,1978.0
1460,Albert Moncasi,Spain,210.0,Forward,0,1,0,unmatched,1986.0
1461,Michel Morandais,France,195.0,Forward,0,1,0,unmatched,1979.0
1462,Domenico Morena,Italy,208.0,Center,0,1,0,unmatched,1970.0
1463,Damir Mrsic,Bosnia and Herzegovina,191.0,Guard,0,1,0,unmatched,1970.0
1464,Can Maxim Mutaf,Turkiye,193.0,Guard,0,1,0,unmatched,1991.0
1465,Aleksandar Nadjfeji,Serbia,203.0,Forward,0,1,0,unmatched,1976.0
1466,Bora Hun Pacun,Turkiye,210.0,Center,0,1,0,unmatched,1987.0
1467,Vaidotas Peciukas,Lithuania,199.0,Guard,0,1,0,unmatched,1982.0
1468,Kamil Pietras,Poland,207.0,,0,1,0,unmatched,1988.0
1469,Anton Ponkrashov,Russian Federation,200.0,Guard,0,1,0,unmatched,1986.0
1470,Bojan Popovic,Serbia,190.0,Guard,0,1,0,unmatched,1983.0
1471,Miroslav Raicevic,Greece,207.0,Forward,0,1,0,unmatched,1981.0
1472,Mason Rocca,Italy,204.0,Center,0,1,0,unmatched,1977.0
1473,Ricard Rubio Vives,Spain,192.0,Guard,0,1,0,unmatched,1990.0
1474,Roberto Rullo,Italy,190.0,Guard,0,1,0,unmatched,1990.0
1475,Ansu Sesay,United States of America,203.0,Forward,1,1,1,exact,1976.0
1476,Valerio Spinelli,Italy,185.0,Guard,0,1,0,unmatched,1979.0
1477,Ryan Stack,North Macedonia,212.0,Forward,1,1,1,exact,1975.0
1478,Johannes Strasser,Germany,190.0,Guard,0,1,0,unmatched,1982.0
1479,Andrew Sullivan,United Kingdom,202.0,Forward,0,1,0,unmatched,1980.0
1480,Janar Talts,Estonia,204.0,Forward,0,1,0,unmatched,1983.0
1481,Mirza Teletovic,Bosnia and Herzegovina,206.0,Forward,1,1,1,exact,1985.0
1482,Milenko Tepic,Serbia,202.0,Guard,0,1,0,unmatched,1987.0
1483,James Thomas,United States of America,203.0,Center,1,1,1,exact,1980.0
1484,Andrei Trushkin,Russian Federation,207.0,Center,0,1,0,unmatched,1981.0
1485,Dimitrios Tsaldaris,Greece,,Forward,0,1,0,unmatched,1980.0
1486,Yuri Vasilyev,Russian Federation,207.0,Center,0,1,0,unmatched,1981.0
1487,Ludovic Vaty,France,205.0,Center,0,1,0,unmatched,1988.0
1488,Goran Vrbanc,Croatia,194.0,Guard,0,1,0,unmatched,1984.0
1489,Tyson Wheeler,United States of America,178.0,Guard,1,1,1,exact,1975.0
1490,Mike Wilkinson,United States of America,204.0,Forward,0,1,0,unmatched,1981.0
1491,Brent Wright,United States of America,203.0,Forward,0,1,0,unmatched,1978.0
1492,Vassilis Xanthopoulos,Greece,186.0,Guard,0,1,0,unmatched,1984.0
1493,Przemyslaw Zamojski,Poland,186.0,Guard,0,1,0,unmatched,1986.0
1494,Dejan Hohler,Slovenia,,,0,1,0,unmatched,
1495,Davis Martens,Germany,200.0,,0,1,0,unmatched,1989.0
1496,Yuri Porcaro,Italy,,,0,1,0,unmatched,
1497,Philipp Schwethelm,Germany,201.0,,0,1,0,unmatched,1989.0
1498,Mamadou N'Diaye,Senegal,212.0,Center,1,1,1,exact,1975.0
1499,Bojan Bogdanovic,Croatia,200.0,Forward,1,1,1,exact,1989.0
1500,Pablo Aguilar Bermudez,Spain,205.0,Forward,0,1,0,unmatched,1989.0
1501,Clement Allerme,France,185.0,Guard,0,1,0,unmatched,1989.0
1502,Alan Anderson,United States of America,198.0,Guard,1,1,1,exact,1982.0
1503,Luke Anderson,United States of America,195.0,Forward,0,1,0,unmatched,1982.0
1504,Michailis Anisimov,Lithuania,216.0,Center,0,1,0,unmatched,1984.0
1505,Pietro Aradori,Italy,194.0,Guard,0,1,0,unmatched,1988.0
1506,Omer Asik,Turkiye,211.0,Center,1,1,1,exact,1986.0
1507,Pape Badiane,France,211.0,Center,0,1,0,unmatched,1980.0
1508,Simone Bagnoli,Italy,206.0,Forward,0,1,0,unmatched,1987.0
1509,Maurice Bailey,United States of America,183.0,Guard,0,1,0,unmatched,1981.0
1510,Kenan Bajramovic,Bosnia and Herzegovina,207.0,Forward,0,1,0,unmatched,1981.0
1511,Esteban Batista,Uruguay,208.0,Center,1,1,1,exact,1983.0
1512,J.P. Batista,Brazil,206.0,Center,0,1,0,unmatched,1981.0
1513,Mirza Begic,Slovenia,216.0,Center,0,1,0,unmatched,1985.0
1514,Travis Best,United States of America,180.0,Guard,1,1,1,exact,1972.0
1515,Chris Booker,United States of America,208.0,Center,0,1,0,unmatched,1981.0
1516,Michael Bradley,United States of America,208.0,Center,1,1,1,exact,1979.0
1517,Simas Buterlevicius,Lithuania,200.0,Forward,0,1,0,unmatched,1989.0
1518,Derrick Byars,United States of America,201.0,Forward,1,1,1,exact,1984.0
1519,Jean Carlos Canelo,Dominican Republic,185.0,Guard,0,1,0,unmatched,1989.0
1520,Marco Carraretto,Italy,196.0,Forward,0,1,0,unmatched,1977.0
1521,Laurent Cazalon,France,193.0,Guard,0,1,0,unmatched,1979.0
1522,Sam Clancy,United States of America,201.0,Forward,0,1,0,unmatched,1980.0
1523,Will Conroy,United States of America,187.0,Guard,1,1,1,exact,1982.0
1524,Andrea Crosariol,Italy,,Center,0,1,0,unmatched,1984.0
1525,Matteo Da Ros,Italy,200.0,Forward,0,1,0,unmatched,1989.0
1526,Erik Daniels,United States of America,204.0,Forward,1,1,1,exact,1982.0
1527,Kendall Dartez,United States of America,208.0,Center,0,1,0,unmatched,1980.0
1528,Nihad Dedovic,Germany,199.0,Guard,0,1,0,unmatched,1990.0
1529,Fabio Di Bella,Italy,186.0,Guard,0,1,0,unmatched,1978.0
1530,Mark Dickel,New Zealand,187.0,Guard,0,1,0,unmatched,1976.0
1531,Drake Diener,United States of America,196.0,Guard,0,1,0,unmatched,1981.0
1532,Moustapha Diop,Senegal,202.0,Forward,0,1,0,unmatched,1989.0
1533,Antoine Camille Diot,France,193.0,Guard,0,1,0,unmatched,1989.0
1534,Sasa Doncic,Slovenia,201.0,Forward,0,1,0,unmatched,1974.0
1535,Goran Dragic,Slovenia,193.0,Guard,1,1,1,exact,1986.0
1536,Chuck Eidson,United States of America,202.0,Forward,0,1,0,unmatched,1980.0
1537,Darren Fenn,United States of America,208.0,Center,0,1,0,unmatched,1980.0
1538,Lucho Fernandez,Spain,202.0,Forward,0,1,0,unmatched,1975.0
1539,Kimani Ffriend,Jamaica,211.0,Center,0,1,0,unmatched,1977.0
1540,Marcus Fizer,United States of America,203.0,Forward,1,1,1,exact,1978.0
1541,Cheyne Gadson,United States of America,192.0,Guard,0,1,0,unmatched,1980.0
1542,Reece Gaines,United States of America,198.0,Guard,1,1,1,exact,1981.0
1543,Alex Garcia,Brazil,191.0,Guard,1,1,1,exact,1980.0
1544,Ander Garcia,Spain,192.0,Guard,0,1,0,unmatched,1989.0
1545,Martynas Gecevicius,Lithuania,193.0,Guard,0,1,0,unmatched,1988.0
1546,Stefano Gentile,Italy,191.0,Guard,0,1,0,unmatched,1989.0
1547,Anthony Giovacchini,Italy,188.0,Guard,0,1,0,unmatched,1979.0
1548,Demond William Greene,Germany,,Guard,0,1,0,unmatched,1979.0
1549,Ronald Hale,United States of America,203.0,Forward,0,1,0,unmatched,1977.0
1550,Sajmen Hauer,Germany,193.0,Guard,0,1,0,unmatched,1988.0
1551,Adam Hess,United States of America,201.0,Forward,0,1,0,unmatched,1981.0
1552,Delonte Holland,United States of America,198.0,Forward,0,1,0,unmatched,1982.0
1553,Andre Hutson,United States of America,202.0,Forward,0,1,0,unmatched,1979.0
1554,Ibrahim Jaaber,United States of America,188.0,Guard,0,1,0,unmatched,1984.0
1555,Marc Jackson,United States of America,206.0,Center,1,1,1,exact,1975.0
1556,Linton Johnson,United States of America,203.0,Forward,1,1,1,exact,1980.0
1557,Arturas Jomantas,Lithuania,200.0,Guard,0,1,0,unmatched,1985.0
1558,Jared Jordan,United States of America,188.0,Guard,0,1,0,unmatched,1984.0
1559,Panagiotis Kafkis,Greece,195.0,Guard,0,1,0,unmatched,1980.0
1560,Dimitrios Karadolamis,Greece,204.0,Forward,0,1,0,unmatched,1987.0
1561,Franko Kastropil,Croatia,213.0,Center,0,1,0,unmatched,1984.0
1562,Mindaugas Katelynas,Lithuania,206.0,Forward,0,1,0,unmatched,1983.0
1563,Tre Kelley,United States of America,183.0,Guard,0,1,0,unmatched,1985.0
1564,Tarence Anthony Kinsey Jr,United States of America,198.0,Guard,0,1,0,unmatched,1984.0
1565,Mohamed Kone,Cote D’Ivoire,211.0,Center,0,1,0,unmatched,1981.0
1566,Filip Kruslin,Croatia,190.0,Guard,0,1,0,unmatched,1989.0
1567,Adam Waldemar Lapeta,Poland,217.0,Center,0,1,0,unmatched,1987.0
1568,Ksistof Lavrinovic,Lithuania,209.0,Center,0,1,0,unmatched,1979.0
1569,Jeremy Leloup,France,200.0,Forward,0,1,0,unmatched,1987.0
1570,Federico Lestini,Italy,203.0,Forward,0,1,0,unmatched,1983.0
1571,Raviv Limonad,Israel,192.0,Guard,0,1,0,unmatched,1984.0
1572,Davide Marelli,Italy,195.0,Guard,0,1,0,unmatched,1991.0
1573,Keith Mc Leod,United States of America,188.0,Guard,0,1,0,unmatched,1979.0
1574,Will Mcdonald,United States of America,207.0,Forward,0,1,0,unmatched,1979.0
1575,DONNIE McGRATH,United States of America,193.0,Guard,0,1,0,unmatched,1984.0
1576,Terrell Mcintyre,United States of America,175.0,Guard,0,1,0,unmatched,1977.0
1577,Andrea Michelori,Italy,202.0,Forward,0,1,0,unmatched,1978.0
1578,Pete Mickeal,United States of America,197.0,Forward,0,1,0,unmatched,1978.0
1579,Igor Milicic,Poland,,Guard,0,1,0,unmatched,1976.0
1580,Strahinja Milosevic,Serbia,203.0,Forward,0,1,0,unmatched,1985.0
1581,Darrel Mitchell,United States of America,181.0,Guard,0,1,0,unmatched,1984.0
1582,Jan Mocnik,Slovenia,178.0,Guard,0,1,0,unmatched,1987.0
1583,Riccardo Moraschini,Italy,194.0,Guard,0,1,0,unmatched,1991.0
1584,Terence Morris,United States of America,207.0,Forward,1,1,1,exact,1979.0
1585,Donatas Motiejunas,Lithuania,213.0,Forward,1,1,1,exact,1990.0
1586,Gabe Muoneke,United States of America,200.0,Forward,0,1,0,unmatched,1978.0
1587,Boniface Ndong,Senegal,213.0,Center,1,1,1,exact,1977.0
1588,Gary Neal,United States of America,193.0,Guard,1,1,1,exact,1984.0
1589,Norman Nolan,United States of America,202.0,Forward,0,1,0,unmatched,1976.0
1590,Michele Novi,Italy,206.0,Forward,0,1,0,unmatched,1988.0
1591,Tim Ohlbrecht,Germany,210.0,Center,1,1,1,exact,1988.0
1592,Milt Palacio,Belize,190.0,Guard,1,1,1,exact,1978.0
1593,Marc-Antoine Pellin,France,170.0,Guard,0,1,0,unmatched,1987.0
1594,Efstratios Perperoglou,Greece,203.0,Forward,0,1,0,unmatched,1984.0
1595,Marius Petravicius,Lithuania,207.0,Center,0,1,0,unmatched,1979.0
1596,Pierric Nicolas Vincent Poupet,France,,Guard,0,1,0,unmatched,1984.0
1597,Emir Preldzic,Turkiye,206.0,Forward,0,1,0,unmatched,1987.0
1598,Paulo Sergio Prestes Araujo,Spain,,Center,0,1,0,unmatched,1988.0
1599,Hollis Price,United States of America,186.0,Guard,0,1,0,unmatched,1979.0
1600,Vedran Princ,Croatia,190.0,Guard,0,1,0,unmatched,1982.0
1601,Allan Ray,United States of America,188.0,Guard,1,1,1,exact,1984.0
1602,Phil Ricci,United States of America,203.0,Forward,0,1,0,unmatched,1980.0
1603,Hector Romero,Venezuela,202.0,Forward,0,1,0,unmatched,1980.0
1604,Krzysztof Roszyk,Poland,200.0,Forward,0,1,0,unmatched,1978.0
1605,Brion Rush,United States of America,186.0,Guard,0,1,0,unmatched,1984.0
1606,Marc Salyers,United States of America,206.0,Forward,0,1,0,unmatched,1979.0
1607,Romain Lebel Guessagba Sato,Central African Republic,195.0,Forward,0,1,0,unmatched,1981.0
1608,Mustafa Shakur,United States of America,191.0,Guard,1,1,1,exact,1984.0
1609,Casey Shaw,United States of America,208.0,Center,1,1,1,exact,1975.0
1610,James Singleton,United States of America,203.0,Forward,1,1,1,medium,1981.0
1611,Williams Soliman,France,203.0,Forward,0,1,0,unmatched,1980.0
1612,Pape Sow,Senegal,208.0,Forward,1,1,1,exact,1981.0
1613,Dewarick Spencer,United States of America,193.0,Guard,0,1,0,unmatched,1982.0
1614,Stevan Stojkov,Italy,182.0,Guard,0,1,0,unmatched,1989.0
1615,Karsten Anselm Tadda,Germany,191.0,Guard,0,1,0,unmatched,1988.0
1616,Aris Tatarounis,Greece,192.0,Guard,0,1,0,unmatched,1989.0
1617,Ronell Taylor,United States of America,194.0,Forward,0,1,0,unmatched,1982.0
1618,Milos Teodosic,Serbia,195.0,Guard,1,1,1,exact,1987.0
1619,Reyshawn Terry,United States of America,203.0,Forward,0,1,0,unmatched,1984.0
1620,Jake Tsakalidis,Greece,218.0,Center,1,1,1,medium,1979.0
1621,Gasper Vidmar,Slovenia,210.0,Center,0,1,0,unmatched,1987.0
1622,Cedomir Vitkovac,Serbia,201.0,Forward,0,1,0,unmatched,1982.0
1623,Jackson Vroman,United States of America,208.0,Forward,1,1,1,exact,1981.0
1624,Vedran Vukusic,Croatia,203.0,Forward,0,1,0,unmatched,1982.0
1625,Dajuan Wagner,United States of America,185.0,Guard,1,1,1,exact,1983.0
1626,Darius Washington,United States of America,188.0,Guard,1,1,1,exact,1985.0
1627,James William White Iv,United States of America,201.0,Forward,0,1,0,unmatched,1982.0
1628,Raphael Wilson,France,196.0,Forward,0,1,0,unmatched,1989.0
1629,Kennedy Winston,United States of America,198.0,Forward,0,1,0,unmatched,1984.0
1630,Loren Woods,United States of America,218.0,Center,1,1,1,exact,1978.0
1631,Qyntel Woods,United States of America,203.0,Forward,1,1,1,exact,1981.0
1632,Bracey Wright,United States of America,191.0,Guard,1,1,1,exact,1984.0
1633,Rashad Wright,United States of America,188.0,Guard,0,1,0,unmatched,1982.0
1634,Artem Zabelin,Russian Federation,215.0,Forward,0,1,0,unmatched,1988.0
1635,Miha Zupan,Slovenia,204.0,Forward,0,1,0,unmatched,1982.0
1636,Dee Brown,United States of America,185.0,Guard,1,1,1,exact,1984.0
1637,Jannero Pargo,United States of America,188.0,Guard,1,1,1,exact,1979.0
1638,Amadou Aboubakar Zaki,Niger,214.0,Center,0,1,0,unmatched,1988.0
1639,Akin Akingbala,Nigeria,209.0,Forward,0,1,0,unmatched,1983.0
1640,Vukasin Aleksic,Serbia,185.0,Guard,0,1,0,unmatched,1985.0
1641,Stanko Barac,Croatia,217.0,Center,0,1,0,unmatched,1986.0
1642,Andre Barrett,United States of America,175.0,Guard,1,1,1,exact,1982.0
1643,Rod Benson,United States of America,208.0,Center,0,1,0,unmatched,1984.0
1644,Nemanja Besovic,Serbia,221.0,Center,0,1,0,unmatched,1992.0
1645,Tyrone Brazelton,United States of America,183.0,Guard,0,1,0,unmatched,1986.0
1646,Elton Brown,United States of America,206.0,Forward,0,1,0,unmatched,1983.0
1647,Earl Calloway,United States of America,190.0,Guard,0,1,0,unmatched,1983.0
1648,Giulio Casale,Italy,185.0,Guard,0,1,0,unmatched,1990.0
1649,Simone Centanni,Italy,185.0,Guard,0,1,0,unmatched,1991.0
1650,Rokas Cepanonis,Lithuania,204.0,Center,0,1,0,unmatched,1989.0
1651,Serhat Cetin,Turkiye,,Guard,0,1,0,unmatched,1986.0
1652,Brian Chase,United States of America,178.0,Guard,0,1,0,unmatched,1981.0
1653,Josh Childress,United States of America,203.0,Forward,1,1,1,exact,1983.0
1654,Adam Chubb,United States of America,207.0,Center,0,1,0,unmatched,1981.0
1655,Omar Cook,United States of America,186.0,Guard,1,1,1,exact,1982.0
1656,John Cox,United States of America,194.0,Guard,1,1,1,medium,1981.0
1657,Branko Cvetkovic,Serbia,200.0,Forward,0,1,0,unmatched,1984.0
1658,Willie Deane,United States of America,185.0,Guard,0,1,0,unmatched,1980.0
1659,Dragan Dojcin,Serbia,204.0,Forward,0,1,0,unmatched,1976.0
1660,Prodomos Dreliozis,Greece,201.0,Forward,0,1,0,unmatched,1975.0
1661,Zoran Erceg,Serbia,211.0,Center,0,1,0,unmatched,1985.0
1662,Daniel Ewing,United States of America,191.0,Guard,1,1,1,exact,1983.0
1663,Christian Eyenga,Democratic Republic of the Congo,203.0,Forward,1,1,1,exact,1989.0
1664,Vitor Luiz Faverani Tatsch,Spain,210.0,Center,0,1,0,unmatched,1988.0
1665,Ariel Filloy,Italy,190.0,Guard,0,1,0,unmatched,1987.0
1666,Morris Finley,United States of America,180.0,Guard,0,1,0,unmatched,1981.0
1667,Dor Fischer,United States of America,211.0,Center,0,1,0,unmatched,1981.0
1668,Josep Franch,Spain,190.0,Guard,0,1,0,unmatched,1991.0
1669,Ioannis Georgallis,Greece,,Forward,0,1,0,unmatched,1983.0
1670,Vladimir Golubovic,Serbia,212.0,Center,0,1,0,unmatched,1986.0
1671,Antoine Gomis,France,205.0,Forward,0,1,0,unmatched,1989.0
1672,Joseph Gomis,France,,Guard,0,1,0,unmatched,1978.0
1673,Marques Green,United States of America,165.0,Guard,0,1,0,unmatched,1982.0
1674,Mike Hall,United States of America,203.0,Forward,1,1,1,exact,1984.0
1675,Cliff Hammonds,United States of America,190.0,Guard,0,1,0,unmatched,1985.0
1676,Junior Harrington,United States of America,193.0,Guard,1,1,1,exact,1980.0
1677,Johannes Herber,Germany,197.0,Guard,0,1,0,unmatched,1983.0
1678,Robert Hite,United States of America,188.0,Guard,1,1,1,exact,1984.0
1679,Jared Homan,United States of America,208.0,Center,0,1,0,unmatched,1983.0
1680,Quinton Hosley,United States of America,198.0,Forward,0,1,0,unmatched,1984.0
1681,Adam Hrycaniuk,Poland,206.0,Center,0,1,0,unmatched,1984.0
1682,Yohann Jacques,France,203.0,Forward,0,1,0,unmatched,1990.0
1683,Jan Jagla,Germany,213.0,Center,0,1,0,unmatched,1981.0
1684,Zygimantas Janavicius,Lithuania,,Guard,0,1,0,unmatched,1989.0
1685,Julius Jenkins,United States of America,187.0,Guard,0,1,0,unmatched,1981.0
1686,Brandon Jennings,United States of America,185.0,Guard,1,1,1,exact,1989.0
1687,Dwayne Jones,United States of America,211.0,Center,1,1,1,exact,1983.0
1688,Andreas Kanonidis,Greece,198.0,Forward,0,1,0,unmatched,1991.0
1689,Enes Kanter,Turkiye,205.0,Center,0,1,0,unmatched,1992.0
1690,Sasha Kaun,Russian Federation,213.0,Center,1,1,1,exact,1985.0
1691,Thomas Kelati,United States of America,195.0,Guard,0,1,0,unmatched,1982.0
1692,Levon Kendall,Ireland,208.0,Center,0,1,0,unmatched,1984.0
1693,Victor Keyru,Russian Federation,200.0,Forward,0,1,0,unmatched,1984.0
1694,Jaka Klobucar,Slovenia,198.0,Guard,0,1,0,unmatched,1987.0
1695,Yann Ulrich Stephane Lasme,Gabon,203.0,Forward,0,1,0,unmatched,1982.0
1696,David Kyle Logan,United States of America,185.0,Guard,0,1,0,unmatched,1982.0
1697,Rai Lopez,Spain,183.0,Guard,0,1,0,unmatched,1989.0
1698,Rawle Marshall,United States of America,201.0,Forward,1,1,1,exact,1982.0
1699,Pops Mensah-Bonsu,United Kingdom,206.0,Forward,1,1,1,exact,1983.0
1700,Nika Metreveli,Georgia,211.0,Forward,0,1,0,unmatched,1991.0
1701,Igor Milosevic,Serbia,192.0,Guard,0,1,0,unmatched,1986.0
1702,Nikola Mirotic Stajovic,Spain,208.0,Center,0,1,0,unmatched,1991.0
1703,Mike Nardi,United States of America,186.0,Guard,0,1,0,unmatched,1985.0
1704,Maleye Ndoye,Senegal,203.0,Forward,0,1,0,unmatched,1980.0
1705,Aleksej Nesovic,Serbia,189.0,Guard,0,1,0,unmatched,1985.0
1706,Saidou Njoya,Cameroon,186.0,Guard,0,1,0,unmatched,1989.0
1707,Matias Nocedal,Spain,194.0,Guard,0,1,0,unmatched,1990.0
1708,Henk Norel,Netherlands,210.0,Forward,0,1,0,unmatched,1987.0
1709,Javier Perez,Spain,201.0,Guard,0,1,0,unmatched,1979.0
1710,Antonio Porta,Argentina,188.0,Guard,0,1,0,unmatched,1983.0
1711,Zarko Rakocevic,Montenegro,204.0,Forward,0,1,0,unmatched,1984.0
1712,Aleksandar Rasic,Serbia,195.0,Guard,0,1,0,unmatched,1984.0
1713,Xavier Rey Sanuy,Spain,208.0,Center,0,1,0,unmatched,1987.0
1714,Frank Robinson,United States of America,193.0,Forward,0,1,0,unmatched,1984.0
1715,Mamadou Samb,Spain,208.0,Center,0,1,0,unmatched,1989.0
1716,Victor Samnick,France,203.0,Forward,0,1,0,unmatched,1979.0
1717,Mirza Sarajlija,Slovenia,183.0,Guard,0,1,0,unmatched,1991.0
1718,Paul Shirley,United States of America,208.0,Center,1,1,1,exact,1977.0
1719,Slawomir Sikora,Poland,193.0,Guard,0,1,0,unmatched,1986.0
1720,Tre Simmons,United States of America,195.0,Forward,0,1,0,unmatched,1982.0
1721,Matic Sirnik,Slovenia,201.0,Forward,0,1,0,unmatched,1991.0
1722,Tamar Slay,United States of America,203.0,Forward,1,1,1,exact,1980.0
1723,Devin Michael Smith,United States of America,198.0,Guard,0,1,0,unmatched,1983.0
1724,Tomasz Swietonski,Poland,186.0,Guard,0,1,0,unmatched,1984.0
1725,Piotr Szczotka,Poland,,Forward,0,1,0,unmatched,1981.0
1726,Maurice Taylor,United States of America,206.0,Forward,1,1,1,exact,1976.0
1727,Steed Tchicamboud,France,193.0,Guard,0,1,0,unmatched,1981.0
1728,Jobey Thomas,United States of America,194.0,Guard,0,1,0,unmatched,1980.0
1729,Pere Tomas Noguera,Spain,202.0,Forward,0,1,0,unmatched,1989.0
1730,Robert Troha,Croatia,194.0,Guard,0,1,0,unmatched,1977.0
1731,Sarunas Vasiliauskas,Lithuania,188.0,Guard,0,1,0,unmatched,1989.0
1732,Jonathan Wallace,United States of America,185.0,Guard,0,1,0,unmatched,1986.0
1733,Rodney White,United States of America,206.0,Forward,1,1,1,exact,1980.0
1734,Eric Williams,United States of America,206.0,Center,1,1,1,medium,1984.0
1735,Jason Williams,United States of America,198.0,Forward,1,1,1,medium,1983.0
1736,Lamayne Wilson,United States of America,203.0,Forward,0,1,0,unmatched,1980.0
1737,Tomislav Zubcic,Croatia,213.0,Forward,0,1,0,unmatched,1990.0
1738,Phillip Zwiener,Germany,201.0,Forward,0,1,0,unmatched,1985.0
1739,Zabian Dowdell,United States of America,190.0,Guard,1,1,1,exact,1984.0
1740,Nemanja Aleksandrov,Serbia,210.0,Center,0,1,0,unmatched,1987.0
1741,Stephen Arigbabu,Germany,208.0,Center,0,1,0,unmatched,1972.0
1742,Steponas Babrauskas,Lithuania,197.0,Guard,0,1,0,unmatched,1984.0
1743,Bryan Bailey,United States of America,185.0,Guard,0,1,0,unmatched,1980.0
1744,Cedrick Banks,United States of America,190.0,Guard,0,1,0,unmatched,1981.0
1745,Marios Batis,Greece,188.0,Guard,0,1,0,unmatched,1980.0
1746,Edin Bavcic,Bosnia and Herzegovina,210.0,Forward,0,1,0,unmatched,1984.0
1747,Aron Baynes,Australia,208.0,Center,1,1,1,exact,1986.0
1748,Tomer Ber Aven,Israel,197.0,Guard,0,1,0,unmatched,1992.0
1749,Patrick Dushaun Beverley,United States of America,185.0,Guard,0,1,0,unmatched,1988.0
1750,Saul Blanco,Spain,194.0,Guard,0,1,0,unmatched,1985.0
1751,Curtis Borchardt,United States of America,212.0,Center,1,1,1,exact,1980.0
1752,Ruben Boumtje Boumtje,Cameroon,212.0,Center,1,1,1,exact,1978.0
1753,Marco Buljevic,Germany,196.0,Guard,0,1,0,unmatched,1987.0
1754,Povilas Butkevicius,Lithuania,203.0,Forward,0,1,0,unmatched,1987.0
1755,Giacomo Cacace,Italy,193.0,Guard,0,1,0,unmatched,1993.0
1756,Patrick Sean Calathes,Greece,208.0,Forward,0,1,0,unmatched,1985.0
1757,Joshua Neville Carter,United States of America,200.0,Forward,0,1,0,unmatched,1986.0
1758,Johwe Casseus,France,211.0,Center,0,1,0,unmatched,1989.0
1759,Ryvon Covile,United States of America,206.0,Center,0,1,0,unmatched,1984.0
1760,Aldo Curti,France,180.0,Guard,0,1,0,unmatched,1987.0
1761,Evaldas Dainys,Lithuania,180.0,Guard,0,1,0,unmatched,1982.0
1762,Dario D'Alessio,Italy,182.0,Guard,0,1,0,unmatched,1991.0
1763,Vladimir Dasic,Montenegro,208.0,Forward,0,1,0,unmatched,1988.0
1764,Mario Delas,Croatia,207.0,Center,0,1,0,unmatched,1990.0
1765,Lorenzo Dercole,Italy,190.0,Guard,0,1,0,unmatched,1988.0
1766,Ben Dewar,United States of America,196.0,Guard,0,1,0,unmatched,1981.0
1767,Juan Dixon,United States of America,191.0,Guard,1,1,1,exact,1978.0
1768,Branislav Djekic,Serbia,206.0,Forward,0,1,0,unmatched,1991.0
1769,Dusan Djordjevic,Serbia,193.0,Guard,0,1,0,unmatched,1983.0
1770,Fedor Dmitriev,Russian Federation,205.0,Forward,0,1,0,unmatched,1984.0
1771,Anthony Dobbins,Italy,192.0,Forward,0,1,0,unmatched,1981.0
1772,Carl Jerome English,Canada,192.0,Forward,0,1,0,unmatched,1981.0
1773,Bangaly Fofana,France,212.0,Center,0,1,0,unmatched,1989.0
1774,Jekel Foster,United States of America,191.0,Guard,0,1,0,unmatched,1983.0
1775,Joel Daniel Freeland,United Kingdom,210.0,Forward,0,1,0,unmatched,1987.0
1776,Jamon Gordon,United States of America,191.0,Guard,0,1,0,unmatched,1984.0
1777,Jamont Gordon,United States of America,194.0,Guard,0,1,0,unmatched,1987.0
1778,Antonio Graves,United States of America,191.0,Guard,0,1,0,unmatched,1985.0
1779,Petr Gubanov,Russian Federation,207.0,Forward,0,1,0,unmatched,1987.0
1780,Daniel Hain,Germany,195.0,Guard,0,1,0,unmatched,1985.0
1781,William Herve,France,200.0,Guard,0,1,0,unmatched,1990.0
1782,Pooh Jeter,United States of America,179.0,Guard,1,1,1,medium,1983.0
1783,Adas Juskevicius,Lithuania,194.0,Guard,0,1,0,unmatched,1989.0
1784,Konstantinos Kaimakoglou,Greece,,Forward,0,1,0,unmatched,1983.0
1785,Kristjan Kangur,Estonia,201.0,Forward,0,1,0,unmatched,1982.0
1786,Billy Keys,United States of America,188.0,Guard,0,1,0,unmatched,1977.0
1787,Pawel Kikowski,Poland,193.0,Guard,0,1,0,unmatched,1986.0
1788,Linas Kleiza,Lithuania,203.0,Forward,1,1,1,exact,1985.0
1789,Mateusz Kostrzewski,Poland,197.0,Forward,0,1,0,unmatched,1989.0
1790,Fanis Koumpouras,Greece,187.0,Guard,0,1,0,unmatched,1983.0
1791,Paul Lacombe,France,198.0,Guard,0,1,0,unmatched,1990.0
1792,Andre Keith Langford,United States of America,193.0,Guard,0,1,0,unmatched,1983.0
1793,Mael Lebrun,France,198.0,Forward,0,1,0,unmatched,1991.0
1794,Augusto Cesar Lima Brito,Spain,208.0,Center,0,1,0,unmatched,1991.0
1795,Chris Lofton,United States of America,188.0,Guard,0,1,0,unmatched,1986.0
1796,Vladimir Lucic,Serbia,204.0,Forward,0,1,0,unmatched,1989.0
1797,Rafael Freire Luz,Spain,188.0,Guard,0,1,0,unmatched,1992.0
1798,Milan Majstorovic,Serbia,,Forward,0,1,0,unmatched,1983.0
1799,Aleks Maric,Serbia,211.0,Center,0,1,0,unmatched,1984.0
1800,Dimitrios Mavroeidis,Greece,208.0,Center,0,1,0,unmatched,1985.0
1801,Lester Mc Calebb Jr,United States of America,182.0,Guard,0,1,0,unmatched,1985.0
1802,KELLY McCARTY,Russian Federation,201.0,Forward,1,1,1,exact,1975.0
1803,Gal Mekel,Israel,192.0,Guard,1,1,1,exact,1988.0
1804,Curtis Millage,United States of America,185.0,Guard,0,1,0,unmatched,1981.0
1805,Stevan Milosevic,Montenegro,211.0,Center,0,1,0,unmatched,1985.0
1806,Ricky Minard,United States of America,196.0,Guard,0,1,0,unmatched,1982.0
1807,Aleksandar Mitrovic,Serbia,,Forward,0,1,0,unmatched,1990.0
1808,Timofey Mozgov,Russian Federation,216.0,Center,1,1,1,exact,1986.0
1809,Austin Nichols,United States of America,198.0,Forward,0,1,0,unmatched,1982.0
1810,Acha Njei,Germany,190.0,Guard,0,1,0,unmatched,1985.0
1811,Bradley Scott Oleson Lashinski,Spain,191.0,Guard,0,1,0,unmatched,1983.0
1812,Terence Jonathan Parker,France,,Guard,0,1,0,unmatched,1984.0
1813,Rickey Paulding Jr,United States of America,196.0,Guard,0,1,0,unmatched,1982.0
1814,Doron Marquis Perkins,United States of America,,Guard,0,1,0,unmatched,1983.0
1815,Jasmin Perkovic,Croatia,204.0,Forward,0,1,0,unmatched,1980.0
1816,Guy Pnini,Israel,,Forward,0,1,0,unmatched,1983.0
1817,Martynas Pocius,Lithuania,196.0,Forward,0,1,0,unmatched,1986.0
1818,Xavier Rabaseda Bertran,Spain,198.0,Forward,0,1,0,unmatched,1989.0
1819,Ivan Radenovic,Serbia,208.0,Forward,0,1,0,unmatched,1984.0
1820,Lawrence Roberts,United States of America,206.0,Forward,1,1,1,exact,1982.0
1821,Guillem Rubio,Spain,202.0,Forward,0,1,0,unmatched,1982.0
1822,Elio Sadiku,France,187.0,Guard,0,1,0,unmatched,1991.0
1823,Cheick Samb,Senegal,216.0,Center,0,1,0,unmatched,1984.0
1824,Marko Scekic,Serbia,207.0,Center,0,1,0,unmatched,1981.0
1825,Laurent Sciarra,France,192.0,Guard,0,1,0,unmatched,1973.0
1826,Miki Servera,Spain,198.0,Guard,0,1,0,unmatched,1992.0
1827,Lukasz Seweryn,Poland,196.0,Forward,0,1,0,unmatched,1982.0
1828,Courtney Sims,United States of America,211.0,Center,1,1,1,exact,1983.0
1829,Sean Singletary,United States of America,183.0,Guard,1,1,1,exact,1985.0
1830,Justas Sinica,Lithuania,203.0,Forward,0,1,0,unmatched,1985.0
1831,Stefan Sinovec,Serbia,195.0,Guard,0,1,0,unmatched,1988.0
1832,Daniel Strauch,Germany,206.0,Forward,0,1,0,unmatched,1981.0
1833,Milorad Sutulovic,Montenegro,198.0,Guard,0,1,0,unmatched,1990.0
1834,Sergey Toporov,Russian Federation,196.0,Forward,0,1,0,unmatched,1981.0
1835,Siim-Sander Vene,Estonia,202.0,Forward,0,1,0,unmatched,1990.0
1836,Dimitrios Verginis,Greece,191.0,Guard,0,1,0,unmatched,1987.0
1837,Jeff Viggiano,Italy,196.0,Forward,0,1,0,unmatched,1984.0
1838,Von Wafer,United States of America,196.0,Guard,1,1,1,exact,1985.0
1839,Matt Walsh,United States of America,199.0,Forward,1,1,1,exact,1982.0
1840,Donatas Zavackas,Lithuania,,Forward,0,1,0,unmatched,1980.0
1841,David Navarro,Spain,190.0,Guard,0,1,0,unmatched,1983.0
1842,Trent Plaisted,United States of America,211.0,Center,0,1,0,unmatched,1986.0
1843,Jeleel Akindele,Nigeria,216.0,Center,0,1,0,unmatched,1983.0
1844,Pablo Almazan,Spain,200.0,Forward,0,1,0,unmatched,1990.0
1845,Angel Aparicio,Spain,197.0,Forward,0,1,0,unmatched,1992.0
1846,Victor Jesus Arteaga Gonzalez,Spain,213.0,Center,0,1,0,unmatched,1992.0
1847,Billy Baptist,United States of America,190.0,Guard,0,1,0,unmatched,1987.0
1848,Panchi Barrera,Spain,193.0,Guard,0,1,0,unmatched,1985.0
1849,Nemanja Bjelica,Serbia,209.0,Forward,1,1,1,exact,1988.0
1850,Toni Brnas,Croatia,201.0,Forward,0,1,0,unmatched,1991.0
1851,Dwayne Broyles,United States of America,196.0,Forward,0,1,0,unmatched,1982.0
1852,Martin Buesa,Spain,202.0,Forward,0,1,0,unmatched,1988.0
1853,Carlos Cobos,Spain,192.0,Guard,0,1,0,unmatched,1988.0
1854,Mamoutou Diarra,France,200.0,Forward,0,1,0,unmatched,1980.0
1855,Erwin Dudley,United States of America,204.0,Forward,0,1,0,unmatched,1981.0
1856,Romain Duport,France,218.0,Center,0,1,0,unmatched,1986.0
1857,Khalid El-Amin,United States of America,178.0,Guard,1,1,1,exact,1979.0
1858,Courtney Eldridge,United States of America,176.0,Guard,0,1,0,unmatched,1980.0
1859,Erbil Eroglu,Turkiye,195.0,Guard,0,1,0,unmatched,1993.0
1860,Randal Falker,United States of America,201.0,Center,0,1,0,unmatched,1985.0
1861,Marc Fernandez,Spain,203.0,Forward,0,1,0,unmatched,1987.0
1862,Gabriele Ganeto,Italy,200.0,Forward,0,1,0,unmatched,1987.0
1863,Angel Luis Garcia,United States of America,209.0,Center,0,1,0,unmatched,1988.0
1864,Ivan Garcia,Spain,205.0,Forward,0,1,0,unmatched,1986.0
1865,Anton Gavel,Germany,,Guard,0,1,0,unmatched,1984.0
1866,Jr Giddens,United States of America,196.0,Guard,0,1,0,unmatched,1985.0
1867,John Goldsberry,United States of America,191.0,Guard,0,1,0,unmatched,1982.0
1868,Nemanja Gordic,Serbia,193.0,Guard,0,1,0,unmatched,1988.0
1869,Brian Greene,United States of America,203.0,Forward,0,1,0,unmatched,1981.0
1870,Malik Samory Hairston,United States of America,198.0,Forward,0,1,0,unmatched,1987.0
1871,Venard Richard Hendrix,United States of America,206.0,Forward,0,1,0,unmatched,1986.0
1872,Josh Heytvelt,United States of America,211.0,Center,0,1,0,unmatched,1986.0
1873,Chris Hill,United States of America,191.0,Guard,0,1,0,unmatched,1983.0
1874,Andrea Iannilli,Italy,207.0,Forward,0,1,0,unmatched,1984.0
1875,Ioann Iarochevitch,Belgium,207.0,Center,0,1,0,unmatched,1989.0
1876,Joe Ingles,Australia,203.0,Forward,1,1,1,exact,1987.0
1877,Tommaso Ingrosso,Italy,205.0,Forward,0,1,0,unmatched,1992.0
1878,Nemanja Jaramaz,Serbia,200.0,Guard,0,1,0,unmatched,1991.0
1879,Nate Jawai,Australia,207.0,Center,0,1,0,unmatched,1986.0
1880,Marcus Johnson,United States of America,198.0,Guard,0,1,0,unmatched,1987.0
1881,Elishay Kadir,Israel,202.0,Forward,0,1,0,unmatched,1987.0
1882,Ioannis Karamalegkos,Greece,189.0,Guard,0,1,0,unmatched,1994.0
1883,Rasko Katic,Serbia,208.0,Center,0,1,0,unmatched,1980.0
1884,Dimitrios Katsivelis,Greece,196.0,Guard,0,1,0,unmatched,1991.0
1885,Stipe Krstanovic,Croatia,204.0,Forward,0,1,0,unmatched,1993.0
1886,Oliver Lafayette Jr,United States of America,188.0,Guard,0,1,0,unmatched,1984.0
1887,Jure Lalic,Croatia,209.0,Center,0,1,0,unmatched,1986.0
1888,Christophe Leonard,France,199.0,Forward,0,1,0,unmatched,1990.0
1889,Sava Lesic,Serbia,205.0,Forward,0,1,0,unmatched,1988.0
1890,Serhiy Lishchuk,Ukraine,210.0,Forward,0,1,0,unmatched,1982.0
1891,Milan Macvan,Serbia,205.0,Forward,0,1,0,unmatched,1989.0
1892,Boban Marjanovic,Serbia,224.0,Center,1,1,1,exact,1988.0
1893,Claude Marquis,France,204.0,Forward,0,1,0,unmatched,1980.0
1894,Sean May,United States of America,206.0,Forward,1,1,1,exact,1984.0
1895,Samuel Jose Mejia,United States of America,,Guard,0,1,0,unmatched,1983.0
1896,David Jerard Moss,United States of America,196.0,Forward,0,1,0,unmatched,1983.0
1897,Dino Muric,Slovenia,200.0,Forward,0,1,0,unmatched,1990.0
1898,Flip Murray,United States of America,191.0,Guard,1,1,1,exact,1979.0
1899,Cemal Nalga,Turkiye,208.0,Center,0,1,0,unmatched,1987.0
1900,Demarcus De Jaun Nelson,United States of America,193.0,Guard,0,1,0,unmatched,1985.0
1901,Rasho Nesterovic,Slovenia,212.0,Center,1,1,1,exact,1976.0
1902,Philipp Neumann,Germany,209.0,Center,0,1,0,unmatched,1992.0
1903,Brad Newley,Australia,200.0,Forward,0,1,0,unmatched,1985.0
1904,Vadim Panin,Russian Federation,203.0,Forward,0,1,0,unmatched,1984.0
1905,Jeremy Raymon Pargo,United States of America,188.0,Guard,0,1,0,unmatched,1986.0
1906,Oleksiy Pecherov,Ukraine,212.0,Forward,1,1,1,exact,1985.0
1907,Kevinn Pinkney,United States of America,208.0,Forward,1,1,1,exact,1983.0
1908,Miroslav Raduljica,Serbia,213.0,Center,1,1,1,exact,1988.0
1909,Milovan Rakovic,Serbia,208.0,Forward,0,1,0,unmatched,1985.0
1910,Jeremy Richardson,United States of America,201.0,Forward,1,1,1,exact,1984.0
1911,Andre Riddick,United States of America,208.0,Center,0,1,0,unmatched,1973.0
1912,Antywane Robinson,United States of America,203.0,Forward,0,1,0,unmatched,1984.0
1913,Omar Samhan,United States of America,211.0,Center,0,1,0,unmatched,1986.0
1914,Dusko Savanovic,Serbia,,Forward,0,1,0,unmatched,1983.0
1915,Arvydas Siksnius,Lithuania,196.0,Guard,0,1,0,unmatched,1987.0
1916,Jose Simeon,Spain,184.0,Guard,0,1,0,unmatched,1991.0
1917,Sven Smajlagic,Croatia,188.0,Guard,0,1,0,unmatched,1990.0
1918,Jan Span,Slovenia,190.0,Guard,0,1,0,unmatched,1992.0
1919,Rok Stipcevic,Croatia,186.0,Guard,0,1,0,unmatched,1986.0
1920,Darryl Eugene Strawberry,United States of America,196.0,Guard,0,1,0,unmatched,1985.0
1921,Maurice Stuckey,Germany,187.0,Guard,0,1,0,unmatched,1990.0
1922,Clay Tucker,United States of America,195.0,Guard,0,1,0,unmatched,1980.0
1923,Jonas Valanciunas,Lithuania,210.0,Center,1,1,1,exact,1992.0
1924,Luc-Arthur Vebobe,France,203.0,Forward,0,1,0,unmatched,1980.0
1925,Filip Videnov,Bulgaria,196.0,Forward,0,1,0,unmatched,1980.0
1926,Karlo Vragovic,Croatia,192.0,Guard,0,1,0,unmatched,1989.0
1927,Zoran Vrkic,Croatia,201.0,Guard,0,1,0,unmatched,1987.0
1928,Mike Wilks,United States of America,179.0,Guard,1,1,1,exact,1979.0
1929,Robert Witka,Poland,206.0,Forward,0,1,0,unmatched,1981.0
1930,Fotios Zoumpos,Greece,190.0,Guard,0,1,0,unmatched,1993.0
1931,Reeves Nelson,United States of America,203.0,Forward,0,1,0,unmatched,1991.0
1932,Alejandro Abrines Redondo,Spain,198.0,Forward,0,1,0,unmatched,1993.0
1933,Furkan Aldemir,Turkiye,207.0,Forward,1,1,1,exact,1991.0
1934,Danilo Andusic,Serbia,196.0,Guard,0,1,0,unmatched,1991.0
1935,Engin Atsuer,Germany,189.0,Guard,0,1,0,unmatched,1984.0
1936,Petar Babic,Croatia,190.0,Guard,0,1,0,unmatched,1985.0
1937,Moussa Badiane,France,208.0,Center,0,1,0,unmatched,1981.0
1938,Marko Banic,Croatia,204.0,Forward,0,1,0,unmatched,1984.0
1939,Davis Bertans,Latvia,210.0,Forward,1,1,1,exact,1992.0
1940,Jerel Blassingame,United States of America,175.0,Guard,0,1,0,unmatched,1981.0
1941,Jaka Blazic,Slovenia,194.0,Guard,0,1,0,unmatched,1990.0
1942,Janis Blums,Latvia,190.0,Guard,0,1,0,unmatched,1982.0
1943,Devin Brown,United States of America,196.0,Guard,1,1,1,exact,1978.0
1944,Greg Brunner,United States of America,201.0,Center,0,1,0,unmatched,1983.0
1945,Marko Cakarevic,Serbia,201.0,Forward,0,1,0,unmatched,1988.0
1946,Tremmell Darden,United States of America,194.0,Forward,0,1,0,unmatched,1981.0
1947,Papa Dia,Senegal,212.0,Forward,0,1,0,unmatched,1987.0
1948,Richard Elmer Dorsey Jr,United States of America,203.0,Center,0,1,0,unmatched,1983.0
1949,Jordan Farmar,United States of America,188.0,Guard,1,1,1,exact,1986.0
1950,Tj Ford,United States of America,183.0,Guard,0,1,0,unmatched,1983.0
1951,Przemyslaw Frasunkiewicz,Poland,,Forward,0,1,0,unmatched,1979.0
1952,Diante M Garrett,United States of America,193.0,Guard,0,1,0,unmatched,1988.0
1953,Alonzo Gee,United States of America,198.0,Forward,1,1,1,exact,1987.0
1954,Alessandro Gentile,Italy,201.0,Guard,0,1,0,unmatched,1992.0
1955,Nico Gianella,Argentina,191.0,Guard,0,1,0,unmatched,1978.0
1956,Dmitry Golovin,Russian Federation,192.0,Guard,0,1,0,unmatched,1988.0
1957,Kenneth Grant,Sweden,188.0,Guard,0,1,0,unmatched,1982.0
1958,Caleb Green,United States of America,203.0,Forward,0,1,0,unmatched,1985.0
1959,Danny Green,United States of America,198.0,Guard,1,1,1,exact,1987.0
1960,Miralem Halilovic,Bosnia and Herzegovina,209.0,Forward,0,1,0,unmatched,1991.0
1961,Tomas Hampl,Czech Republic,215.0,Center,0,1,0,unmatched,1988.0
1962,Matt Howard,United States of America,203.0,Forward,0,1,0,unmatched,1989.0
1963,Serge Jonas Ibaka Ngobila,Spain,208.0,Forward,0,1,0,unmatched,1989.0
1964,Aaron Lee Jackson,United States of America,190.0,Guard,0,1,0,unmatched,1986.0
1965,Amaury Jadin,Belgium,189.0,Guard,0,1,0,unmatched,1986.0
1966,Shawn Fitzalbert James,United States of America,208.0,Center,0,1,0,unmatched,1983.0
1967,Erjon Kastrati,Albania,198.0,Guard,0,1,0,unmatched,1994.0
1968,Andrei Kirilenko,Russian Federation,206.0,Forward,1,1,1,exact,1981.0
1969,Huseyin Goksenin Koksal,Turkiye,196.0,Guard,0,1,0,unmatched,1991.0
1970,Damir Krupalija,Bosnia and Herzegovina,205.0,Forward,0,1,0,unmatched,1979.0
1971,Michael Kuebler,United States of America,195.0,Guard,0,1,0,unmatched,1982.0
1972,Alexandros Kyritsis,Greece,192.0,Guard,0,1,0,unmatched,1982.0
1973,Acie Law,United States of America,190.0,Guard,1,1,1,exact,1985.0
1974,Ty Lawson,United States of America,180.0,Guard,1,1,1,exact,1987.0
1975,Maarten Leunen,United States of America,206.0,Forward,0,1,0,unmatched,1985.0
1976,David Maurice Lighty Jr,United States of America,198.0,Guard,0,1,0,unmatched,1988.0
1977,John Linehan,United States of America,175.0,Guard,0,1,0,unmatched,1978.0
1978,Vytenis Lipkevicius,Lithuania,198.0,Forward,0,1,0,unmatched,1989.0
1979,Kalin Jay Lucas,United States of America,185.0,Guard,0,1,0,unmatched,1989.0
1980,Ante Masic,Croatia,198.0,Forward,0,1,0,unmatched,1985.0
1981,Nicolas Mazzarino,Italy,181.0,Guard,0,1,0,unmatched,1975.0
1982,Djordje Micic,Serbia,201.0,Forward,0,1,0,unmatched,1993.0
1983,Yannick Moray,Belgium,196.0,Forward,0,1,0,unmatched,1991.0
1984,Gezim Morina,Slovenia,203.0,Center,0,1,0,unmatched,1992.0
1985,Yogev Ohayon,Israel,189.0,Guard,0,1,0,unmatched,1987.0
1986,Benjamin Ortner,Austria,206.0,Forward,0,1,0,unmatched,1983.0
1987,Kedjima Randy Oveneke,Belgium,,Forward,0,1,0,unmatched,1986.0
1988,Cevher Ozer,Turkiye,205.0,Forward,0,1,0,unmatched,1983.0
1989,Mark Payne,United States of America,203.0,Forward,0,1,0,unmatched,1988.0
1990,Boris Penninck,Belgium,202.0,Center,0,1,0,unmatched,1988.0
1991,Josep Perez,Spain,183.0,Guard,0,1,0,unmatched,1994.0
1992,Hrvoje Peric,Croatia,203.0,Forward,0,1,0,unmatched,1985.0
1993,Kingsley Pinda,France,195.0,Guard,0,1,0,unmatched,1992.0
1994,Boris Rothbart,Israel,217.0,Center,0,1,0,unmatched,1986.0
1995,Earl Jerrod Rowland,Bulgaria,188.0,Guard,0,1,0,unmatched,1983.0
1996,Petr Samoylenko,Russian Federation,186.0,Guard,0,1,0,unmatched,1977.0
1997,Sertac Sanli,Turkiye,212.0,Center,0,1,0,unmatched,1991.0
1998,Jorge Sanz,Spain,187.0,Guard,0,1,0,unmatched,1993.0
1999,Dario Saric,Croatia,207.0,Forward,1,1,1,exact,1994.0
2000,Boris Savovic,Serbia,206.0,Center,0,1,0,unmatched,1987.0
2001,Jonathan Scheyer,Israel,196.0,Guard,0,1,0,unmatched,1987.0
2002,Daniel Schmidt,Germany,186.0,Guard,0,1,0,unmatched,1990.0
2003,Thabo Sefolosha,Switzerland,199.0,Forward,1,1,1,exact,1984.0
2004,Joshua Shipp,United States of America,196.0,Forward,0,1,0,unmatched,1986.0
2005,Jamal Shuler,United States of America,191.0,Guard,0,1,0,unmatched,1986.0
2006,Kyle Singler,United States of America,203.0,Forward,1,1,1,exact,1988.0
2007,Osman Sirin,Turkiye,207.0,Forward,0,1,0,unmatched,1990.0
2008,Marcus Anthony Slaughter,United States of America,204.0,Forward,0,1,0,unmatched,1985.0
2009,Steven Smith,United States of America,203.0,Forward,1,1,1,exact,1983.0
2010,Oliver Stevic,Serbia,205.0,Center,0,1,0,unmatched,1984.0
2011,Dajuan Michael Summers,United States of America,203.0,Forward,0,1,0,unmatched,1988.0
2012,Abdel Kader Sylla,Seychelles,205.0,Forward,0,1,0,unmatched,1990.0
2013,Kevin Thalien,France,190.0,Guard,0,1,0,unmatched,1992.0
2014,Deon Marshall Thompson,United States of America,204.0,Forward,0,1,0,unmatched,1988.0
2015,Caner Topaloglu,Turkiye,200.0,Forward,0,1,0,unmatched,1985.0
2016,Anthony Tucker,United States of America,198.0,Forward,1,1,1,medium,1985.0
2017,Kristaps Valters,Latvia,188.0,Guard,0,1,0,unmatched,1981.0
2018,Vladimir Veremeenko,Russian Federation,211.0,Forward,0,1,0,unmatched,1984.0
2019,Evgeny Voronov,Russian Federation,194.0,Guard,0,1,0,unmatched,1986.0
2020,Aleksander Vujacic,Slovenia,200.0,Guard,0,1,0,unmatched,1984.0
2021,C.J. Wallace,United States of America,206.0,Forward,0,1,0,unmatched,1982.0
2022,Reggie Williams,United States of America,196.0,Guard,1,1,1,exact,1986.0
2023,Ben Woodside,United States of America,180.0,Guard,0,1,0,unmatched,1985.0
2024,Igor Zamanskiy,Russian Federation,202.0,Forward,0,1,0,unmatched,1977.0
2025,Andy Panko,United States of America,203.0,Forward,1,1,1,exact,1977.0
2026,Darko Planinic,Croatia,211.0,Center,0,1,0,unmatched,1990.0
2027,Jordan Aboudou,France,203.0,Forward,0,1,0,unmatched,1991.0
2028,Ulysse Adjagba,France,184.0,Guard,0,1,0,unmatched,1993.0
2029,Hilton Armstrong,United States of America,208.0,Center,1,1,1,exact,1984.0
2030,Luka Babic,Croatia,201.0,Forward,0,1,0,unmatched,1991.0
2031,Marcus Banks,United States of America,188.0,Guard,1,1,1,exact,1981.0
2032,Miro Bilan,Croatia,213.0,Center,0,1,0,unmatched,1989.0
2033,Bogdan Bogdanovic,Serbia,197.0,Guard,1,1,1,exact,1992.0
2034,Michael Anthony Bramos,United States of America,196.0,Guard,0,1,0,unmatched,1987.0
2035,Drazen Bubnic,Slovenia,207.0,Forward,0,1,0,unmatched,1986.0
2036,Ivan Buva,Croatia,208.0,Forward,0,1,0,unmatched,1991.0
2037,Unai Calbarro,Spain,205.0,Forward,0,1,0,unmatched,1989.0
2038,Nik Caner-Medley,United States of America,203.0,Forward,0,1,0,unmatched,1983.0
2039,Clint Capela,Switzerland,208.0,Forward,1,1,1,exact,1994.0
2040,Marko Car,Croatia,188.0,Guard,0,1,0,unmatched,1985.0
2041,Andrea Casella,Italy,196.0,Forward,0,1,0,unmatched,1990.0
2042,David Chiotti,United States of America,205.0,Forward,0,1,0,unmatched,1984.0
2043,Dionte Christmas,United States of America,196.0,Guard,1,1,1,exact,1986.0
2044,Patrick Christopher,United States of America,196.0,Guard,1,1,1,exact,1988.0
2045,Luis Conde,Spain,190.0,Guard,0,1,0,unmatched,1993.0
2046,Paul Davis,United States of America,211.0,Center,1,1,1,exact,1984.0
2047,Dontaye Dominic Draper,United States of America,181.0,Guard,0,1,0,unmatched,1984.0
2048,Benjamin-Pavel Dudu,Russian Federation,200.0,Forward,0,1,0,unmatched,1991.0
2049,Deividas Dulkys,Lithuania,198.0,Guard,0,1,0,unmatched,1988.0
2050,Ilian Evtimov,France,201.0,Forward,0,1,0,unmatched,1983.0
2051,Jeff Foote,United States of America,213.0,Center,1,1,1,exact,1987.0
2052,Sharrod Ford,United States of America,206.0,Forward,1,1,1,medium,1982.0
2053,Sebastian Fulle,Germany,192.0,Guard,0,1,0,unmatched,1992.0
2054,Djordje Gagic,Serbia,210.0,Center,0,1,0,unmatched,1990.0
2055,Charalampos Giannopoulos,Greece,206.0,Forward,0,1,0,unmatched,1989.0
2056,Sergerio Gipson,United States of America,191.0,Guard,0,1,0,unmatched,1980.0
2057,Drew Edward Gordon,United States of America,204.0,Forward,0,1,0,unmatched,1990.0
2058,Aleksandr Gudumak,Russian Federation,204.0,Forward,0,1,0,unmatched,1993.0
2059,Guillermo Gustavo Hernangomez Geuer,Spain,209.0,Center,0,1,0,unmatched,1994.0
2060,Rafael Hettsheimeir Estevao,Spain,208.0,Center,0,1,0,unmatched,1986.0
2061,Mario Hezonja,Croatia,206.0,Forward,1,1,1,exact,1995.0
2062,Kevin Houston,United States of America,178.0,Guard,0,1,0,unmatched,1985.0
2063,Yassin Idbihi,Germany,208.0,Center,0,1,0,unmatched,1983.0
2064,Dejan Ivanov,Bulgaria,205.0,Forward,0,1,0,unmatched,1986.0
2065,Michel Jean-Baptiste-Adolphe,France,205.0,Center,0,1,0,unmatched,1979.0
2066,David Jelinek,Czech Republic,195.0,Guard,0,1,0,unmatched,1990.0
2067,Jason Kapono,United States of America,201.0,Forward,1,1,1,medium,1981.0
2068,Ilkan Karaman,Turkiye,205.0,Forward,0,1,0,unmatched,1990.0
2069,Marcelus Kemp,United States of America,195.0,Guard,0,1,0,unmatched,1984.0
2070,Julian Khazzouh,Australia,209.0,Center,0,1,0,unmatched,1986.0
2071,Derwin Kitchen,United States of America,193.0,Guard,0,1,0,unmatched,1986.0
2072,Lukasz Koszarek,Poland,187.0,Guard,0,1,0,unmatched,1984.0
2073,Jakub Kudlacek,Czech Republic,193.0,Guard,0,1,0,unmatched,1990.0
2074,Sylven Joshua Landesberg,United States of America,198.0,Forward,0,1,0,unmatched,1990.0
2075,Nicolas Lang,France,198.0,Guard,0,1,0,unmatched,1990.0
2076,Joffrey Stephane Morgan Lauvergne,France,211.0,Center,0,1,0,unmatched,1991.0
2077,Rasid Mahalbasic,Austria,211.0,Center,0,1,0,unmatched,1990.0
2078,Papa Mbaye,Senegal,209.0,Center,0,1,0,unmatched,1990.0
2079,Zach Morley,United States of America,203.0,Forward,0,1,0,unmatched,1983.0
2080,Joey Ney,Germany,197.0,Guard,0,1,0,unmatched,1992.0
2081,Jusuf Nurkic,Bosnia and Herzegovina,212.0,Center,1,1,1,exact,1994.0
2082,Andrew James Ogilvy,Australia,211.0,Forward,0,1,0,unmatched,1988.0
2083,Kartal Ozmizrak,Turkiye,188.0,Guard,0,1,0,unmatched,1995.0
2084,Dylan Page,United States of America,205.0,Forward,0,1,0,unmatched,1982.0
2085,Piotr Pamula,Poland,195.0,Guard,0,1,0,unmatched,1990.0
2086,Mateusz Michal Ponitka,Poland,198.0,Guard,0,1,0,unmatched,1993.0
2087,Josh Powell,United States of America,206.0,Forward,1,1,1,exact,1983.0
2088,Klemen Prepelic,Slovenia,192.0,Guard,0,1,0,unmatched,1992.0
2089,Brian Charles Randle,United States of America,203.0,Forward,0,1,0,unmatched,1985.0
2090,Dovydas Redikas,Lithuania,193.0,Guard,0,1,0,unmatched,1992.0
2091,Ryan Richards,United Kingdom,210.0,Center,0,1,0,unmatched,1991.0
2092,Moran Roth,Israel,182.0,Guard,0,1,0,unmatched,1982.0
2093,Luka Rupnik,Slovenia,185.0,Guard,0,1,0,unmatched,1993.0
2094,Viktor Sanikidze,Georgia,203.0,Forward,0,1,0,unmatched,1986.0
2095,Heiko Schaffartzik,Germany,181.0,Guard,0,1,0,unmatched,1984.0
2096,Blake Isaac Schilb,United States of America,201.0,Forward,0,1,0,unmatched,1983.0
2097,Gaios Skordilis,Greece,207.0,Center,0,1,0,unmatched,1987.0
2098,Jerry Smith,United States of America,188.0,Guard,1,1,1,exact,1987.0
2099,Emir Sulejmanovic,Finland,206.0,Forward,0,1,0,unmatched,1995.0
2100,Goran Suton,Croatia,209.0,Center,0,1,0,unmatched,1985.0
2101,Beye Tabu-Eboma,Belgium,190.0,Guard,0,1,0,unmatched,1985.0
2102,Torey Thomas,United States of America,180.0,Guard,0,1,0,unmatched,1985.0
2103,Txemi Urtasun,Spain,193.0,Guard,0,1,0,unmatched,1984.0
2104,Dominic Wayne Waters,United States of America,185.0,Guard,0,1,0,unmatched,1986.0
2105,Marcus Darell Williams,United States of America,,Guard,0,1,0,unmatched,1985.0
2106,Shelden Williams,United States of America,206.0,Center,1,1,1,exact,1983.0
2107,Dashaun Wood,United States of America,185.0,Guard,0,1,0,unmatched,1985.0
2108,Alexey Zhukanenko,Russian Federation,210.0,Center,0,1,0,unmatched,1986.0
2109,Maik Hendrik Zirbes,Germany,207.0,Center,0,1,0,unmatched,1990.0
2110,Aleksey Zozulin,Russian Federation,199.0,Guard,0,1,0,unmatched,1983.0
2111,Zackary Lamar Wright,Bosnia and Herzegovina,188.0,Guard,0,1,0,unmatched,1985.0
2112,Timothy James Abromaitis,United States of America,203.0,Forward,0,1,0,unmatched,1989.0
2113,Blake Ahearn,United States of America,188.0,Guard,1,1,1,exact,1984.0
2114,Ben-Avi-Albert Altit,Romania,208.0,Center,0,1,0,unmatched,1993.0
2115,Mihajlo Andric,Serbia,202.0,Forward,0,1,0,unmatched,1994.0
2116,Kostiantyn Anikiienko,Ukraine,218.0,Center,0,1,0,unmatched,1992.0
2117,Georgios Apostolidis,Greece,197.0,Forward,0,1,0,unmatched,1984.0
2118,Petar Aranitovic,Serbia,188.0,Guard,0,1,0,unmatched,1994.0
2119,David Barlow,Australia,205.0,Forward,0,1,0,unmatched,1983.0
2120,Jonathan Barreiro,Spain,202.0,Forward,0,1,0,unmatched,1997.0
2121,Eimantas Bendzius,Lithuania,203.0,Forward,0,1,0,unmatched,1990.0
2122,Robin Benzing,Germany,208.0,Forward,0,1,0,unmatched,1989.0
2123,Nemanja Bezbradica,Serbia,204.0,Forward,0,1,0,unmatched,1993.0
2124,James Metecan Birsen,Ireland,205.0,Forward,0,1,0,unmatched,1995.0
2125,Craig Brackins,United States of America,208.0,Forward,1,1,1,exact,1987.0
2126,John Henry Bryant Iii,United States of America,211.0,Center,0,1,0,unmatched,1987.0
2127,Louis Campbell,United States of America,191.0,Guard,0,1,0,unmatched,1979.0
2128,Miguel Cardoso,Portugal,188.0,Guard,0,1,0,unmatched,1993.0
2129,Bruno Cerella,Italy,194.0,Guard,0,1,0,unmatched,1986.0
2130,Kamil Chanas,Poland,188.0,Guard,0,1,0,unmatched,1985.0
2131,Vasileios Charalampopoulos,Greece,202.0,Forward,0,1,0,unmatched,1997.0
2132,Vytenis Cizauskas,Lithuania,188.0,Guard,0,1,0,unmatched,1992.0
2133,Maurice Rodney Collins,United States of America,196.0,Forward,0,1,0,unmatched,1984.0
2134,Daequan Cook,United States of America,193.0,Guard,1,1,1,exact,1987.0
2135,Xavier Corosine,France,183.0,Guard,0,1,0,unmatched,1985.0
2136,David Reginald Cournooh,Italy,187.0,Guard,0,1,0,unmatched,1990.0
2137,Ramel Curry,United States of America,191.0,Guard,0,1,0,unmatched,1980.0
2138,Aleksandar Cvetkovic,Serbia,185.0,Guard,0,1,0,unmatched,1993.0
2139,Boris Omer Dallo,France,193.0,Guard,0,1,0,unmatched,1994.0
2140,Paulius Dambrauskas,Lithuania,195.0,Guard,0,1,0,unmatched,1991.0
2141,Will Daniels,United States of America,203.0,Forward,0,1,0,unmatched,1986.0
2142,Malcolm Hakeem Delaney,United States of America,191.0,Guard,0,1,0,unmatched,1989.0
2143,Justin Lorenzo Dentmon,United States of America,183.0,Guard,0,1,0,unmatched,1985.0
2144,Tomas Dimsa,Lithuania,196.0,Guard,0,1,0,unmatched,1994.0
2145,Micah Downs,United States of America,195.0,Forward,0,1,0,unmatched,1986.0
2146,Tadija Dragicevic,Serbia,205.0,Forward,0,1,0,unmatched,1986.0
2147,Vladimir Dragicevic,Montenegro,205.0,Forward,0,1,0,unmatched,1986.0
2148,Kim English,United States of America,198.0,Guard,1,1,1,exact,1988.0
2149,Sergii Gladyr,Ukraine,,Forward,0,1,0,unmatched,1988.0
2150,Sergiy Gorbenko,Ukraine,202.0,Forward,0,1,0,unmatched,1985.0
2151,Maxim Grigoryev,Russian Federation,195.0,Guard,0,1,0,unmatched,1990.0
2152,Lamont Hamilton,United States of America,208.0,Center,0,1,0,unmatched,1984.0
2153,Arad Harari,Israel,196.0,Guard,0,1,0,unmatched,1994.0
2154,Marquez Haynes,United States of America,188.0,Guard,0,1,0,unmatched,1986.0
2155,Walter Hodge,United States of America,182.0,Guard,0,1,0,unmatched,1986.0
2156,Brian Hopson,United States of America,201.0,Forward,0,1,0,unmatched,1989.0
2157,Arnaud Imhoff,France,185.0,Guard,0,1,0,unmatched,1993.0
2158,Mouhammadou Jaiteh,France,208.0,Center,0,1,0,unmatched,1994.0
2159,Vlantimir Giankovits,Greece,202.0,Forward,0,1,0,unmatched,1990.0
2160,Stevan Jelovac,Serbia,208.0,Forward,0,1,0,unmatched,1989.0
2161,Tauras Jogela,Lithuania,203.0,Forward,0,1,0,unmatched,1993.0
2162,Marc Judith,France,193.0,Forward,0,1,0,unmatched,1987.0
2163,Igor Kanygin,Russian Federation,207.0,Center,0,1,0,unmatched,1994.0
2164,Vasileios Kavvadas,Greece,206.0,Forward,0,1,0,unmatched,1991.0
2165,Mukremin Deniz Kilicli,Turkiye,206.0,Forward,0,1,0,unmatched,1990.0
2166,Maxim Kolyushkin,Russian Federation,192.0,Guard,0,1,0,unmatched,1990.0
2167,Emircan Kosut,Turkiye,216.0,Center,0,1,0,unmatched,1995.0
2168,Maciej Kucharek,Poland,204.0,Forward,0,1,0,unmatched,1993.0
2169,Mindaugas Kupsas,Lithuania,217.0,Center,0,1,0,unmatched,1991.0
2170,Gani Lawal,United States of America,205.0,Forward,1,1,1,exact,1988.0
2171,Andriy Lebedintsev,Ukraine,184.0,Guard,0,1,0,unmatched,1991.0
2172,Valerii Likhodei,Russian Federation,204.0,Forward,0,1,0,unmatched,1986.0
2173,Tautvydas Lydeka,Lithuania,208.0,Center,0,1,0,unmatched,1983.0
2174,Leo Mainoldi,Argentina,203.0,Forward,0,1,0,unmatched,1985.0
2175,Alberto Martin,Spain,184.0,Guard,0,1,0,unmatched,1995.0
2176,Carlos Martinez,Spain,196.0,Forward,0,1,0,unmatched,1996.0
2177,Trenton Meacham,United States of America,190.0,Guard,0,1,0,unmatched,1985.0
2178,Salah Mejri,Tunisia,217.0,Center,1,1,1,exact,1986.0
2179,Jamario Moon,United States of America,203.0,Forward,1,1,1,exact,1980.0
2180,Kevin Marquis Murphy,United States of America,198.0,Guard,0,1,0,unmatched,1990.0
2181,Oleksandr Nerush,Ukraine,187.0,Guard,0,1,0,unmatched,1983.0
2182,Maodo Nguirane,Senegal,210.0,Center,0,1,0,unmatched,1993.0
2183,Jeremy Nzeulie,France,188.0,Guard,0,1,0,unmatched,1991.0
2184,Lamar Odom,United States of America,208.0,Forward,1,1,1,exact,1979.0
2185,Ayberk Olmaz,Turkiye,210.0,Forward,0,1,0,unmatched,1996.0
2186,Gediminas Orelik,Lithuania,200.0,Forward,0,1,0,unmatched,1990.0
2187,Cedi Osman,Turkiye,204.0,Forward,1,1,1,exact,1995.0
2188,Juan Palacios,Colombia,203.0,Forward,0,1,0,unmatched,1985.0
2189,Johan Passave,France,200.0,Forward,0,1,0,unmatched,1985.0
2190,Brent Petway,United States of America,205.0,Forward,0,1,0,unmatched,1985.0
2191,Giuseppe Poeta,Italy,,Guard,0,1,0,unmatched,1985.0
2192,Jacob Everse Pullen,United States of America,183.0,Guard,0,1,0,unmatched,1989.0
2193,Nikola Rebic,Serbia,188.0,Guard,0,1,0,unmatched,1995.0
2194,Tyrese Jammal Rice,United States of America,185.0,Guard,0,1,0,unmatched,1987.0
2195,Dusan Ristic,Serbia,214.0,Center,0,1,0,unmatched,1995.0
2196,Domantas Sabonis,Lithuania,208.0,Forward,1,1,1,exact,1996.0
2197,Doko Salic,Serbia,210.0,Center,0,1,0,unmatched,1995.0
2198,Samardo Anthony Samuels,Jamaica,206.0,Forward,0,1,0,unmatched,1989.0
2199,Grigory Shukhovtcov,Russian Federation,211.0,Center,0,1,0,unmatched,1983.0
2200,Cedric Simmons,United States of America,206.0,Center,1,1,1,medium,1986.0
2201,Marko Simonovic,Serbia,213.0,Forward,1,1,1,medium,1986.0
2202,Kenan Sipahi,Turkiye,197.0,Guard,0,1,0,unmatched,1995.0
2203,Jamar Desean Smith,United States of America,191.0,Guard,0,1,0,unmatched,1987.0
2204,Dogukan Sonmez,Turkiye,206.0,Forward,0,1,0,unmatched,1992.0
2205,Marcin Sroka,Poland,200.0,Forward,0,1,0,unmatched,1981.0
2206,Marko Tejic,Serbia,208.0,Forward,0,1,0,unmatched,1995.0
2207,Oleksandr Tishchenko,Ukraine,207.0,Forward,0,1,0,unmatched,1989.0
2208,Dejan Todorovic,Serbia,196.0,Forward,0,1,0,unmatched,1994.0
2209,Ryan Toolson,United States of America,193.0,Guard,0,1,0,unmatched,1985.0
2210,Mohamed Toure,Italy,190.0,Guard,0,1,0,unmatched,1992.0
2211,Chevon Troutman,United States of America,202.0,Forward,0,1,0,unmatched,1981.0
2212,Izzet Turkyilmaz,Turkiye,212.0,Forward,0,1,0,unmatched,1990.0
2213,Berk Ibrahim Ugurlu,Turkiye,192.0,Guard,0,1,0,unmatched,1996.0
2214,Devon Doekele Van Oostrum,United Kingdom,193.0,Guard,0,1,0,unmatched,1993.0
2215,Kaspars Vecvagars,Latvia,193.0,Guard,0,1,0,unmatched,1993.0
2216,Erving Walker,United States of America,172.0,Guard,0,1,0,unmatched,1990.0
2217,Paul Viktor Louis Zipser,Germany,203.0,Forward,0,1,0,unmatched,1994.0
2218,Darius Adams,United States of America,189.0,Guard,0,1,0,unmatched,1989.0
2219,Ismet Akpinar,Germany,193.0,Guard,0,1,0,unmatched,1995.0
2220,Joseph Anthony Alexander,Israel,203.0,Forward,0,1,0,unmatched,1986.0
2221,Can Altintig,Turkiye,195.0,Guard,0,1,0,unmatched,1987.0
2222,Pavel Antipov,Russian Federation,202.0,Forward,0,1,0,unmatched,1991.0
2223,Marko Arapovic,Croatia,206.0,Center,0,1,0,unmatched,1996.0
2224,Ege Arar,Turkiye,208.0,Forward,0,1,0,unmatched,1996.0
2225,Anton Astapkovich,Russian Federation,202.0,Forward,0,1,0,unmatched,1994.0
2226,Evgenii Baburin,Russian Federation,190.0,Guard,0,1,0,unmatched,1987.0
2227,Keith Benson,United States of America,211.0,Center,1,1,1,exact,1988.0
2228,Eleftherios Bochoridis,Greece,196.0,Guard,0,1,0,unmatched,1994.0
2229,Dy Nobel Ritchy Boungou-Colo,France,202.0,Forward,0,1,0,unmatched,1988.0
2230,Marshon Brooks,United States of America,196.0,Guard,1,1,1,exact,1989.0
2231,Arnas Butkevicius,Lithuania,197.0,Guard,0,1,0,unmatched,1992.0
2232,Dwight Buycks,United States of America,191.0,Guard,1,1,1,exact,1989.0
2233,Ousmane Camara,France,202.0,Forward,0,1,0,unmatched,1989.0
2234,Justin Anthony Carter,United States of America,193.0,Guard,0,1,0,unmatched,1987.0
2235,William Eugene Cherry Jr,United States of America,185.0,Guard,0,1,0,unmatched,1991.0
2236,Massimo Chessa,Italy,188.0,Guard,0,1,0,unmatched,1988.0
2237,Antreas Christodoulou,Greece,197.0,Guard,0,1,0,unmatched,1995.0
2238,Ante Delas,Croatia,200.0,Guard,0,1,0,unmatched,1988.0
2239,Giacomo Devecchi,Italy,196.0,Guard,0,1,0,unmatched,1985.0
2240,Georgios Diamantakos,Greece,214.0,Center,0,1,0,unmatched,1995.0
2241,Egidijus Dimsa,Lithuania,204.0,Center,0,1,0,unmatched,1985.0
2242,Jerome Clifton Dyson,United States of America,192.0,Guard,0,1,0,unmatched,1987.0
2243,Frank Roderick Elegar,United States of America,203.0,,0,1,0,unmatched,1986.0
2244,Matteo Formenti,Italy,194.0,Forward,0,1,0,unmatched,1982.0
2245,Joseph Forte,United States of America,193.0,Guard,1,1,1,exact,1981.0
2246,Jannik Freese,Germany,211.0,Center,0,1,0,unmatched,1986.0
2247,Deividas Gailius,Lithuania,200.0,Forward,0,1,0,unmatched,1988.0
2248,Simas Galdikas,Lithuania,203.0,Forward,0,1,0,unmatched,1987.0
2249,Niels Giffey,Germany,200.0,Forward,0,1,0,unmatched,1991.0
2250,Mindaugas Girdziunas,Lithuania,188.0,Guard,0,1,0,unmatched,1989.0
2251,Ryan Gomes,United States of America,201.0,Forward,1,1,1,exact,1982.0
2252,Michael Gospodarek,Poland,186.0,Guard,0,1,0,unmatched,1991.0
2253,David Guardia,Spain,200.0,Forward,0,1,0,unmatched,1990.0
2254,Ludvig Erik Haakanson,Sweden,190.0,Guard,0,1,0,unmatched,1996.0
2255,Ben Hansbrough,United States of America,190.0,Guard,1,1,1,exact,1987.0
2256,Luke Cameron Harangody,United States of America,203.0,Forward,0,1,0,unmatched,1988.0
2257,Colton Miller Iverson,United States of America,213.0,Center,0,1,0,unmatched,1989.0
2258,Vladimir Ivlev,Russian Federation,207.0,Forward,0,1,0,unmatched,1990.0
2259,Orlando Vincent Johnson,United States of America,196.0,Guard,0,1,0,unmatched,1989.0
2260,Stefan Jovic,Serbia,196.0,Guard,0,1,0,unmatched,1990.0
2261,Lamine Kante,France,201.0,Forward,0,1,0,unmatched,1987.0
2262,Kenan Karahodzic,Serbia,209.0,Forward,0,1,0,unmatched,1996.0
2263,Vaidas Kariniauskas,Lithuania,199.0,Guard,0,1,0,unmatched,1993.0
2264,Jakub Karolak,Poland,196.0,Forward,0,1,0,unmatched,1993.0
2265,Antonios Koniaris,Greece,196.0,Guard,0,1,0,unmatched,1997.0
2266,Furkan Korkmaz,Turkiye,202.0,Guard,1,1,1,exact,1997.0
2267,Maksim Krivosheev,Russian Federation,202.0,Forward,0,1,0,unmatched,1988.0
2268,Rihards Kuksiks,Latvia,198.0,Forward,0,1,0,unmatched,1988.0
2269,Damian Kulig,Poland,205.0,Center,0,1,0,unmatched,1987.0
2270,Shane Lawal,Nigeria,208.0,Center,0,1,0,unmatched,1986.0
2271,Nate Linhart,United States of America,201.0,Forward,0,1,0,unmatched,1986.0
2272,Michail Lountzis,Greece,195.0,Guard,0,1,0,unmatched,1998.0
2273,Lovro Mazalin,Croatia,203.0,Forward,0,1,0,unmatched,1997.0
2274,Martynas Mazeika,Lithuania,191.0,Guard,0,1,0,unmatched,1985.0
2275,Cheikh Mbodj,Senegal,208.0,Center,0,1,0,unmatched,1987.0
2276,Vlad Moldoveanu,Romania,206.0,Forward,0,1,0,unmatched,1988.0
2277,Raidas Nacius,Lithuania,196.0,Guard,0,1,0,unmatched,1991.0
2278,Demetris Tiant Nichols,United States of America,203.0,Forward,0,1,0,unmatched,1984.0
2279,Uros Nikolic,Serbia,206.0,Center,0,1,0,unmatched,1987.0
2280,Kristijan Nikolov,Turkiye,188.0,Guard,0,1,0,unmatched,1996.0
2281,Levan Patsatsia,Georgia,198.0,Forward,0,1,0,unmatched,1988.0
2282,Pablo Perez,Spain,185.0,Guard,0,1,0,unmatched,1997.0
2283,Fran Pilepic,Croatia,194.0,Guard,0,1,0,unmatched,1989.0
2284,Suacan Piskin,Turkiye,188.0,Guard,0,1,0,unmatched,1990.0
2285,Ilya Popov,Russian Federation,210.0,Center,0,1,0,unmatched,1995.0
2286,Joseph Alexander Ragland,United States of America,181.0,Guard,0,1,0,unmatched,1989.0
2287,Ivan Ramljak,Croatia,203.0,Forward,0,1,0,unmatched,1990.0
2288,Reginald Edward Redding Jr,United States of America,193.0,Guard,0,1,0,unmatched,1988.0
2289,Gregory Alexander Renfroe,United States of America,191.0,Guard,0,1,0,unmatched,1986.0
2290,Brian Sacchetti,Italy,200.0,Forward,0,1,0,unmatched,1986.0
2291,Vytautas Sarakauskas,Lithuania,205.0,Center,0,1,0,unmatched,1982.0
2292,Tomas Satoransky,Czech Republic,201.0,Guard,1,1,1,exact,1991.0
2293,Ivan Savelyev,Russian Federation,190.0,Guard,0,1,0,unmatched,1987.0
2294,Martin Seiferth,Germany,208.0,Center,0,1,0,unmatched,1990.0
2295,Anthony Darrell Slaughter,United States of America,191.0,Guard,0,1,0,unmatched,1987.0
2296,Nolan Smith,United States of America,188.0,Guard,1,1,1,exact,1988.0
2297,Edgar Sosa,United States of America,190.0,Guard,0,1,0,unmatched,1988.0
2298,James Southerland,United States of America,202.0,Forward,1,1,1,exact,1990.0
2299,Vojdan Stojanovski,North Macedonia,194.0,Guard,0,1,0,unmatched,1987.0
2300,Ivan Strebkov,Russian Federation,192.0,Guard,0,1,0,unmatched,1991.0
2301,Donatas Tarolis,Lithuania,202.0,Forward,0,1,0,unmatched,1994.0
2302,Tony Christopher Taylor,United States of America,185.0,Guard,0,1,0,unmatched,1990.0
2303,Michail Tsairelis,Greece,206.0,Forward,0,1,0,unmatched,1988.0
2304,Okben Ulubay,Turkiye,201.0,Forward,0,1,0,unmatched,1996.0
2305,Gokturk Ural,Turkiye,198.0,Guard,0,1,0,unmatched,1995.0
2306,Manuel Vanuzzo,Italy,203.0,Forward,0,1,0,unmatched,1975.0
2307,Akeem David Vargas,Germany,193.0,Guard,0,1,0,unmatched,1990.0
2308,Valdas Vasylius,Lithuania,203.0,Forward,0,1,0,unmatched,1983.0
2309,Ivan Viktorov,Russian Federation,197.0,Forward,0,1,0,unmatched,1995.0
2310,Moritz Wagner,Germany,204.0,Forward,1,1,1,exact,1997.0
2311,Dewayne White Jr,United States of America,206.0,Forward,0,1,0,unmatched,1986.0
2312,Lukasz Wisniewski,Poland,189.0,Guard,0,1,0,unmatched,1984.0
2313,Jonas Wohlfarth-Bottermann,Germany,207.0,Center,0,1,0,unmatched,1990.0
2314,Chris Wright,United States of America,203.0,Forward,1,1,1,exact,1988.0
2315,Julian Emil-Jamaal Wright,United States of America,203.0,Center,0,1,0,unmatched,1987.0
2316,Patric Casey Young,United States of America,209.0,Center,0,1,0,unmatched,1992.0
2317,Omer Faruk Yurtseven,Turkiye,213.0,Forward,0,1,0,unmatched,1998.0
2318,Louri Frejus Zerbo,Ivory Coast,205.0,Center,0,1,0,unmatched,1989.0
2319,Karlo Zganec,Croatia,206.0,Forward,0,1,0,unmatched,1995.0
2320,Ivan Zigeranovic,Serbia,212.0,Center,0,1,0,unmatched,1984.0
2321,Hakim Warrick,United States of America,206.0,Center,1,1,1,exact,1982.0
2322,Vincent Shamar Hunter,United States of America,203.0,Forward,0,1,0,unmatched,1994.0
2323,Elijah Johnson,United States of America,193.0,Guard,0,1,0,unmatched,1990.0
2324,Jerome Randle,United States of America,175.0,Guard,0,1,0,unmatched,1987.0
2325,Elliot Williams,United States of America,196.0,Guard,1,1,1,exact,1989.0
2326,Darius Johnson-Odom,United States of America,188.0,Guard,1,1,1,exact,1989.0
2327,Jack Cooley,United States of America,206.0,Forward,1,1,1,medium,1991.0
2328,Maurice Daly Ndour,Senegal,206.0,Forward,0,1,0,unmatched,1992.0
2329,Randy Culpepper,United States of America,183.0,Guard,0,1,0,unmatched,1989.0
2330,Ogulcan Baykan,Turkiye,196.0,Guard,0,1,0,unmatched,1996.0
2331,Andrea Amato,Italy,190.0,Guard,0,1,0,unmatched,1994.0
2332,Ioannis Athinaiou,Greece,194.0,Guard,0,1,0,unmatched,1988.0
2333,Nikita Balashov,Russian Federation,207.0,Forward,0,1,0,unmatched,1991.0
2334,Muhammed Mustafa Baygul,Turkiye,195.0,Guard,0,1,0,unmatched,1992.0
2335,Ercan Bayrak,Turkiye,208.0,Forward,0,1,0,unmatched,1997.0
2336,Dragan Bender,Croatia,211.0,Forward,1,1,1,exact,1997.0
2337,Josh Boone,United States of America,208.0,Forward,1,1,1,exact,1984.0
2338,Ryan James Broekhoff,Australia,197.0,Forward,0,1,0,unmatched,1990.0
2339,Alberto Corbacho,Spain,200.0,Forward,0,1,0,unmatched,1984.0
2340,Cheikh Moussa Diagne,Senegal,211.0,Center,0,1,0,unmatched,1994.0
2341,Jon K Diebler,United States of America,198.0,Guard,0,1,0,unmatched,1988.0
2342,Mamadou Diop,Spain,204.0,Forward,0,1,0,unmatched,1993.0
2343,Nemanja Djurisic,Montenegro,203.0,Forward,0,1,0,unmatched,1992.0
2344,Marcus Per Eriksson,Sweden,201.0,Guard,0,1,0,unmatched,1993.0
2345,Kyrylo Fesenko,Ukraine,216.0,Center,1,1,1,exact,1986.0
2346,Matt Gatens,United States of America,195.0,Guard,0,1,0,unmatched,1989.0
2347,Karol Gruszecki,Poland,196.0,Guard,0,1,0,unmatched,1989.0
2348,Akif Egemen Guven,Turkiye,206.0,Center,0,1,0,unmatched,1996.0
2349,Olivier Zacharie Hanlan,Canada,193.0,Guard,0,1,0,unmatched,1993.0
2350,Elias John Michael Harris,Germany,203.0,Forward,0,1,0,unmatched,1989.0
2351,Robert John Hummel,United States of America,203.0,Forward,0,1,0,unmatched,1989.0
2352,Stanislav Ilnitskiy,Russian Federation,200.0,Forward,0,1,0,unmatched,1994.0
2353,Toni Katic,Croatia,185.0,Guard,0,1,0,unmatched,1992.0
2354,Inanc Koc,Turkiye,202.0,Forward,0,1,0,unmatched,1979.0
2355,Viacheslav Kravtsov,Ukraine,213.0,Center,1,1,1,exact,1987.0
2356,Dmitrii Kulagin,Russian Federation,198.0,Forward,0,1,0,unmatched,1992.0
2357,Ivan Lazarev,Russian Federation,210.0,Forward,0,1,0,unmatched,1991.0
2358,Daniele Magro,Italy,208.0,Center,0,1,0,unmatched,1987.0
2359,Daniel Mayr,Germany,216.0,Center,0,1,0,unmatched,1995.0
2360,Trevor Okaychukwu Macp Mbakwe,Nigeria,203.0,Center,0,1,0,unmatched,1989.0
2361,Darius Miller,United States of America,203.0,Forward,1,1,1,exact,1990.0
2362,Quincy Cortez Miller Scott,United States of America,206.0,Forward,0,1,0,unmatched,1992.0
2363,Vasileios Mouratos,Greece,193.0,Guard,0,1,0,unmatched,1997.0
2364,Dzanan Musa,Bosnia and Herzegovina,206.0,Guard,1,1,1,exact,1999.0
2365,Stefan Nastic,Serbia,211.0,Center,0,1,0,unmatched,1992.0
2366,Bryan Ntilikina Frank,France,194.0,Guard,0,1,0,unmatched,1998.0
2367,Ike Ofoegbu,United States of America,205.0,Center,0,1,0,unmatched,1984.0
2368,Abodunrin Gabriel Olaseni,United Kingdom,208.0,Center,0,1,0,unmatched,1991.0
2369,Arinze Onuaku,United States of America,206.0,Center,1,1,1,exact,1987.0
2370,Dogus Ozdemiroglu,Turkiye,194.0,Guard,0,1,0,unmatched,1996.0
2371,Georgios Papagiannis,Greece,220.0,Center,1,1,1,exact,1997.0
2372,Ruslan Pateev,Russian Federation,213.0,Center,0,1,0,unmatched,1990.0
2373,Francesco Pellegrino,Italy,211.0,Center,0,1,0,unmatched,1991.0
2374,Marcel Ponitka,Poland,187.0,Forward,0,1,0,unmatched,1997.0
2375,James Richard Reynolds,United States of America,188.0,Guard,0,1,0,unmatched,1984.0
2376,Andreas Seiferth,Germany,209.0,Center,0,1,0,unmatched,1989.0
2377,Soner Senturk,Turkiye,192.0,Guard,0,1,0,unmatched,1986.0
2378,Maksim Sheleketo,Russian Federation,205.0,Forward,0,1,0,unmatched,1987.0
2379,Borisa Simanic,Serbia,209.0,Forward,0,1,0,unmatched,1998.0
2380,Daniel Theis,Germany,204.0,Center,1,1,1,exact,1992.0
2381,Ryan Thompson,United States of America,198.0,Guard,0,1,0,unmatched,1988.0
2382,Romeo Travis,United States of America,201.0,Forward,0,1,0,unmatched,1984.0
2383,Metin Turen,Turkiye,207.0,Forward,0,1,0,unmatched,1994.0
2384,Ekpedeme Friday Udoh,United States of America,208.0,Center,0,1,0,unmatched,1987.0
2385,Chistian Uta,Romania,211.0,Center,0,1,0,unmatched,1997.0
2386,Jarvis Varnado,United States of America,206.0,Center,1,1,1,exact,1988.0
2387,William Henry Walker,United States of America,198.0,Guard,0,1,0,unmatched,1987.0
2388,Kyle Jordan Weems,United States of America,198.0,Forward,0,1,0,unmatched,1989.0
2389,Scott Jordan Wilbekin,United States of America,188.0,Guard,0,1,0,unmatched,1993.0
2390,Mathieu Wojciechowski,France,203.0,Forward,0,1,0,unmatched,1992.0
2391,Mehmet Yagmur,Turkiye,188.0,Guard,0,1,0,unmatched,1987.0
2392,Kamil Zywert,Poland,184.0,Guard,0,1,0,unmatched,1996.0
2393,Nimrod Levi,Israel,208.0,Forward,0,1,0,unmatched,1995.0
2394,Simpson Diamon,United States of America,203.0,Forward,0,1,0,unmatched,1987.0
2395,Joaquin Colom Barrufet,Spain,188.0,Guard,0,1,0,unmatched,1988.0
2396,Xavier Tyler-Jerome Munford,United States of America,193.0,Guard,0,1,0,unmatched,1992.0
2397,Nicolas Laprovittola,Italy,190.0,Guard,1,1,1,exact,1990.0
2398,Alex Ryan Kirk,United States of America,211.0,Center,0,1,0,unmatched,1991.0
2399,Anthony Bennett,Canada,203.0,Forward,1,1,1,exact,1993.0
2400,Coty Taylor Clarke,United States of America,201.0,Forward,0,1,0,unmatched,1992.0
2401,Bruno Fitipaldo Rodriguez,Italy,184.0,Guard,0,1,0,unmatched,1991.0
2402,Jerel Landon Mc Neal,United States of America,191.0,Guard,0,1,0,unmatched,1987.0
2403,Ante Toni Zizic,Croatia,210.0,Center,0,1,0,unmatched,1997.0
2404,Brandon Stephan Paul,United States of America,193.0,Guard,0,1,0,unmatched,1991.0
2405,Artem Klimenko,Russian Federation,214.0,Center,0,1,0,unmatched,1994.0
2406,Paul Michael Stoll,United States of America,180.0,Guard,0,1,0,unmatched,1985.0
2407,Jonathan Alexander Holmes,United States of America,204.0,Forward,0,1,0,unmatched,1992.0
2408,Chase Andrew Budinger,United States of America,201.0,Forward,0,1,0,unmatched,1988.0
2409,Yordan Dinkov Minchev,Bulgaria,205.0,Forward,0,1,0,unmatched,1998.0
2410,Nathan David Wolters,United States of America,194.0,Guard,0,1,0,unmatched,1991.0
2411,Austin Darren Daye,United States of America,211.0,Center,0,1,0,unmatched,1988.0
2412,Joshua Emmanuel Akognon,United States of America,180.0,Guard,0,1,0,unmatched,1986.0
2413,Orhan Aydin Haciyeva,Turkiye,203.0,Forward,0,1,0,unmatched,1989.0
2414,Can Korkmaz,Turkiye,187.0,Guard,0,1,0,unmatched,1992.0
2415,Russ Antoin Smith,United States of America,183.0,Guard,0,1,0,unmatched,1991.0
2416,Khem Xavier Birch,Canada,206.0,Center,0,1,0,unmatched,1992.0
2417,Trevor Donald Cooney,United States of America,193.0,Guard,0,1,0,unmatched,1992.0
2418,Isaiah P J Hartenstein,Germany,210.0,Forward,0,1,0,unmatched,1998.0
2419,Deshane Davis Larkin,United States of America,180.0,Guard,0,1,0,unmatched,1992.0
2420,Stefan Peno,Serbia,198.0,Guard,0,1,0,unmatched,1997.0
2421,Tadas Sedekerskis,Lithuania,206.0,Forward,0,1,0,unmatched,1998.0
2422,Jeffrey Curtis Ayres,United States of America,206.0,Center,0,1,0,unmatched,1987.0
2423,Bryce Jiron Cotton,United States of America,185.0,Guard,0,1,0,unmatched,1992.0
2424,Dennis Jerome Seeley Jr,United States of America,193.0,Guard,0,1,0,unmatched,1989.0
2425,Dagan Yivzori,Israel,193.0,Guard,0,1,0,unmatched,1985.0
2426,Aleksandr Karpukhin,Russian Federation,191.0,Guard,0,1,0,unmatched,1990.0
2427,Andrew Michael Harrison,United States of America,198.0,Guard,0,1,0,unmatched,1994.0
2428,Jacob Daniel Wiley,United States of America,202.0,Forward,0,1,0,unmatched,1994.0
2429,Alexander Khomenko,Russian Federation,192.0,Guard,0,1,0,unmatched,1999.0
2430,Devin Javar Williams,United States of America,206.0,Center,0,1,0,unmatched,1994.0
2431,Briante Alexander Weber,United States of America,188.0,Guard,0,1,0,unmatched,1992.0
2432,Tarik Biberovic,Turkiye,201.0,Forward,0,1,0,unmatched,2001.0
2433,Jalen Leonard Jones,United States of America,201.0,Forward,0,1,0,unmatched,1993.0
2434,Sean Redell Kilpatrick,United States of America,193.0,Guard,0,1,0,unmatched,1990.0
2435,Aleksej Pokusevski,Serbia,213.0,Guard,1,1,1,exact,2001.0
2436,Joshua Adam Magette,United States of America,185.0,Guard,0,1,0,unmatched,1989.0
2437,James Tahj Mainor-Bell,United States of America,196.0,Forward,0,1,0,unmatched,1992.0
2438,Goga Bitadze,Georgia,212.0,Center,1,1,1,exact,1999.0
2439,Mert Akay,Turkiye,196.0,Guard,0,1,0,unmatched,2000.0
2440,Erikas Venskus,Lithuania,205.0,Center,0,1,0,unmatched,2000.0
2441,Garlon Everett Green,United States of America,201.0,Guard,0,1,0,unmatched,1991.0
2442,Joel Bolomboy,United States of America,204.0,Forward,1,1,1,exact,1994.0
2443,Fedor Zugic,Montenegro,198.0,Guard,0,1,0,unmatched,2003.0
2444,Ramon Darell Sessions,United States of America,191.0,Guard,0,1,0,unmatched,1986.0
2445,Efe Ergi Tirpanci,Turkiye,200.0,Guard,0,1,0,unmatched,2000.0
2446,Derrick Andre Walton Jr,United States of America,185.0,Guard,0,1,0,unmatched,1995.0
2447,Aleksander Roman Balcerowski,Poland,215.0,Center,0,1,0,unmatched,2000.0
2448,Khalifa Ababacar Diop,Senegal,208.0,Center,0,1,0,unmatched,2002.0
2449,Jovan Kljajic,Montenegro,197.0,Guard,0,1,0,unmatched,2001.0
2450,Lukas Uleckas,Lithuania,199.0,Guard,0,1,0,unmatched,1999.0
2451,Alberto Oliver Campos,Spain,,Guard,0,1,0,unmatched,1978.0
2452,Gabriel Alejandro Deck,Argentina,198.0,Forward,0,1,0,unmatched,1995.0
2453,Johnny Lee Obryant Iii,United States of America,204.0,Forward,0,1,0,unmatched,1993.0
2454,Kendrick John Ray,United States of America,188.0,Guard,0,1,0,unmatched,1994.0
2455,Derrick Le Ron Williams,United States of America,206.0,Forward,0,1,0,unmatched,1991.0
2456,Tarik Bernard Black,United States of America,206.0,Center,0,1,0,unmatched,1991.0
2457,Ivan Ukhov,Russian Federation,193.0,Guard,0,1,0,unmatched,1995.0
2458,Clevin Finley Hannah,United States of America,179.0,Guard,0,1,0,unmatched,1987.0
2459,Darrun Cordell Hilliard Ii,United States of America,198.0,Forward,0,1,0,unmatched,1993.0
2460,Rokas Jokubaitis,Lithuania,193.0,Guard,0,1,0,unmatched,2000.0
2461,Zachary Vincent Leday,United States of America,202.0,Center,0,1,0,unmatched,1994.0
2462,Andrei Lopatin,Russian Federation,208.0,Forward,0,1,0,unmatched,1998.0
2463,Ajdin Penava,Bosnia and Herzegovina,206.0,Center,0,1,0,unmatched,1997.0
2464,Shavon Oday Stokholm Shields,Denmark,201.0,Forward,0,1,0,unmatched,1994.0
2465,Robin Amaize,Germany,188.0,Guard,0,1,0,unmatched,1994.0
2466,Eulis Baez,Dominican Republic,201.0,Center,0,1,0,unmatched,1982.0
2467,Ondrej Balvin,Czech Republic,217.0,Center,0,1,0,unmatched,1992.0
2468,Christopher Mychal Evans,United States of America,203.0,Forward,0,1,0,unmatched,1991.0
2469,Lucas James Fischer,United States of America,211.0,Center,0,1,0,unmatched,1994.0
2470,Anzejs Pasecniks,Latvia,216.0,Center,1,1,1,exact,1995.0
2471,Oriol Pauli Fornells,Spain,201.0,Forward,0,1,0,unmatched,1994.0
2472,Deni Avdija,Israel,205.0,Guard,1,1,1,exact,2001.0
2473,Laurynas Birutis,Lithuania,213.0,Center,0,1,0,unmatched,1997.0
2474,Angelo Dominik Caloiaro,United States of America,203.0,Forward,0,1,0,unmatched,1989.0
2475,Earl Rashod Clark,United States of America,208.0,Center,0,1,0,unmatched,1988.0
2476,Aaron Vincent Craft,United States of America,188.0,Guard,0,1,0,unmatched,1991.0
2477,Tyler Ennis Mcintyre,Canada,188.0,Guard,0,1,0,unmatched,1994.0
2478,Marius Grigonis,Lithuania,198.0,Guard,0,1,0,unmatched,1994.0
2479,Aleksa Ilic,Montenegro,204.0,Forward,0,1,0,unmatched,1996.0
2480,Jan Patrick Melwin Pantzar,Sweden,190.0,Guard,0,1,0,unmatched,2000.0
2481,Donatas Sabeckis,Lithuania,198.0,Guard,0,1,0,unmatched,1992.0
2482,Sead Sehovic,Montenegro,196.0,Forward,0,1,0,unmatched,1989.0
2483,Thomas Ryan Walkup,Greece,193.0,Guard,0,1,0,unmatched,1992.0
2484,Nigel Cole Williams-Goss,United States of America,191.0,Guard,0,1,0,unmatched,1994.0
2485,Danilo Timon Barthel,Germany,,Forward,0,1,0,unmatched,1991.0
2486,Devin Rydale Booker,United States of America,205.0,Center,0,1,0,unmatched,1991.0
2487,De Marious Markel Brown,United States of America,191.0,Guard,0,1,0,unmatched,1992.0
2488,Antonio Lamar Crocker,United States of America,198.0,Forward,0,1,0,unmatched,1987.0
2489,Michael Oluwaseun Eric,Nigeria,210.0,Center,0,1,0,unmatched,1988.0
2490,Jeremy Deshawn Evans,United States of America,207.0,Forward,0,1,0,unmatched,1987.0
2491,Braydon Hobbs,United States of America,196.0,Guard,0,1,0,unmatched,1989.0
2492,Stanton Justin Kidd,United States of America,200.0,Forward,0,1,0,unmatched,1992.0
2493,Kyle Mathew Kuric,Slovakia,193.0,Forward,0,1,0,unmatched,1989.0
2494,Jordan Grayson Mickey,United States of America,203.0,Center,0,1,0,unmatched,1994.0
2495,Marvin Ogunsipe,Austria,204.0,Forward,0,1,0,unmatched,1996.0
2496,Zanis Peiners,Latvia,205.0,Forward,0,1,0,unmatched,1990.0
2497,Alec Jeffrey Peters,United States of America,206.0,Forward,0,1,0,unmatched,1995.0
2498,Artem Pustovyi,Ukraine,219.0,Center,0,1,0,unmatched,1992.0
2499,Rolands Smits,Latvia,208.0,Forward,0,1,0,unmatched,1995.0
2500,Timofey Yakushin,Russian Federation,194.0,Guard,0,1,0,unmatched,1997.0
2501,Filip Barovic,Montenegro,207.0,Center,0,1,0,unmatched,1990.0
2502,Christian Charles Burns,Italy,203.0,Forward,0,1,0,unmatched,1985.0
2503,Amedeo Della Valle,Italy,193.0,Guard,0,1,0,unmatched,1993.0
2504,Nikola Ivanovic,Montenegro,191.0,Guard,0,1,0,unmatched,1994.0
2505,Danilo Nikolic,Montenegro,206.0,Center,0,1,0,unmatched,1993.0
2506,Zoran Nikolic,Montenegro,212.0,Center,0,1,0,unmatched,1996.0
2507,Petar Popovic,Montenegro,193.0,Guard,0,1,0,unmatched,1996.0
2508,Suad Sehovic,Montenegro,,Forward,0,1,0,unmatched,1987.0
2509,Ahmet Bugrahan Tuncer,Turkiye,193.0,Guard,0,1,0,unmatched,1993.0
2510,Shaquielle Oneal Mckissic,United States of America,196.0,Guard,0,1,0,unmatched,1990.0
2511,Guerschon Yabusele,France,201.0,Forward,1,1,1,exact,1995.0
2512,Davion Christopher Lamont Berry,United States of America,192.0,Guard,0,1,0,unmatched,1991.0
2513,Lautaro Tomas Lopez,Argentina,181.0,Guard,0,1,0,unmatched,1999.0
2514,Kerr Kriisa,Estonia,189.0,Guard,0,1,0,unmatched,2001.0
2515,Octavius Todd Humes Ellis,United States of America,208.0,Center,0,1,0,unmatched,1993.0
2516,Amare Carsares Stoudemire,United States of America,208.0,Center,0,1,0,unmatched,1982.0
2517,Semaj Rakim Christon,United States of America,191.0,Guard,0,1,0,unmatched,1992.0
2518,Andrew Eugene Crawford,United States of America,196.0,Forward,0,1,0,unmatched,1990.0
2519,Alexandros Nikolaidis,Greece,190.0,Guard,0,1,0,unmatched,2002.0
2520,Howard Powell Sant-Roos Olano,Cuba,201.0,Forward,0,1,0,unmatched,1991.0
2521,Andrew Jay Rautins,Canada,193.0,Guard,0,1,0,unmatched,1986.0
2522,Zan Mark Sisko,Slovenia,189.0,Guard,0,1,0,unmatched,1997.0
2523,Jalen Reynolds,United States of America,207.0,Center,0,1,0,unmatched,1992.0
2524,Keifer J Sykes,United States of America,183.0,Guard,0,1,0,unmatched,1993.0
2525,Kevin Xavier Punter,Serbia,193.0,Guard,0,1,0,unmatched,1993.0
2526,Marko Jagodic Kuridza,Croatia,205.0,Forward,0,1,0,unmatched,1987.0
2527,Bogdan Radosavljevic,Germany,213.0,Center,0,1,0,unmatched,1993.0
2528,Ekrem Sancakli,Serbia,194.0,Guard,0,1,0,unmatched,2001.0
2529,Vladislav Trushkin,Russian Federation,201.0,Forward,0,1,0,unmatched,1993.0
2530,Willie Reed,United States of America,211.0,Center,1,1,1,exact,1990.0
2531,Guillem Ferrando,Spain,185.0,Guard,0,1,0,unmatched,2002.0
2532,Millan Jimenez,Spain,198.0,Guard,0,1,0,unmatched,2002.0
2533,Maksim Barashkov,Russian Federation,201.0,Forward,0,1,0,unmatched,1998.0
2534,Austin James Hollins,United States of America,193.0,Guard,0,1,0,unmatched,1991.0
2535,Mouhammad Faye,Senegal,208.0,Forward,0,1,0,unmatched,1985.0
2536,Paul Stephane Lionel Biligha,Italy,200.0,Center,0,1,0,unmatched,1990.0
2537,Shelvin Bernard Mack Jr,United States of America,191.0,Guard,0,1,0,unmatched,1990.0
2538,Sergei Balashov,Russian Federation,206.0,Forward,0,1,0,unmatched,1996.0
2539,Quincy Jyrome Acy,United States of America,201.0,Forward,0,1,0,unmatched,1990.0
2540,Wade M Baldwin Iv,United States of America,193.0,Guard,0,1,0,unmatched,1996.0
2541,Thomas J Bray Jr.,United States of America,196.0,Guard,0,1,0,unmatched,1992.0
2542,Elijah Brigham Bryant,United States of America,196.0,Guard,0,1,0,unmatched,1995.0
2543,Berkay Candan,Turkiye,205.0,Forward,0,1,0,unmatched,1993.0
2544,Sandy Cohen Iii,United States of America,198.0,Guard,0,1,0,unmatched,1995.0
2545,Tyler Quincy Dorsey,United States of America,196.0,Guard,0,1,0,unmatched,1996.0
2546,James Taft Fredette,United States of America,187.0,Guard,0,1,0,unmatched,1989.0
2547,Tolga Gecim,Turkiye,206.0,Forward,0,1,0,unmatched,1996.0
2548,Jason George,Germany,198.0,Guard,0,1,0,unmatched,2001.0
2549,Itan Majkl Hap,North Macedonia,206.0,Center,0,1,0,unmatched,1996.0
2550,Omer Can Ilyasoglu,Turkiye,195.0,Guard,0,1,0,unmatched,2001.0
2551,Christopher Scott Kramer,United States of America,191.0,Guard,0,1,0,unmatched,1988.0
2552,Gregory Keith Monroe Jr.,United States of America,211.0,Center,0,1,0,unmatched,1990.0
2553,Nikolas Stauskas,Canada,197.0,Guard,0,1,0,unmatched,1993.0
2554,Benjamin Bentil,Ghana,204.0,Forward,0,1,0,unmatched,1995.0
2555,Rion Cortez Brown,United States of America,197.0,Forward,0,1,0,unmatched,1991.0
2556,Usman Garuba Alari,Spain,203.0,Center,0,1,0,unmatched,2002.0
2557,Wesley Ja Marr Johnson,United States of America,201.0,Forward,0,1,0,unmatched,1987.0
2558,Mario Nakic,Serbia,202.0,Forward,0,1,0,unmatched,2001.0
2559,Ronald Deline Baker,United States of America,193.0,Guard,0,1,0,unmatched,1993.0
2560,Filip Covic,Serbia,180.0,Guard,0,1,0,unmatched,1989.0
2561,Konstantine Demetrios Koufos,United States of America,213.0,Center,0,1,0,unmatched,1989.0
2562,Landry Christ Nnoko,Cameroon,208.0,Center,0,1,0,unmatched,1994.0
2563,Ismael Bako,Belgium,208.0,Center,0,1,0,unmatched,1995.0
2564,Andrei Desiatnikov,Russian Federation,220.0,Center,0,1,0,unmatched,1994.0
2565,Youssoupha Fall,France,221.0,Center,0,1,0,unmatched,1995.0
2566,Charles Gabriel Simon Marie Galliou,France,202.0,Forward,0,1,0,unmatched,1995.0
2567,Martinas Geben,Lithuania,208.0,Center,0,1,0,unmatched,1994.0
2568,Nigel Alexander Hayes-Davis,United States of America,203.0,Forward,0,1,0,unmatched,1994.0
2569,Pierria Lee Vaughntay Henry,United States of America,193.0,Guard,0,1,0,unmatched,1993.0
2570,Livio Philippe Jean-Charles,France,205.0,Forward,0,1,0,unmatched,1993.0
2571,Tonye Frank Jekiri,Nigeria,212.0,Center,0,1,0,unmatched,1994.0
2572,Jonas Christopher Jerebko,Sweden,208.0,Center,0,1,0,unmatched,1987.0
2573,Charles Kahudi,France,196.0,Forward,0,1,0,unmatched,1986.0
2574,Sergei Karasev,Russian Federation,201.0,Forward,0,1,0,unmatched,1993.0
2575,Louis Labeyrie,France,209.0,Forward,0,1,0,unmatched,1992.0
2576,Jock Alexander Hunter Landale,Australia,211.0,Center,0,1,0,unmatched,1995.0
2577,Rihards Lomazs,Latvia,193.0,Forward,0,1,0,unmatched,1996.0
2578,Jordan Kenneth Loyd,United States of America,194.0,Guard,0,1,0,unmatched,1993.0
2579,Karolis Lukosiunas,Lithuania,195.0,Forward,0,1,0,unmatched,1997.0
2580,Theo Maledon,France,193.0,Guard,1,1,1,exact,2001.0
2581,Vanja Marinkovic,Serbia,199.0,Guard,0,1,0,unmatched,1997.0
2582,Amine Noua,France,202.0,Center,0,1,0,unmatched,1997.0
2583,Alex Daniel Perez,United States of America,191.0,Guard,0,1,0,unmatched,1993.0
2584,Achille Polonara,Italy,205.0,Center,0,1,0,unmatched,1991.0
2585,Anton Pushkov,Russian Federation,208.0,Center,0,1,0,unmatched,1988.0
2586,Konstantin Shevchuk,Russian Federation,190.0,Guard,0,1,0,unmatched,2000.0
2587,Matthew Strazel,France,184.0,Guard,0,1,0,unmatched,2002.0
2588,Jordan Michael Taylor,United States of America,188.0,Guard,0,1,0,unmatched,1989.0
2589,Michael Edward Tobey,Slovenia,213.0,Center,0,1,0,unmatched,1994.0
2590,Evgeny Valiev,Russian Federation,205.0,Forward,0,1,0,unmatched,1990.0
2591,Andrew Victor Albicy,France,178.0,Guard,0,1,0,unmatched,1990.0
2592,Leandro Nicolas Bolmaro,Italy,200.0,Guard,0,1,0,unmatched,2000.0
2593,Diego Flaccadori,Italy,193.0,Guard,0,1,0,unmatched,1996.0
2594,Sasha Mattias Grant,Italy,198.0,Forward,0,1,0,unmatched,2002.0
2595,Joshua Sutton Huestis,United States of America,201.0,Forward,0,1,0,unmatched,1991.0
2596,William James Baron,United States of America,188.0,Guard,0,1,0,unmatched,1990.0
2597,Lorenz Volker Brenneke,Germany,204.0,Forward,0,1,0,unmatched,2000.0
2598,Lorenzo Dontez Brown,United States of America,196.0,Guard,0,1,0,unmatched,1990.0
2599,Tyler Robert Cavanaugh,United States of America,206.0,Forward,0,1,0,unmatched,1994.0
2600,Malte Delow,Germany,198.0,Guard,0,1,0,unmatched,2001.0
2601,Rokas Giedraitis,Lithuania,200.0,Forward,0,1,0,unmatched,1992.0
2602,Martin Hermannsson,Iceland,193.0,Guard,0,1,0,unmatched,1994.0
2603,Makai Salaam Mason,United States of America,185.0,Guard,0,1,0,unmatched,1995.0
2604,Jonas Mattisseck,Germany,194.0,Guard,0,1,0,unmatched,2000.0
2605,Nemanja Nenadic,Serbia,197.0,Forward,0,1,0,unmatched,1994.0
2606,Kresimir Nikic,Croatia,213.0,Center,0,1,0,unmatched,1999.0
2607,Kenneth Osagie Ogbe,Germany,198.0,Guard,0,1,0,unmatched,1994.0
2608,Michael Olalekan Ojo,Nigeria,216.0,Center,0,1,0,unmatched,1993.0
2609,Tim Schneider,Germany,208.0,Forward,0,1,0,unmatched,1997.0
2610,Lucas Clayton Sikma,United States of America,203.0,Forward,0,1,0,unmatched,1989.0
2611,Peyton Robert Siva Jr,United States of America,182.0,Guard,0,1,0,unmatched,1990.0
2612,Johannes Pierre Loti Thiemann,Germany,205.0,Center,0,1,0,unmatched,1994.0
2613,Jean Marc Christ Koumadje,Chad,223.0,Center,0,1,0,unmatched,1996.0
2614,Mantas Rubstavicius,Lithuania,198.0,Guard,0,1,0,unmatched,2002.0
2615,David Kraemer,Germany,198.0,Guard,0,1,0,unmatched,1997.0
2616,Gabriel Lundberg,Denmark,193.0,Guard,1,1,1,exact,1994.0
2617,Timothy Joseph Cline Jr,United States of America,203.0,Forward,0,1,0,unmatched,1994.0
2618,Kyle Brandon O Quinn,United States of America,206.0,Center,0,1,0,unmatched,1990.0
2619,Dmitrii Kadoshnikov,Russian Federation,202.0,Forward,0,1,0,unmatched,2001.0
2620,Tristan Tsalikis Vukcevic,Serbia,213.0,Center,0,1,0,unmatched,2003.0
2621,Ivan Evstigneev,Russian Federation,195.0,Guard,0,1,0,unmatched,1999.0
2622,Vladislav Sharapov,Russian Federation,203.0,Forward,0,1,0,unmatched,1999.0
2623,Elwin Ndjock,France,193.0,Forward,0,1,0,unmatched,2001.0
2624,Emanuel Davon Terry,United States of America,206.0,Center,0,1,0,unmatched,1996.0
2625,Yury Umrikhin,Russian Federation,188.0,Guard,0,1,0,unmatched,1999.0
2626,Vladislav Odinokov,Russian Federation,202.0,Forward,0,1,0,unmatched,2000.0
2627,El Hadji Omar Brancou Badio,Senegal,191.0,Guard,0,1,0,unmatched,1999.0
2628,Carlos Alocen Arrondo,Spain,194.0,Guard,0,1,0,unmatched,2000.0
2629,Yonatan Atias,Israel,205.0,Center,0,1,0,unmatched,2001.0
2630,Alexander Poythress,United States of America,206.0,Forward,0,1,0,unmatched,1993.0
2631,Igor Volkhin,Russian Federation,199.0,Forward,0,1,0,unmatched,1997.0
2632,Denis Zakharov,Russian Federation,192.0,Guard,0,1,0,unmatched,1993.0
2633,Oz Blayzer,Israel,200.0,Forward,0,1,0,unmatched,1992.0
2634,Duoph Thomas Reath,Australia,210.0,Center,0,1,0,unmatched,1996.0
2635,Aleksa Uskokovic,Serbia,194.0,Guard,0,1,0,unmatched,1999.0
2636,Torrian Corey Walden,United States of America,188.0,Guard,0,1,0,unmatched,1992.0
2637,Eidan Alber,Israel,194.0,Guard,0,1,0,unmatched,2000.0
2638,Jarell Alexander Eddie,United States of America,201.0,Forward,0,1,0,unmatched,1991.0
2639,Johnathan Hamilton,Trinidad and Tobago,213.0,Center,0,1,0,unmatched,1994.0
2640,Christopher James Jones Jr,United States of America,188.0,Guard,0,1,0,unmatched,1993.0
2641,Dyshawn Dylan Pierre,Canada,198.0,Forward,0,1,0,unmatched,1993.0
2642,Dori Sahar,Israel,195.0,Forward,0,1,0,unmatched,2001.0
2643,Ibou Dianko Badji,Senegal,215.0,Center,0,1,0,unmatched,2002.0
2644,Erten Gazi,Turkiye,191.0,Guard,0,1,0,unmatched,1997.0
2645,Langston Avery Hall,United States of America,192.0,Guard,0,1,0,unmatched,1991.0
2646,Sergi Martinez Costa,Spain,202.0,Forward,0,1,0,unmatched,1999.0
2647,Aleksa Radanov,Serbia,202.0,Guard,0,1,0,unmatched,1998.0
2648,Arturs Kurucs,Latvia,190.0,Guard,0,1,0,unmatched,2000.0
2649,Sander Raieste,Estonia,204.0,Forward,0,1,0,unmatched,1999.0
2650,Hassan Martin,United States of America,201.0,Center,0,1,0,unmatched,1995.0
2651,Moustapha Falou Fall,France,218.0,Center,0,1,0,unmatched,1992.0
2652,Allerik Juwan Freeman,United States of America,191.0,Guard,0,1,0,unmatched,1994.0
2653,Aaron Malik Harrison,United States of America,198.0,Guard,0,1,0,unmatched,1994.0
2654,Kevarrius Keshawn Hayes,United States of America,206.0,Forward,0,1,0,unmatched,1997.0
2655,William Henri Audie Howard,France,203.0,Forward,0,1,0,unmatched,1993.0
2656,Jajuan Markeis Johnson,United States of America,208.0,Forward,0,1,0,unmatched,1989.0
2657,Giannoulis Larentzakis,Greece,196.0,Guard,0,1,0,unmatched,1993.0
2658,Jaime Pradilla Gayan,Spain,205.0,Center,0,1,0,unmatched,2001.0
2659,Nicholas Alan Weiler-Babb,Germany,194.0,Guard,0,1,0,unmatched,1995.0
2660,Marek Blazevic,Lithuania,209.0,Center,0,1,0,unmatched,2001.0
2661,Nikolaos Diplaros,Greece,190.0,Guard,0,1,0,unmatched,1997.0
2662,Marcus Franklee Foster,United States of America,191.0,Guard,0,1,0,unmatched,1995.0
2663,Leonidas Kaselakis,Greece,202.0,Forward,0,1,0,unmatched,1990.0
2664,Benjamin William Lammers,United States of America,208.0,Center,0,1,0,unmatched,1995.0
2665,Davide Moretti,Italy,190.0,Guard,0,1,0,unmatched,1998.0
2666,Stephen Paul Vasturia,United States of America,196.0,Guard,0,1,0,unmatched,1995.0
2667,Nikolaos Chougkaz,Greece,204.0,Forward,0,1,0,unmatched,2000.0
2668,Anthony Markel Starks Ii,United States of America,188.0,Guard,0,1,0,unmatched,1991.0
2669,Nikola Topic,Serbia,198.0,Guard,1,1,1,exact,2005.0
2670,Khyri Jaquan Thomas,United States of America,191.0,Guard,0,1,0,unmatched,1996.0
2671,Motiejus Krivas,Lithuania,214.0,Center,0,1,0,unmatched,2004.0
2672,George Earl Kell Iii,United States of America,193.0,Guard,0,1,0,unmatched,1996.0
2673,Tyson Gregory Carter,United States of America,193.0,Guard,0,1,0,unmatched,1998.0
2674,Jehyve Jamal Floyd,United States of America,203.0,Center,0,1,0,unmatched,1997.0
2675,Papa Ababacar Bartolome,Spain,208.0,Forward,0,1,0,unmatched,2004.0
2676,Dante Liman Exum,Australia,198.0,Guard,0,1,0,unmatched,1995.0
2677,Tommaso Baldasso,Italy,190.0,Guard,0,1,0,unmatched,1998.0
2678,Zaccharie Risacher,France,206.0,Forward,1,1,1,exact,2005.0
2679,Regimantas Miniotas,Lithuania,208.0,Forward,0,1,0,unmatched,1996.0
2680,Marco Shyderrick Knight,United States of America,188.0,Forward,0,1,0,unmatched,1989.0
2681,Lamar Kendrell Anthony Peters,United States of America,183.0,Guard,0,1,0,unmatched,1998.0
2682,Tai Jack Webster,New Zealand,193.0,Guard,0,1,0,unmatched,1995.0
2683,Dwayne Lee Bacon Jr,United States of America,204.0,Forward,0,1,0,unmatched,1995.0
2684,Kenneth Bernard Faried-Lewis Ii,United States of America,203.0,Forward,0,1,0,unmatched,1989.0
2685,Kevin Duane Ferrell Jr,United States of America,182.0,Guard,0,1,0,unmatched,1993.0
2686,Oded David Brandwein,Israel,179.0,Guard,0,1,0,unmatched,1988.0
2687,Ovinton J Anthony Mayo,United States of America,196.0,Guard,0,1,0,unmatched,1987.0
2688,Oscar Leon Da Silva,Germany,205.0,Forward,0,1,0,unmatched,1998.0
2689,Alejandro Barrera,Spain,196.0,Guard,0,1,0,unmatched,1992.0
2690,Yahir Gael Bonilla Silva,Mexico,202.0,Forward,0,1,0,unmatched,2003.0
2691,Jarrell Isaiah Brantley,United States of America,201.0,Forward,0,1,0,unmatched,1996.0
2692,Michael Caicedo Sanchez,Spain,199.0,Guard,0,1,0,unmatched,2003.0
2693,Agustin Ubal Agostini,Italy,198.0,Guard,0,1,0,unmatched,2003.0
2694,Steven Coy Enoch,United States of America,208.0,Center,0,1,0,unmatched,1997.0
2695,Marko Gusic,Serbia,197.0,Guard,0,1,0,unmatched,2002.0
2696,James Ugochukwu Nnaji,Nigeria,212.0,Center,0,1,0,unmatched,2004.0
2697,Rafael Villar Cornago,Spain,191.0,Guard,0,1,0,unmatched,2004.0
2698,Neoklis Avdalas,Greece,196.0,Guard,0,1,0,unmatched,2006.0
2699,John Edward Brown Iii,United States of America,203.0,Forward,0,1,0,unmatched,1992.0
2700,Isaiah Andre Canaan,United States of America,183.0,Guard,0,1,0,unmatched,1991.0
2701,Alpha Saliou Diallo,United States of America,201.0,Forward,0,1,0,unmatched,1997.0
2702,Ibrahima Fall Faye,Senegal,209.0,Forward,0,1,0,unmatched,1997.0
2703,Artem Komolov,Russian Federation,193.0,Guard,0,1,0,unmatched,1993.0
2704,Paris Devante Lee,Cameroon,184.0,Guard,0,1,0,unmatched,1995.0
2705,Daryl Macon Jr,United States of America,188.0,Guard,0,1,0,unmatched,1995.0
2706,Eli John Ndiaye,Spain,204.0,Forward,0,1,0,unmatched,2004.0
2707,Marco Spissu,Italy,182.0,Guard,0,1,0,unmatched,1995.0
2708,Dmitrii Uzinskii,Russian Federation,200.0,Forward,0,1,0,unmatched,1993.0
2709,Ntoumpouisi Antetokounmpo,Greece,208.0,Forward,0,1,0,unmatched,1997.0
2710,Jerry Franck Boutsiele,France,208.0,Center,0,1,0,unmatched,1992.0
2711,Matthew Tyler Costello,Ivory Coast,208.0,Center,0,1,0,unmatched,1993.0
2712,Keenan Cortez Evans,United States of America,191.0,Guard,0,1,0,unmatched,1996.0
2713,Conner Frankamp,United States of America,185.0,Guard,0,1,0,unmatched,1995.0
2714,Ab Sediq Garuba,Spain,193.0,Forward,0,1,0,unmatched,2004.0
2715,Kymany Houinsou,France,196.0,Guard,0,1,0,unmatched,2004.0
2716,Ognjen Jaramaz,Serbia,193.0,Guard,0,1,0,unmatched,1995.0
2717,Urban Klavzar,Slovenia,185.0,Guard,0,1,0,unmatched,2004.0
2718,Eleftherios Mantzoukas,Greece,207.0,Forward,0,1,0,unmatched,2003.0
2719,Jeffery Raymar Morgan Ii,United States of America,202.0,Forward,0,1,0,unmatched,1988.0
2720,Juan Nunez Garcia,Spain,193.0,Guard,0,1,0,unmatched,2004.0
2721,Andreas Obst,Germany,191.0,Guard,0,1,0,unmatched,1996.0
2722,Elie-Franck Okobo,France,191.0,Guard,0,1,0,unmatched,1997.0
2723,Dylan Osetkowski,United States of America,206.0,Forward,0,1,0,unmatched,1996.0
2724,Kendrick Perry,United States of America,185.0,Guard,0,1,0,unmatched,1992.0
2725,Gavin Marcel Valentin Schilling,Germany,206.0,Forward,0,1,0,unmatched,1995.0
2726,Roman Sorkin,Israel,208.0,Forward,0,1,0,unmatched,1996.0
2727,Kameron Taylor,United States of America,198.0,Guard,0,1,0,unmatched,1994.0
2728,Armel Bakari Timothe Simon Traore,France,203.0,Forward,0,1,0,unmatched,2003.0
2729,Victor Wembanyama De Fautereau-Vassel,France,220.0,Forward,0,1,0,unmatched,2004.0
2730,Okaro Wayne Anthony White,United States of America,203.0,Forward,0,1,0,unmatched,1992.0
2731,Iftah Ziv,Israel,191.0,Guard,0,1,0,unmatched,1995.0
2732,Davide Alviti,Italy,197.0,Guard,0,1,0,unmatched,1996.0
2733,Tamir Blatt,Israel,178.0,Guard,0,1,0,unmatched,1997.0
2734,Troy Jerome Daniels,United States of America,193.0,Guard,0,1,0,unmatched,1991.0
2735,Rudy Brice Emmanuel Demahis Ballou,France,190.0,Guard,0,1,0,unmatched,2002.0
2736,Holdyn Jerian Grant,United States of America,196.0,Guard,0,1,0,unmatched,1992.0
2737,Robert De Juan Gray Jr,United States of America,186.0,Guard,0,1,0,unmatched,1994.0
2738,Devon Howard Hall,United States of America,196.0,Guard,0,1,0,unmatched,1995.0
2739,Donta Lavell Hall,United States of America,208.0,Center,0,1,0,unmatched,1997.0
2740,Sehmus Hazer,Turkiye,195.0,Guard,0,1,0,unmatched,1999.0
2741,Emmanuel Kabeya Mudiay,United States of America,196.0,Guard,0,1,0,unmatched,1996.0
2742,Joshua Okechukwu Nebo,Slovenia,206.0,Center,0,1,0,unmatched,1997.0
2743,Yakuba Ouattara,France,192.0,Guard,0,1,0,unmatched,1992.0
2744,Filip Petrusev,Serbia,211.0,Center,1,1,1,exact,2000.0
2745,Giampaolo Ricci,Italy,201.0,Forward,0,1,0,unmatched,1991.0
2746,Marial Shayok,Canada,196.0,Guard,1,1,1,exact,1995.0
2747,Jaleen Devon Smith,United States of America,190.0,Guard,0,1,0,unmatched,1994.0
2748,Zylan Anthony Cheatham,United States of America,,Center,0,1,0,unmatched,1995.0
2749,Furkan Haltali,Turkiye,207.0,Center,0,1,0,unmatched,2002.0
2750,Matthew William Thomas,United States of America,196.0,Guard,0,1,0,unmatched,1994.0
2751,Veniamin Abosi,Greece,200.0,Forward,0,1,0,unmatched,2006.0
2752,Shabazz Bozie Napier,United States of America,185.0,Guard,0,1,0,unmatched,1991.0
2753,Maximillian Aaron Von Heidegger,United States of America,191.0,Guard,0,1,0,unmatched,1997.0
2754,Suleiman Okhaifoede Braimoh,Nigeria,203.0,Center,0,1,0,unmatched,1989.0
2755,Shannon Eugene Evans Ii,Guinea,185.0,Guard,0,1,0,unmatched,1994.0
2756,Nwachukwu Iheukwumere Chima Moneke,Nigeria,196.0,Forward,0,1,0,unmatched,1995.0
2757,Isaiah Shaquille Taylor,United States of America,191.0,Guard,0,1,0,unmatched,1994.0
2758,Kajus Kublickas,Lithuania,186.0,Guard,0,1,0,unmatched,2004.0
2759,Timothe Baptiste Luwawu Kongbo Usage Cabarrot-Luwawu Kongbo,France,201.0,Forward,0,1,0,unmatched,1995.0
2760,Vladimir Brodziansky,Slovakia,211.0,Center,0,1,0,unmatched,1994.0
2761,Jalen Rashad Adams,United States of America,191.0,Guard,0,1,0,unmatched,1995.0
2762,Tzortz Piter Papathanasiou,Greece,196.0,Guard,0,1,0,unmatched,1998.0
2763,Dordije Jovanovic,Montenegro,200.0,Forward,0,1,0,unmatched,2003.0
2764,Gora Camara,Senegal,214.0,Center,0,1,0,unmatched,2001.0
2765,Leo Menalo,Croatia,206.0,Forward,0,1,0,unmatched,2002.0
2766,Samet Geyik,Turkiye,206.0,Forward,0,1,0,unmatched,1993.0
2767,Balsa Koprivica,Serbia,216.0,Center,0,1,0,unmatched,2000.0
2768,Carsen Cade Edwards,United States of America,180.0,Guard,0,1,0,unmatched,1998.0
2769,Petr William Cornelie,France,211.0,Forward,0,1,0,unmatched,1995.0
2770,Elias Jose Rapieque,Germany,200.0,Forward,0,1,0,unmatched,2004.0
2771,Rikus Alexander Schulte,Germany,206.0,Forward,0,1,0,unmatched,2004.0
2772,Nils Benjamin Machowski,Germany,190.0,Guard,0,1,0,unmatched,2004.0
2773,Rafael Yitshak Menco,Israel,198.0,Forward,0,1,0,unmatched,1994.0
2774,Maik Kalev Kotsar,Estonia,209.0,Center,0,1,0,unmatched,1996.0
2775,Darius Jamar Thompson,Italy,193.0,Guard,0,1,0,unmatched,1995.0
2776,Alexandros Samontourov,Greece,210.0,Forward,0,1,0,unmatched,2005.0
2777,Andrew Delano Andrews,United States of America,188.0,Guard,0,1,0,unmatched,1993.0
2778,Panagiotis Kalaitzakis,Greece,200.0,Guard,0,1,0,unmatched,1999.0
2779,Liutauras Lelevicius,Lithuania,201.0,Guard,0,1,0,unmatched,2003.0
2780,Ignas Brazdeikis,Lithuania,201.0,Guard,1,1,1,exact,1999.0
2781,Dovydas Giedraitis,Lithuania,193.0,Guard,0,1,0,unmatched,2000.0
2782,Jesusemilore Talodabijesu Ojeleye,United States of America,198.0,Forward,0,1,0,unmatched,1994.0
2783,Niccolo Mannion,Italy,190.0,Guard,0,1,0,unmatched,2001.0
2784,Alessandro Pajola,Italy,194.0,Guard,0,1,0,unmatched,1999.0
2785,Isaia Cordinier,France,196.0,Guard,0,1,0,unmatched,1996.0
2786,Sergio De Larrea,Spain,198.0,Guard,0,1,0,unmatched,2005.0
2787,Lucas Mari Tardio,Spain,198.0,Guard,0,1,0,unmatched,2005.0
2788,Kyle John Solomon Alexander,Canada,208.0,Forward,0,1,0,unmatched,1996.0
2789,Jasiel Rivero Fernandez,Cuba,206.0,Center,0,1,0,unmatched,1993.0
2790,Jonah Kameron Radebaugh,Montenegro,191.0,Guard,0,1,0,unmatched,1997.0
2791,Xabier Lopez-Arostegui,Spain,200.0,Guard,0,1,0,unmatched,1997.0
2792,James Leroy Webb Iii,United States of America,206.0,Forward,0,1,0,unmatched,1993.0
2793,Jared Lamar Harper,United States of America,178.0,Guard,0,1,0,unmatched,1997.0
2794,Yam Madar,Israel,190.0,Guard,0,1,0,unmatched,2000.0
2795,Uros Trifunovic,Serbia,200.0,Forward,0,1,0,unmatched,2000.0
2796,Gregor Glas,Slovenia,197.0,Guard,0,1,0,unmatched,2001.0
2797,Alen Smailagic,Serbia,206.0,Forward,1,1,1,exact,2000.0
2798,Aleksa Avramovic,Serbia,193.0,Guard,0,1,0,unmatched,1994.0
2799,Panagiotis Tsamis,Greece,204.0,Forward,0,1,0,unmatched,2002.0
2800,Bonzie Alexander Colson Ii,United States of America,198.0,Forward,0,1,0,unmatched,1996.0
2801,Jarell Montrel Martin,United States of America,208.0,Forward,0,1,0,unmatched,1994.0
2802,Johnathan Landus Motley-Harvey,United States of America,206.0,Center,0,1,0,unmatched,1995.0
2803,Stefano Tonut,Italy,194.0,Guard,0,1,0,unmatched,1993.0
2804,Nazareth Jersey Mitrou-Long,Canada,193.0,Guard,0,1,0,unmatched,1993.0
2805,Dalibor Ilic,Serbia,202.0,Forward,0,1,0,unmatched,2000.0
2806,Jaylen Tairique Adams,United States of America,188.0,Guard,0,1,0,unmatched,1996.0
2807,John Michael Joseph Holland,United States of America,196.0,Forward,0,1,0,unmatched,1988.0
2808,Daulton Craig Hommes,United States of America,203.0,Forward,0,1,0,unmatched,1996.0
2809,Markus Anthony Howard,United States of America,178.0,Guard,0,1,0,unmatched,1999.0
2810,Frederick Maurice Gillespie Ii,United States of America,206.0,Center,0,1,0,unmatched,1997.0
2811,Jan Niklas Wimberg,Germany,206.0,Forward,0,1,0,unmatched,1996.0
2812,Isaac Evolue Etue Bofenda Bonga,Germany,203.0,Forward,0,1,0,unmatched,1999.0
2813,Cassius Xavier Lamarr Winston,United States of America,,Guard,0,1,0,unmatched,1998.0
2814,Parker Ellington Jackson-Cartwright,United States of America,180.0,Guard,0,1,0,unmatched,1995.0
2815,Yves Pons,France,197.0,Forward,1,1,1,exact,1999.0
2816,Retin Obasohan,Belgium,183.0,Guard,0,1,0,unmatched,1993.0
2817,Jonah Kenneth Mathews,United States of America,191.0,Forward,0,1,0,unmatched,1998.0
2818,Anthony Michael Lewis Polite,Switzerland,198.0,Forward,0,1,0,unmatched,1997.0
2819,Yoan Maurice Junior Makoundou,France,207.0,Center,0,1,0,unmatched,2000.0
2820,Jaron Samuel Blossomgame,United States of America,200.0,Forward,0,1,0,unmatched,1993.0
2821,Yannick Clemens Thomas Wetzell,New Zealand,206.0,Forward,0,1,0,unmatched,1996.0
2822,Gabriele Procida,Italy,201.0,Guard,0,1,0,unmatched,2002.0
2823,Joseph Elliotte Thomasson Jr,United States of America,193.0,Guard,0,1,0,unmatched,1993.0
2824,Moses Anthony Wright,United States of America,207.0,Center,0,1,0,unmatched,1998.0
2825,Javonte Dedrick Smart,United States of America,193.0,Guard,0,1,0,unmatched,1999.0
2826,RODNEY CHRISTIAN McGRUDER,United States of America,193.0,Guard,0,1,0,unmatched,1991.0
2827,Justin Lamar Anderson,United States of America,198.0,Forward,0,1,0,unmatched,1993.0
2828,Ridvan Oncel,Turkiye,191.0,Guard,0,1,0,unmatched,1997.0
2829,Guglielmo Caruso,Italy,204.0,Forward,0,1,0,unmatched,1999.0
2830,Daniel Akinfayoshe Oturu,United States of America,208.0,Center,0,1,0,unmatched,1999.0
2831,Edmond Byron Sumner,United States of America,198.0,Guard,0,1,0,unmatched,1995.0
2832,Michael Alan Daum,United States of America,206.0,Forward,0,1,0,unmatched,1995.0
2833,Nedas Montvila,Lithuania,194.0,Guard,0,1,0,unmatched,2002.0
2834,Ivan Kharchenkov,Germany,198.0,Guard,0,1,0,unmatched,2006.0
2835,Bruno Correa Fernandes Caboclo,Brazil,208.0,Center,0,1,0,unmatched,1995.0
2836,Kendrick Melvin Nunn,United States of America,195.0,Guard,0,1,0,unmatched,1995.0
2837,Vit Hrabar,Slovenia,204.0,Forward,0,1,0,unmatched,2006.0
2838,Christopher Xavier Chiozza,United States of America,180.0,Guard,0,1,0,unmatched,1995.0
2839,Omer Mayer,Israel,192.0,Guard,0,1,0,unmatched,2006.0
2840,Georgios Tanoulis,Greece,210.0,Center,0,1,0,unmatched,2002.0
2841,Joel Parra Lopez,Spain,202.0,Forward,0,1,0,unmatched,2000.0
2842,Kasparas Jakucionis,Lithuania,193.0,Guard,1,1,1,exact,2006.0
2843,Elhadji Dame Sarr,Italy,198.0,Guard,0,1,0,unmatched,2006.0
2844,Jabari Ali Parker,United States of America,203.0,Forward,0,1,0,unmatched,1995.0
2845,Dario Brizuela Arrieta,Spain,188.0,Guard,0,1,0,unmatched,1994.0
2846,Antonius Lacharles Cleveland,United States of America,196.0,Guard,0,1,0,unmatched,1994.0
2847,Francis Stanley Kaminsky Iii,United States of America,213.0,Center,0,1,0,unmatched,1993.0
2848,Perry Linnard Dozier Jr,United States of America,198.0,Guard,0,1,0,unmatched,1996.0
2849,Ismael Sindou Kamagate,France,211.0,Center,0,1,0,unmatched,2001.0
2850,Giordano Bortolani,Italy,193.0,Guard,0,1,0,unmatched,2000.0
2851,Hugo Gonzalez Pena,Spain,198.0,Forward,0,1,0,unmatched,2006.0
2852,Ismaila Diagne,Senegal,214.0,Center,0,1,0,unmatched,2006.0
2853,Kassius Macdonald Robertson,Jamaica,190.0,Forward,0,1,0,unmatched,1994.0
2854,Boubacar Toure,Senegal,210.0,Center,0,1,0,unmatched,1995.0
2855,Damien Roberto Inglis,France,204.0,Center,0,1,0,unmatched,1995.0
2856,Nathan Donald Reuvers,Hungary,209.0,Forward,0,1,0,unmatched,1998.0
2857,Franknin Willis Jackson,United States of America,190.0,Guard,0,1,0,unmatched,1998.0
2858,Noam Yaacov,Israel,186.0,Guard,0,1,0,unmatched,2004.0
2859,Mbaye Ndiaye,Senegal,204.0,Center,0,1,0,unmatched,1999.0
2860,John Onuche Egbunu,Nigeria,208.0,Center,0,1,0,unmatched,1994.0
2861,James Michael Scott,United States of America,203.0,Forward,0,1,0,unmatched,1988.0
2862,Emre Melih Tunca,Turkiye,195.0,Guard,0,1,0,unmatched,2005.0
2863,Danko Brankovic,Croatia,217.0,Center,0,1,0,unmatched,2000.0
2864,Nelson Jeremias Weidemann,Germany,190.0,Guard,0,1,0,unmatched,1999.0
2865,Sylvain Francisco,France,185.0,Guard,0,1,0,unmatched,1997.0
2866,Nathan Michael Sestina,United States of America,203.0,Forward,0,1,0,unmatched,1997.0
2867,Yigit Hamza Mestoglu,Turkiye,,Forward,0,1,0,unmatched,2004.0
2868,Justin Barrus Bean,United States of America,201.0,Forward,0,1,0,unmatched,1996.0
2869,Ziga Samar,Slovenia,197.0,Guard,0,1,0,unmatched,2001.0
2870,Matteo Spagnolo,Italy,193.0,Guard,0,1,0,unmatched,2003.0
2871,Sterling Damarco Brown,United States of America,196.0,Guard,0,1,0,unmatched,1995.0
2872,Brady Reece Manek,United States of America,206.0,Forward,0,1,0,unmatched,1998.0
2873,Danielius Lavrinovicius,Lithuania,206.0,Center,0,1,0,unmatched,1999.0
2874,Dovydas Butka,Lithuania,204.0,Forward,0,1,0,unmatched,2003.0
2875,Devontae Calvin Cacok,United States of America,201.0,Center,0,1,0,unmatched,1996.0
2876,Bruno Mascolo,Italy,192.0,Guard,0,1,0,unmatched,1996.0
2877,Juan Alberto Hernangomez Geuer,Spain,206.0,Forward,0,1,0,unmatched,1995.0
2878,Dimitrios Rafail Moraitis,Greece,190.0,Guard,0,1,0,unmatched,1999.0
2879,Kyle Joseph Guy,United States of America,188.0,Guard,0,1,0,unmatched,1997.0
2880,Yago Mateus Dos Santos,Brazil,175.0,Guard,0,1,0,unmatched,1999.0
2881,Marko Simonovic,Montenegro,213.0,Center,0,1,0,unmatched,1999.0
2882,Tyrique Daniel Jones,United States of America,206.0,Center,0,1,0,unmatched,1997.0
2883,Ercan Osmani,Turkiye,210.0,Forward,0,1,0,unmatched,1998.0
2884,Nikolaos Agapitos Rogkavopoulos,Greece,201.0,Forward,0,1,0,unmatched,2001.0
2885,Codi Tyree Miller-Mc Intyre,United States of America,191.0,Guard,0,1,0,unmatched,1994.0
2886,Terence Michael Tarpey,United States of America,196.0,Guard,0,1,0,unmatched,1994.0
2887,Kemba Hudley Walker,United States of America,183.0,Guard,0,1,0,unmatched,1990.0
2888,Derek Xavier Willis,United States of America,205.0,Forward,0,1,0,unmatched,1995.0
2889,Erkan Yilmaz,Turkiye,197.0,Forward,0,1,0,unmatched,1997.0
2890,Justus Hollatz,Germany,195.0,Guard,0,1,0,unmatched,2001.0
2891,Burak Can Yildizli,Turkiye,204.0,Forward,0,1,0,unmatched,1994.0
2892,Saben Anthonia Lee,United States of America,188.0,Guard,0,1,0,unmatched,1999.0
2893,Isaiah Robert-Johan Wong,United States of America,190.0,Guard,0,1,0,unmatched,2001.0
2894,Robert Anthony Baker Ii,United States of America,208.0,Forward,0,1,0,unmatched,1998.0
2895,Mathieu Sacha Grujicic,Germany,196.0,Guard,0,1,0,unmatched,2007.0
2896,Jimmy Clark Jr Iii,United States of America,190.0,Guard,0,1,0,unmatched,2001.0
2897,Mathis Dossou-Yovo,France,206.0,Forward,0,1,0,unmatched,2000.0
2898,Jilson Luis Antonio Bango,Angola,208.0,Center,0,1,0,unmatched,1999.0
2899,Justin Alaric Holiday,United States of America,198.0,Forward,0,1,0,unmatched,1989.0
2900,Dovydas Buika,Lithuania,198.0,Guard,0,1,0,unmatched,2007.0
2901,Bruno Afonso  David Fernando,Angola,208.0,Center,0,1,0,unmatched,1998.0
2902,Smith Jr Dennis Cliff,United States of America,190.0,Guard,0,1,0,unmatched,1997.0
2903,Ivan Volf,Germany,201.0,Guard,0,1,0,unmatched,2006.0
2904,Luka Samanic,Croatia,208.0,Center,1,1,1,exact,2000.0
2905,Nathan Mensah,Ghana,210.0,Center,1,1,1,exact,1998.0
2906,Wenyen Makuac Gabriel,United States of America,206.0,Center,0,1,0,unmatched,1997.0
2907,Trevion Lamon Williams,United States of America,208.0,Center,0,1,0,unmatched,2000.0
2908,Raul Villar,Spain,191.0,Guard,0,1,0,unmatched,2007.0
2909,Mert Emre Eksioglu,Turkiye,188.0,Guard,0,1,0,unmatched,2002.0
2910,David Joseph Mc Cormack,United States of America,208.0,Center,0,1,0,unmatched,1999.0
2911,Raul Neto Togni,Italy,188.0,Guard,0,1,0,unmatched,1992.0
2912,Andre Lee Roberson,United States of America,199.0,Forward,0,1,0,unmatched,1991.0
2913,Achille Lonati,Italy,195.0,Guard,0,1,0,unmatched,2007.0
2914,Lonnie Terrance Walker Iv,United States of America,196.0,Guard,0,1,0,unmatched,1998.0
2915,DAVID MICHAEL DeJULIUS,United States of America,183.0,Guard,0,1,0,unmatched,1999.0
2916,Amon Levi Doerries,Germany,210.0,Forward,0,1,0,unmatched,2006.0
2917,Mantas Juzenas,Lithuania,200.0,Guard,0,1,0,unmatched,2006.0
2918,Skylar Justin Mays,United States of America,191.0,Guard,0,1,0,unmatched,1997.0
2919,Duane Eddy Washington,United States of America,191.0,Guard,0,1,0,unmatched,2000.0
2920,Ousmane Diop,Senegal,204.0,Center,0,1,0,unmatched,2000.0
2921,Armoni Daetrell Nikee Brooks,United States of America,194.0,Guard,0,1,0,unmatched,1998.0
2922,Nenad Dimitrijevikj,North Macedonia,190.0,Guard,0,1,0,unmatched,1998.0
2923,Riccardo Visconti,Italy,196.0,Guard,0,1,0,unmatched,1998.0
2924,Levi Randolph,United States of America,198.0,Forward,0,1,0,unmatched,1992.0
2925,William Henry Rayman,Israel,203.0,Forward,0,1,0,unmatched,1997.0
2926,Alpha Kaba,France,208.0,Center,0,1,0,unmatched,1996.0
2927,Jaylen Tremell Hoard,United States of America,204.0,Forward,0,1,0,unmatched,1999.0
2928,Dorian Grosber,Luxembourg,197.0,Forward,0,1,0,unmatched,2006.0
2929,Mehdi Fournier Evan,France,200.0,Forward,0,1,0,unmatched,1992.0
2930,Chimezie Chukwudum Metu,Nigeria,208.0,Center,0,1,0,unmatched,1997.0
2931,Anton Frederik Nufer,Germany,204.0,Guard,0,1,0,unmatched,2006.0
2932,Andres Rafael Feliz Sarita,Spain,186.0,Guard,0,1,0,unmatched,1997.0
2933,El Hadji Sidi Makhtar Gueye,Senegal,207.0,Center,0,1,0,unmatched,2007.0
2934,Xavier Andrew Rathan,Canada,191.0,Forward,0,1,0,unmatched,1994.0
2935,Declan Duru,Germany,200.0,Forward,0,1,0,unmatched,2007.0
2936,Kabenga Paul Mbiya,Democratic Republic of the Congo (Zaire),202.0,Center,0,1,0,unmatched,2005.0
2937,Yohann Sissoko,France,194.0,Forward,0,1,0,unmatched,2006.0
2938,Rayjon Augusta Tucker,United States of America,191.0,Guard,0,1,0,unmatched,1997.0
2939,Nicola Akele,Italy,203.0,Forward,0,1,0,unmatched,1995.0
2940,Mouhamet Rassoul Diouf,Italy,208.0,Center,0,1,0,unmatched,2001.0
2941,Matthew Garnell Morgan,United States of America,188.0,Guard,0,1,0,unmatched,1997.0
2942,Andrejs Grazulis,Latvia,202.0,Forward,0,1,0,unmatched,1993.0
2943,Mikael Jantunen,Finland,204.0,Forward,0,1,0,unmatched,2000.0
2944,Enzo Shahrvin,France,201.0,Center,0,1,0,unmatched,2003.0
2945,Leon Kratzer,Germany,212.0,Center,0,1,0,unmatched,1997.0
2946,Sebastian Esteban Herrera Kratzborn,Chile,193.0,Guard,0,1,0,unmatched,1997.0
2947,Bandja Sy,France,205.0,Forward,0,1,0,unmatched,1990.0
2948,Leopold Cavaliere,France,202.0,Forward,0,1,0,unmatched,1996.0
2949,Tyson Ward,United States of America,198.0,Forward,0,1,0,unmatched,1997.0
2950,Nadir Hifi,France,185.0,Guard,0,1,0,unmatched,2002.0
2951,Collin Malcolm,United States of America,200.0,Forward,0,1,0,unmatched,1997.0
2952,Timothy Neocartes Shorts Ii,United States of America,175.0,Guard,0,1,0,unmatched,1997.0
2953,Neal Omar Sako,France,210.0,Forward,0,1,0,unmatched,1998.0
2954,Melvin Pierre Ajinca,France,203.0,Forward,0,1,0,unmatched,2004.0
2955,Schofield Adimiral,United States of America,193.0,Forward,0,1,0,unmatched,1997.0
2956,Shaquille Harrison,United States of America,193.0,Forward,1,1,1,exact,1993.0
2957,Deividas Sirvydis,Lithuania,204.0,Guard,1,1,1,exact,2000.0
2958,Matthew Antonio Mitchell Ii,United States of America,198.0,Forward,0,1,0,unmatched,1999.0
2959,Tyrone Tyrin Wallace,United States of America,196.0,Guard,0,1,0,unmatched,1994.0
2960,Tyrin Mike Isiaha,Canada,200.0,Forward,0,1,0,unmatched,1997.0
2961,Arijan Lakic,Serbia,199.0,Forward,0,1,0,unmatched,2000.0
2962,Mitar Bosnjakovic,Serbia,196.0,Guard,0,1,0,unmatched,2006.0
2963,Carlik Anthony Jones,United States of America,183.0,Guard,0,1,0,unmatched,1997.0
2964,Arturs Martins Zagars,Latvia,190.0,Guard,0,1,0,unmatched,2000.0
2965,Kevin Jan Yebo,Germany,207.0,Center,0,1,0,unmatched,1996.0
2966,Uros Plavsic,Serbia,217.0,Center,0,1,0,unmatched,1998.0
2967,Ndiaye Ousmane,Senegal,210.0,Center,0,1,0,unmatched,2004.0
2968,Kamar Malik Baldwin,United States of America,185.0,Guard,0,1,0,unmatched,1997.0
2969,Landon Trent Forrest,United States of America,193.0,Guard,0,1,0,unmatched,1998.0
2970,Pavel Savkov,Russian Federation,202.0,Forward,0,1,0,unmatched,2002.0
2971,Joseba Querejeta,Spain,190.0,Guard,0,1,0,unmatched,2003.0
2972,Vittorio Brown,United States of America,203.0,Forward,0,1,0,unmatched,1995.0
2973,Mathieu Begarin Juhann,France,196.0,Forward,0,1,0,unmatched,2002.0
2974,Stanley Herbert Johnson Ii,United States of America,201.0,Forward,0,1,0,unmatched,1996.0
2975,Jordan Ifeanyi Nwora,United States of America,203.0,Forward,0,1,0,unmatched,1998.0
2976,Matteo Baiocchi,Italy,196.0,Guard,0,1,0,unmatched,2007.0
2977,Kessler Donovan Edwards,United States of America,204.0,Forward,0,1,0,unmatched,2000.0
2978,Cory Ephram Joseph,Canada,188.0,Guard,0,1,0,unmatched,1991.0
2979,Braian Alexander Angola Rodas,Colombia,198.0,Forward,0,1,0,unmatched,1994.0
2980,Junior Christopher Obame Correia Silva,Gabon,203.0,Center,0,1,0,unmatched,1996.0
2981,Paul Herman Eboua,Cameroon,203.0,Center,0,1,0,unmatched,2000.0
2982,Francesco Ferrari,Italy,204.0,Forward,0,1,0,unmatched,2005.0
2983,Cameron Payne,United States of America,191.0,Guard,1,1,1,exact,1994.0
2984,Monte Morris Morris,United States of America,188.0,Guard,0,1,0,unmatched,1995.0
2985,Eugene Omoruyi,Canada,198.0,Center,1,1,1,exact,1997.0
2986,Zachary Scott Hankins,United States of America,211.0,Center,0,1,0,unmatched,1996.0
2987,Gytis Radzevicius,Lithuania,198.0,Guard,0,1,0,unmatched,1995.0
2988,Matthew Jared Melmoth Rhoden,United States of America,198.0,Guard,0,1,0,unmatched,1999.0
2989,Matthew Richard Ryan,United States of America,198.0,Forward,0,1,0,unmatched,1997.0
2990,Oleksii Len,Ukraine,213.0,Center,0,1,0,unmatched,1993.0
2991,Braxton Ellis Key,United States of America,203.0,Forward,0,1,0,unmatched,1997.0
2992,Jared Gladwyn Butler,United States of America,191.0,Guard,0,1,0,unmatched,2000.0
2993,Spencer Gray Dinwiddie,United States of America,196.0,Guard,0,1,0,unmatched,1993.0
2994,Rejean Amor Ellis,United States of America,188.0,Guard,0,1,0,unmatched,2000.0
2995,Kobi Simmons,United States of America,192.0,Guard,1,1,1,exact,1997.0
2996,Uros Mijailovic,Serbia,197.0,Forward,0,1,0,unmatched,2008.0
2997,Taran Jet Armstrong,Australia,196.0,Guard,0,1,0,unmatched,2002.0
2998,Leonardo Tote,Italy,212.0,Center,0,1,0,unmatched,1997.0
2999,Kajus Mikalauskas,Lithuania,191.0,Guard,0,1,0,unmatched,2007.0
3000,Mehdy Sofian Ngouama,France,188.0,Guard,0,1,0,unmatched,1995.0
3001,Matteo Accorsi,Italy,191.0,Guard,0,1,0,unmatched,2007.0
3002,Gunars Grinvalds,Latvia,200.0,Forward,0,1,0,unmatched,2008.0
3003,Miikka Oliveri Muurinen,Finland,210.0,Forward,0,1,0,unmatched,2007.0
3004,Miles Benjamin Norris,United States of America,201.0,Forward,0,1,0,unmatched,2000.0
3005,Myles Alexander Cale,United States of America,198.0,Forward,0,1,0,unmatched,1999.0
3006,Juan Ignacio Marcos,Italy,190.0,Guard,0,1,0,unmatched,2000.0
3007,Ikenna Ugochukwu Iroegbu,Nigeria,188.0,Guard,0,1,0,unmatched,1995.0
3008,Isaac Nogues Gonzalez,Spain,195.0,Guard,0,1,0,unmatched,2004.0
3009,Nikola Kusturica,Serbia,205.0,Forward,0,1,0,unmatched,2009.0
3010,Sayon K Keita,Mali,214.0,Center,0,1,0,unmatched,2008.0
3011,Oshae J Brissett,Canada,201.0,Forward,0,1,0,unmatched,1998.0
3012,Adam Atamna,France,195.0,Guard,0,1,0,unmatched,2007.0
3013,Talen Jalee Tucker,United States of America,193.0,Guard,0,1,0,unmatched,2000.0
3014,Jeffrey Lee Dowtin Jr,United States of America,191.0,Guard,0,1,0,unmatched,1997.0
3015,Omiros Netzipoglou,Greece,193.0,Guard,0,1,0,unmatched,2002.0
3016,Clifford Iyobosa Omoruyi,Nigeria,211.0,Center,0,1,0,unmatched,2001.0
3017,Gur Gur El Lavi,Israel,200.0,Forward,0,1,0,unmatched,2001.0
3018,Markquis Morris Nowell,United States of America,170.0,Guard,0,1,0,unmatched,1999.0
3019,Trey Lyles,Canada,206.0,Forward,1,1,1,exact,1995.0
3020,"Jean Michel, Ayte, Oluwa Toby Ayayi Joel",France,196.0,Guard,0,1,0,unmatched,2000.0
3021,Omari Kamau Moore,United States of America,198.0,Guard,0,1,0,unmatched,2000.0
3022,Yankuba Sima Fatty,Spain,209.0,Center,0,1,0,unmatched,1996.0
3023,Azuolas Tubelis,Lithuania,208.0,Forward,0,1,0,unmatched,2002.0
3024,Aliou Fadiala Diarra,Mali,206.0,Center,0,1,0,unmatched,2001.0
3025,Ishmail Carzell Wainriight,United States of America,196.0,Forward,0,1,0,unmatched,1994.0
3026,Quinn Alistair Ellis,United Kingdom,195.0,Guard,0,1,0,unmatched,2003.0
3027,Kenan Kamenjas,Bosnia and Herzegovina,207.0,Center,0,1,0,unmatched,2000.0
3028,Ognjen Radosic,Serbia,196.0,Guard,0,1,0,unmatched,2006.0
3029,Stefan Joksimovic,Slovenia,194.0,Forward,0,1,0,unmatched,2008.0
3030,Juom Maker Bol Meen,Spain,208.0,Center,0,1,0,unmatched,2008.0
3031,Sarper David Mutaf,Turkiye,198.0,Guard,0,1,0,unmatched,2002.0
3032,Kai Martinez Jones,Bahamas,211.0,Center,0,1,0,unmatched,2001.0
3033,Stefan Miljenovic,Serbia,193.0,Guard,0,1,0,unmatched,2001.0
3034,Zachary Todd Seljaas,United States of America,200.0,Center,0,1,0,unmatched,1997.0
3035,Hamidou Diallo,United States of America,196.0,Forward,1,1,1,exact,1998.0
3036,David Benoit Michineau,France,194.0,Guard,0,1,0,unmatched,1994.0
3037,Mckinley Wright Iv,United States of America,180.0,Guard,1,1,1,exact,1998.0
3038,Mfiondu Tshimanga Kabengele,Canada,208.0,Center,0,1,0,unmatched,1997.0
3039,Kosta Kondic,Serbia,193.0,Guard,0,1,0,unmatched,2001.0
3040,Ebuka Rufus Izundu,Nigeria,208.0,Center,0,1,0,unmatched,1996.0
3041,Devonte Terrell Graham,United States of America,185.0,Guard,0,1,0,unmatched,1995.0
3042,Mamadi Diakite,Guinea,210.0,Center,1,1,1,exact,1997.0
3043,Clement Frisch,France,201.0,Forward,0,1,0,unmatched,2002.0
3044,Cole Alexander Swider,United States of America,206.0,Forward,0,1,0,unmatched,1999.0
3045,Brice Pierre Simon Dessert,France,211.0,Center,0,1,0,unmatched,2003.0
3046,Vlatko Cancar,Slovenia,203.0,Forward,1,1,1,exact,1997.0
3047,Justinian Lewis Jessup,United States of America,198.0,Guard,0,1,0,unmatched,1998.0
3048,Brandon Elliott Boston Jr,United States of America,198.0,Guard,0,1,0,unmatched,2001.0
3049,Armando Linwood Bacot Jr.,United States of America,208.0,Center,0,1,0,unmatched,2000.0
3050,Tomer Ginat,Israel,205.0,Forward,0,1,0,unmatched,1994.0
3051,Tai Osazeeonamen Odiase,United States of America,206.0,Center,0,1,0,unmatched,1995.0
3052,Bar Timor,Israel,191.0,Guard,0,1,0,unmatched,1992.0
3053,Guy Palatin,Israel,195.0,Guard,0,1,0,unmatched,2000.0
3054,Antonio Davon Blakeney,United States of America,193.0,Guard,0,1,0,unmatched,1996.0
3055,Bastien Vautier,France,210.0,Center,0,1,0,unmatched,1998.0
3056,Glynn Juwan Watson,United States of America,183.0,Guard,0,1,0,unmatched,1997.0
3057,Bodian Massa,France,210.0,Forward,0,1,0,unmatched,1997.0
3058,Ty Jacob Leaf,United States of America,208.0,Forward,0,1,0,unmatched,1997.0
3059,Marcio Henrique Da Costa Santos,Brazil,204.0,Center,0,1,0,unmatched,2002.0
3060,Ioannis Kouzeloglou,Greece,204.0,Center,0,1,0,unmatched,1995.0
3061,Richaun Diante Holmes,United States of America,206.0,Center,0,1,0,unmatched,1993.0
3062,Jeremy Michael Morgan,United States of America,199.0,Forward,0,1,0,unmatched,1995.0
3063,Mouhamed Faye,Senegal,209.0,Center,0,1,0,unmatched,2005.0
3064,Allan Dokossi,France,203.0,Center,0,1,0,unmatched,1999.0
3065,Lamar Brandon Stevens,United States of America,198.0,Forward,0,1,0,unmatched,1997.0
3066,Justin Maurice Robinson,United States of America,185.0,Guard,0,1,0,unmatched,1997.0
3067,Malik Benjamin Milton,United States of America,196.0,Guard,0,1,0,unmatched,1996.0
3068,Izan Almansa,Spain,208.0,Forward,0,1,0,unmatched,2005.0
3069,Chukwuma Julian Okeke,United States of America,201.0,Center,0,1,0,unmatched,1998.0
3070,Jean Claudio Montero Berroa,Dominican Republic,188.0,Guard,0,1,0,unmatched,2003.0
3071,Karim Johannes Jallow,Germany,198.0,Forward,0,1,0,unmatched,1997.0
3072,Derrick Samuel Alston Jr.,United States of America,207.0,Forward,0,1,0,unmatched,1997.0
3073,Brandon Charles Malik Taylor,United States of America,178.0,Guard,0,1,0,unmatched,1994.0
3074,Saliou Niang,Italy,199.0,Forward,0,1,0,unmatched,2004.0
3075,Dustin Nathaniel Sleva,United States of America,203.0,Forward,0,1,0,unmatched,1995.0
